-- MySQL dump 10.13  Distrib 8.0.27, for Linux (x86_64)
--
-- Host: localhost    Database: meat
-- ------------------------------------------------------
-- Server version	8.0.27-0ubuntu0.20.04.1

/*!40101 SET @OLD_CHARACTER_SET_CLIENT=@@CHARACTER_SET_CLIENT */;
/*!40101 SET @OLD_CHARACTER_SET_RESULTS=@@CHARACTER_SET_RESULTS */;
/*!40101 SET @OLD_COLLATION_CONNECTION=@@COLLATION_CONNECTION */;
/*!50503 SET NAMES utf8mb4 */;
/*!40103 SET @OLD_TIME_ZONE=@@TIME_ZONE */;
/*!40103 SET TIME_ZONE='+00:00' */;
/*!40014 SET @OLD_UNIQUE_CHECKS=@@UNIQUE_CHECKS, UNIQUE_CHECKS=0 */;
/*!40014 SET @OLD_FOREIGN_KEY_CHECKS=@@FOREIGN_KEY_CHECKS, FOREIGN_KEY_CHECKS=0 */;
/*!40101 SET @OLD_SQL_MODE=@@SQL_MODE, SQL_MODE='NO_AUTO_VALUE_ON_ZERO' */;
/*!40111 SET @OLD_SQL_NOTES=@@SQL_NOTES, SQL_NOTES=0 */;

--
-- Table structure for table `auth_group`
--

DROP TABLE IF EXISTS `auth_group`;
/*!40101 SET @saved_cs_client     = @@character_set_client */;
/*!50503 SET character_set_client = utf8mb4 */;
CREATE TABLE `auth_group` (
  `id` int NOT NULL AUTO_INCREMENT,
  `name` varchar(150) NOT NULL,
  PRIMARY KEY (`id`),
  UNIQUE KEY `name` (`name`)
) ENGINE=InnoDB DEFAULT CHARSET=latin1;
/*!40101 SET character_set_client = @saved_cs_client */;

--
-- Dumping data for table `auth_group`
--

LOCK TABLES `auth_group` WRITE;
/*!40000 ALTER TABLE `auth_group` DISABLE KEYS */;
/*!40000 ALTER TABLE `auth_group` ENABLE KEYS */;
UNLOCK TABLES;

--
-- Table structure for table `auth_group_permissions`
--

DROP TABLE IF EXISTS `auth_group_permissions`;
/*!40101 SET @saved_cs_client     = @@character_set_client */;
/*!50503 SET character_set_client = utf8mb4 */;
CREATE TABLE `auth_group_permissions` (
  `id` int NOT NULL AUTO_INCREMENT,
  `group_id` int NOT NULL,
  `permission_id` int NOT NULL,
  PRIMARY KEY (`id`),
  UNIQUE KEY `auth_group_permissions_group_id_permission_id_0cd325b0_uniq` (`group_id`,`permission_id`),
  KEY `auth_group_permissio_permission_id_84c5c92e_fk_auth_perm` (`permission_id`),
  CONSTRAINT `auth_group_permissio_permission_id_84c5c92e_fk_auth_perm` FOREIGN KEY (`permission_id`) REFERENCES `auth_permission` (`id`) ON DELETE RESTRICT ON UPDATE RESTRICT,
  CONSTRAINT `auth_group_permissions_group_id_b120cbf9_fk_auth_group_id` FOREIGN KEY (`group_id`) REFERENCES `auth_group` (`id`) ON DELETE RESTRICT ON UPDATE RESTRICT
) ENGINE=InnoDB DEFAULT CHARSET=latin1;
/*!40101 SET character_set_client = @saved_cs_client */;

--
-- Dumping data for table `auth_group_permissions`
--

LOCK TABLES `auth_group_permissions` WRITE;
/*!40000 ALTER TABLE `auth_group_permissions` DISABLE KEYS */;
/*!40000 ALTER TABLE `auth_group_permissions` ENABLE KEYS */;
UNLOCK TABLES;

--
-- Table structure for table `auth_permission`
--

DROP TABLE IF EXISTS `auth_permission`;
/*!40101 SET @saved_cs_client     = @@character_set_client */;
/*!50503 SET character_set_client = utf8mb4 */;
CREATE TABLE `auth_permission` (
  `id` int NOT NULL AUTO_INCREMENT,
  `name` varchar(255) NOT NULL,
  `content_type_id` int NOT NULL,
  `codename` varchar(100) NOT NULL,
  PRIMARY KEY (`id`),
  UNIQUE KEY `auth_permission_content_type_id_codename_01ab375a_uniq` (`content_type_id`,`codename`),
  CONSTRAINT `auth_permission_content_type_id_2f476e4b_fk_django_co` FOREIGN KEY (`content_type_id`) REFERENCES `django_content_type` (`id`) ON DELETE RESTRICT ON UPDATE RESTRICT
) ENGINE=InnoDB AUTO_INCREMENT=103 DEFAULT CHARSET=latin1;
/*!40101 SET character_set_client = @saved_cs_client */;

--
-- Dumping data for table `auth_permission`
--

LOCK TABLES `auth_permission` WRITE;
/*!40000 ALTER TABLE `auth_permission` DISABLE KEYS */;
INSERT INTO `auth_permission` VALUES (1,'Can add log entry',1,'add_logentry'),(2,'Can change log entry',1,'change_logentry'),(3,'Can delete log entry',1,'delete_logentry'),(4,'Can add permission',2,'add_permission'),(5,'Can change permission',2,'change_permission'),(6,'Can delete permission',2,'delete_permission'),(7,'Can add group',3,'add_group'),(8,'Can change group',3,'change_group'),(9,'Can delete group',3,'delete_group'),(10,'Can add content type',4,'add_contenttype'),(11,'Can change content type',4,'change_contenttype'),(12,'Can delete content type',4,'delete_contenttype'),(13,'Can add session',5,'add_session'),(14,'Can change session',5,'change_session'),(15,'Can delete session',5,'delete_session'),(16,'Can add user',6,'add_user'),(17,'Can change user',6,'change_user'),(18,'Can delete user',6,'delete_user'),(19,'Can add otp data',7,'add_otpdata'),(20,'Can change otp data',7,'change_otpdata'),(21,'Can delete otp data',7,'delete_otpdata'),(22,'Can add vendor data',8,'add_vendordata'),(23,'Can change vendor data',8,'change_vendordata'),(24,'Can delete vendor data',8,'delete_vendordata'),(25,'Can add booking',9,'add_booking'),(26,'Can change booking',9,'change_booking'),(27,'Can delete booking',9,'delete_booking'),(28,'Can add category data',10,'add_categorydata'),(29,'Can change category data',10,'change_categorydata'),(30,'Can delete category data',10,'delete_categorydata'),(31,'Can add sub category data',11,'add_subcategorydata'),(32,'Can change sub category data',11,'change_subcategorydata'),(33,'Can delete sub category data',11,'delete_subcategorydata'),(34,'Can add vendor category data',12,'add_vendorcategorydata'),(35,'Can change vendor category data',12,'change_vendorcategorydata'),(36,'Can delete vendor category data',12,'delete_vendorcategorydata'),(37,'Can add invoice',13,'add_invoice'),(38,'Can change invoice',13,'change_invoice'),(39,'Can delete invoice',13,'delete_invoice'),(40,'Can add executive data',14,'add_executivedata'),(41,'Can change executive data',14,'change_executivedata'),(42,'Can delete executive data',14,'delete_executivedata'),(43,'Can add vendor image data',15,'add_vendorimagedata'),(44,'Can change vendor image data',15,'change_vendorimagedata'),(45,'Can delete vendor image data',15,'delete_vendorimagedata'),(46,'Can add vendor certificate data',16,'add_vendorcertificatedata'),(47,'Can change vendor certificate data',16,'change_vendorcertificatedata'),(48,'Can delete vendor certificate data',16,'delete_vendorcertificatedata'),(49,'Can add vendor sub category data',17,'add_vendorsubcategorydata'),(50,'Can change vendor sub category data',17,'change_vendorsubcategorydata'),(51,'Can delete vendor sub category data',17,'delete_vendorsubcategorydata'),(52,'Can add setting data',18,'add_settingdata'),(53,'Can change setting data',18,'change_settingdata'),(54,'Can delete setting data',18,'delete_settingdata'),(55,'Can add vendor offer data',19,'add_vendorofferdata'),(56,'Can change vendor offer data',19,'change_vendorofferdata'),(57,'Can delete vendor offer data',19,'delete_vendorofferdata'),(58,'Can add option data',20,'add_optiondata'),(59,'Can change option data',20,'change_optiondata'),(60,'Can delete option data',20,'delete_optiondata'),(61,'Can add order data',21,'add_orderdata'),(62,'Can change order data',21,'change_orderdata'),(63,'Can delete order data',21,'delete_orderdata'),(64,'Can add order services',22,'add_orderservices'),(65,'Can change order services',22,'change_orderservices'),(66,'Can delete order services',22,'delete_orderservices'),(67,'Can add address data',23,'add_addressdata'),(68,'Can change address data',23,'change_addressdata'),(69,'Can delete address data',23,'delete_addressdata'),(70,'Can add admin user data',24,'add_adminuserdata'),(71,'Can change admin user data',24,'change_adminuserdata'),(72,'Can delete admin user data',24,'delete_adminuserdata'),(73,'Can add charge setting data',25,'add_chargesettingdata'),(74,'Can change charge setting data',25,'change_chargesettingdata'),(75,'Can delete charge setting data',25,'delete_chargesettingdata'),(76,'Can add banner data',26,'add_bannerdata'),(77,'Can change banner data',26,'change_bannerdata'),(78,'Can delete banner data',26,'delete_bannerdata'),(79,'Can view log entry',1,'view_logentry'),(80,'Can view permission',2,'view_permission'),(81,'Can view group',3,'view_group'),(82,'Can view content type',4,'view_contenttype'),(83,'Can view session',5,'view_session'),(84,'Can view user',6,'view_user'),(85,'Can view otp data',7,'view_otpdata'),(86,'Can view vendor data',8,'view_vendordata'),(87,'Can view executive data',14,'view_executivedata'),(88,'Can view vendor image data',15,'view_vendorimagedata'),(89,'Can view vendor certificate data',16,'view_vendorcertificatedata'),(90,'Can view option data',20,'view_optiondata'),(91,'Can view address data',23,'view_addressdata'),(92,'Can view admin user data',24,'view_adminuserdata'),(93,'Can view charge setting data',25,'view_chargesettingdata'),(94,'Can view banner data',26,'view_bannerdata'),(95,'Can view category data',10,'view_categorydata'),(96,'Can view sub category data',11,'view_subcategorydata'),(97,'Can view vendor sub category data',17,'view_vendorsubcategorydata'),(98,'Can view setting data',18,'view_settingdata'),(99,'Can view vendor offer data',19,'view_vendorofferdata'),(100,'Can view order data',21,'view_orderdata'),(101,'Can view order services',22,'view_orderservices'),(102,'Can view invoice',13,'view_invoice');
/*!40000 ALTER TABLE `auth_permission` ENABLE KEYS */;
UNLOCK TABLES;

--
-- Table structure for table `category_categorydata`
--

DROP TABLE IF EXISTS `category_categorydata`;
/*!40101 SET @saved_cs_client     = @@character_set_client */;
/*!50503 SET character_set_client = utf8mb4 */;
CREATE TABLE `category_categorydata` (
  `id` int NOT NULL AUTO_INCREMENT,
  `name` varchar(250) NOT NULL,
  `is_active` tinyint(1) NOT NULL,
  `image` varchar(100) DEFAULT NULL,
  `created` datetime(6) NOT NULL,
  `modified` datetime(6) NOT NULL,
  PRIMARY KEY (`id`)
) ENGINE=InnoDB AUTO_INCREMENT=11 DEFAULT CHARSET=latin1;
/*!40101 SET character_set_client = @saved_cs_client */;

--
-- Dumping data for table `category_categorydata`
--

LOCK TABLES `category_categorydata` WRITE;
/*!40000 ALTER TABLE `category_categorydata` DISABLE KEYS */;
INSERT INTO `category_categorydata` VALUES (1,'Chicken',1,'Meats4All_11_ZCECVuW.png','2020-05-27 09:59:25.317642','2021-02-03 14:23:04.470523'),(2,'Lamb',1,'Meats4All_5_OyVyw0g.png','2020-05-27 11:20:39.655976','2021-02-03 14:23:29.556871'),(3,'Fish',1,'Meats4All_4_QMkKTkn.png','2020-05-27 12:12:05.854259','2021-02-03 14:23:37.183786'),(4,'Sheep',1,'Meats4All_3_6Rp5UT8.png','2020-05-27 12:41:17.563372','2021-02-03 14:23:49.066366'),(5,'Beef',1,'Meats4All_6_E1khL2O.png','2020-05-27 12:42:51.118456','2021-02-03 14:23:56.849922'),(6,'Marinated',1,'Meats4All_7_Qf2IDLN.png','2020-06-09 12:52:15.527453','2021-02-03 14:24:06.779121'),(7,'Groceries',1,'Meats4All_8_Uuod6N8.png','2020-06-09 12:52:29.895496','2021-02-03 14:24:17.045404'),(8,'Sea Food',1,'Meats4All_10_kDjUkuU.png','2020-06-09 15:33:46.337882','2021-05-09 16:10:00.256364'),(9,'Sausages',0,'Sausages-2.png','2020-10-12 14:37:40.063450','2021-07-11 07:10:19.215810'),(10,'BBQ',0,'','2021-08-19 07:55:23.946435','2021-08-19 07:58:54.078344');
/*!40000 ALTER TABLE `category_categorydata` ENABLE KEYS */;
UNLOCK TABLES;

--
-- Table structure for table `category_orderdata`
--

DROP TABLE IF EXISTS `category_orderdata`;
/*!40101 SET @saved_cs_client     = @@character_set_client */;
/*!50503 SET character_set_client = utf8mb4 */;
CREATE TABLE `category_orderdata` (
  `id` int NOT NULL AUTO_INCREMENT,
  `status` int unsigned NOT NULL,
  `is_home_delivery` tinyint(1) NOT NULL,
  `drop_address` longtext,
  `drop_latitude` decimal(9,7) DEFAULT NULL,
  `drop_longitude` decimal(9,7) DEFAULT NULL,
  `notes` longtext,
  `discount` decimal(7,2) DEFAULT NULL,
  `supplier_fee` decimal(7,2) DEFAULT NULL,
  `packing_charge` decimal(7,2) DEFAULT NULL,
  `mile_charge` decimal(7,2) DEFAULT NULL,
  `driver_charge` decimal(7,2) DEFAULT NULL,
  `tax` decimal(7,2) DEFAULT NULL,
  `total` decimal(7,2) DEFAULT NULL,
  `total_bill` decimal(7,2) DEFAULT NULL,
  `firebase_key` varchar(100) DEFAULT NULL,
  `cancel_reason` longtext,
  `executive_rating` smallint unsigned DEFAULT NULL,
  `executive_feedback` longtext,
  `vendor_rating` smallint unsigned DEFAULT NULL,
  `vendor_feedback` longtext,
  `created` datetime(6) NOT NULL,
  `modified` datetime(6) NOT NULL,
  `delivery_boy_id` int DEFAULT NULL,
  `invoice_id` int DEFAULT NULL,
  `user_id` int DEFAULT NULL,
  `vendor_id` int DEFAULT NULL,
  `custom_id` longtext,
  `offer_id` varchar(100),
  `title` longtext,
  `delivery_image` varchar(100) DEFAULT NULL,
  `assigned_executive` tinyint(1) NOT NULL,
  `latitude` decimal(9,7) DEFAULT NULL,
  `longitude` decimal(9,7) DEFAULT NULL,
  `driver_amount` varchar(100) DEFAULT NULL,
  `tip` varchar(100),
  `booking_slot` longtext NOT NULL,
  `payment_status` int unsigned NOT NULL,
  `driver_amount_per` varchar(100),
  `meat4all_amount` varchar(100),
  `vendor_amount` varchar(100),
  `vendor_amount_per` varchar(100),
  `meat4all_driver_amount` varchar(100),
  `stripe_payment_id` varchar(250) DEFAULT NULL,
  `order_date` date DEFAULT NULL,
  `skype_amount` decimal(7,2) DEFAULT NULL,
  `sub_total_1` decimal(7,2) DEFAULT NULL,
  `service_fee_deducted` decimal(7,2) DEFAULT NULL,
  `delivery_charge_deducted` decimal(7,2) DEFAULT NULL,
  `customer_transaction_value` decimal(7,2) DEFAULT NULL,
  `meat4all_platform_fee_20_percent` decimal(7,2) DEFAULT NULL,
  `sub_total_2` decimal(7,2) DEFAULT NULL,
  `stripe_payout_charge_vendor` decimal(7,2) DEFAULT NULL,
  `vendor_payout` decimal(7,2) DEFAULT NULL,
  `stripe_payout_charge_driver` decimal(7,2) DEFAULT NULL,
  `driver_payout` decimal(7,2) DEFAULT NULL,
  `platform_fee_driver` decimal(7,2) DEFAULT NULL,
  `total_m4a_amount` decimal(7,2) DEFAULT NULL,
  `net_value_m4a` decimal(7,2) DEFAULT NULL,
  `payout_status` int DEFAULT NULL,
  `driver_payout_status` int DEFAULT '1',
  `category_orderdatacol` varchar(45) DEFAULT NULL,
  PRIMARY KEY (`id`),
  KEY `category_orderdata_invoice_id_8f9bd790_fk_payment_invoice_id` (`invoice_id`),
  KEY `category_orderdata_vendor_id_11a17415_fk_user_vendordata_id` (`vendor_id`),
  KEY `category_orderdata_user_id_7565c4d5_fk_user_user_id` (`user_id`),
  KEY `category_orderdata_delivery_boy_id_e69861d9_fk_user_exec` (`delivery_boy_id`),
  CONSTRAINT `category_orderdata_delivery_boy_id_e69861d9_fk_user_exec` FOREIGN KEY (`delivery_boy_id`) REFERENCES `user_executivedata` (`id`) ON DELETE RESTRICT ON UPDATE RESTRICT,
  CONSTRAINT `category_orderdata_invoice_id_8f9bd790_fk_payment_invoice_id` FOREIGN KEY (`invoice_id`) REFERENCES `payment_invoice` (`id`) ON DELETE RESTRICT ON UPDATE RESTRICT,
  CONSTRAINT `category_orderdata_user_id_7565c4d5_fk_user_user_id` FOREIGN KEY (`user_id`) REFERENCES `user_user` (`id`) ON DELETE RESTRICT ON UPDATE RESTRICT,
  CONSTRAINT `category_orderdata_vendor_id_11a17415_fk_user_vendordata_id` FOREIGN KEY (`vendor_id`) REFERENCES `user_vendordata` (`id`) ON DELETE RESTRICT ON UPDATE RESTRICT
) ENGINE=InnoDB AUTO_INCREMENT=340 DEFAULT CHARSET=latin1;
/*!40101 SET character_set_client = @saved_cs_client */;

--
-- Dumping data for table `category_orderdata`
--

LOCK TABLES `category_orderdata` WRITE;
/*!40000 ALTER TABLE `category_orderdata` DISABLE KEYS */;
INSERT INTO `category_orderdata` VALUES (210,2,1,'6, Abbey, Abbey Lane, Leicester, United Kingdom, LE4 5QU',52.6554078,-1.1360697,'',0.00,0.00,1.99,3.00,NULL,NULL,9.50,14.49,NULL,NULL,NULL,NULL,NULL,NULL,'2021-05-31 18:46:46.318099','2021-05-31 19:21:56.808671',NULL,NULL,243,22,'M4A00210','0','HOME','',0,52.6257960,-1.1090501,'0','0','6 PM - 8 PM',1,'0','0','0','0','0',NULL,NULL,NULL,NULL,NULL,NULL,NULL,NULL,NULL,NULL,NULL,NULL,NULL,NULL,NULL,NULL,3,NULL,NULL),(211,3,1,'6, Abbey, Abbey Lane, Leicester, United Kingdom, LE4 5QU',52.6554078,-1.1360697,'',0.00,0.00,1.99,3.00,NULL,NULL,11.25,16.24,NULL,'We don’t delivery in your area',NULL,NULL,NULL,NULL,'2021-06-01 09:42:19.542317','2021-06-15 18:17:30.025816',NULL,NULL,243,22,'M4A00211','0','HOME','',0,52.6257960,-1.1090501,'0','0','10 AM - 12 PM',1,'0','0','0','0','0',NULL,NULL,NULL,NULL,NULL,NULL,NULL,NULL,NULL,NULL,NULL,NULL,NULL,NULL,NULL,NULL,3,NULL,NULL),(212,1,1,'test iytemm Near uuuu 5, Sum Hospital Rd, Bharatpur, Bhubaneswar, Odisha 751003, India',20.2844005,85.7703246,'',0.00,0.00,1.99,3.00,NULL,NULL,7.48,12.47,NULL,NULL,NULL,NULL,NULL,NULL,'2021-06-02 13:59:23.382909','2021-06-02 13:59:23.402448',NULL,NULL,255,21,'M4A00212','0','test','',0,20.2884458,85.7792283,'0','0','9AM-12PM',1,'0','0','0','0','0',NULL,NULL,NULL,NULL,NULL,NULL,NULL,NULL,NULL,NULL,NULL,NULL,NULL,NULL,NULL,NULL,3,NULL,NULL),(213,7,1,'85, Oadby, Stoughton Road, Leicester, United Kingdom, LE2 4FQ',52.6038506,-1.0776613,'',0.00,0.00,1.99,3.00,NULL,NULL,1.00,5.99,NULL,'Changed My Mind',NULL,NULL,NULL,NULL,'2021-06-05 13:54:39.494286','2021-06-05 13:57:21.209158',NULL,NULL,263,22,'M4A00213','0','HOME','',0,52.6257960,-1.1090501,'0','0','4 PM - 6 PM',1,'0','0','0','0','0',NULL,NULL,NULL,NULL,NULL,NULL,NULL,NULL,NULL,NULL,NULL,NULL,NULL,NULL,NULL,NULL,3,NULL,NULL),(214,2,1,'85, Oadby, Stoughton Road, Leicester, United Kingdom, LE2 4FQ',52.6038506,-1.0776613,'',0.00,0.00,1.99,3.00,NULL,NULL,1.00,5.99,NULL,NULL,NULL,NULL,NULL,NULL,'2021-06-05 14:00:04.115233','2021-06-05 14:00:25.185241',NULL,NULL,263,22,'M4A00214','0','HOME','',0,52.6257960,-1.1090501,'0','0','4 PM - 6 PM',1,'0','0','0','0','0',NULL,NULL,NULL,NULL,NULL,NULL,NULL,NULL,NULL,NULL,NULL,NULL,NULL,NULL,NULL,NULL,3,NULL,NULL),(215,2,1,'109, Keshari Eden Apartment, Lane Number 2, Durga Madhab Nagar, Bharatpur, Bhubaneswar, Odisha 751003, India, Lane 2',20.2888301,85.7771046,'',0.00,0.00,1.99,3.00,NULL,NULL,0.00,5.00,NULL,NULL,NULL,NULL,NULL,NULL,'2021-06-05 18:12:20.696741','2021-06-15 10:05:46.919931',NULL,NULL,253,21,'M4A00215','0','HOME','',0,20.2884458,85.7792283,'0','0','6 PM - 8 PM',3,'0','0','0','0','0',NULL,NULL,NULL,NULL,NULL,NULL,NULL,NULL,NULL,NULL,NULL,NULL,NULL,NULL,NULL,NULL,3,NULL,NULL),(216,6,1,'6, Abbey, Abbey Lane, Leicester, United Kingdom, LE4 5QU',52.6554078,-1.1360697,'',0.00,0.00,1.99,3.00,NULL,NULL,0.50,5.49,NULL,NULL,NULL,NULL,NULL,NULL,'2021-06-06 10:36:06.814768','2021-06-11 10:30:50.724175',15,NULL,243,22,'M4A00216','0','HOME','item_6a6nWnO.jpeg',1,52.6257960,-1.1090501,'2.4','0','2 PM - 4 PM',2,'20','0.1','0.4','20','0.6','pi_1IzJLxBNAGTtTpMZEtXFknS5',NULL,NULL,NULL,NULL,NULL,NULL,NULL,NULL,NULL,NULL,NULL,NULL,NULL,NULL,NULL,3,NULL,NULL),(217,2,1,'6, Abbey, Abbey Lane, Leicester, United Kingdom, LE4 5QU',52.6554078,-1.1360697,'',0.00,0.00,1.99,3.00,NULL,NULL,14.00,18.99,NULL,NULL,NULL,NULL,NULL,NULL,'2021-06-07 11:50:39.141532','2021-06-07 11:51:12.032195',NULL,NULL,243,22,'M4A00217','0','HOME','',0,52.6257960,-1.1090501,'0','0','2 PM - 4 PM',1,'0','0','0','0','0',NULL,NULL,NULL,NULL,NULL,NULL,NULL,NULL,NULL,NULL,NULL,NULL,NULL,NULL,NULL,NULL,3,NULL,NULL),(218,3,1,'6, Abbey, Abbey Lane, Leicester, United Kingdom, LE4 5QU',52.6554078,-1.1360697,'',0.00,0.00,3.98,3.00,NULL,NULL,41.00,47.98,NULL,'We don’t delivery in your area',NULL,NULL,NULL,NULL,'2021-06-07 18:40:20.205169','2021-06-15 18:17:24.068822',NULL,NULL,243,22,'M4A00218','0','HOME','',0,52.6257960,-1.1090501,'0','0','6 PM - 8 PM',1,'0','0','0','0','0',NULL,NULL,NULL,NULL,NULL,NULL,NULL,NULL,NULL,NULL,NULL,NULL,NULL,NULL,NULL,NULL,3,NULL,NULL),(219,3,1,'3, Abbey, Wolsey Island Way, Leicester, United Kingdom, LE4 5EY',52.6487121,-1.1321500,'',0.00,0.00,3.98,3.00,NULL,NULL,17.50,24.48,NULL,'Temporarily Closed',NULL,NULL,NULL,NULL,'2021-06-10 15:59:39.884855','2021-06-15 18:17:18.808659',NULL,NULL,243,22,'M4A00219','0','HOME','',0,52.6257960,-1.1090501,'0','0','6 PM - 8 PM',1,'0','0','0','0','0',NULL,NULL,NULL,NULL,NULL,NULL,NULL,NULL,NULL,NULL,NULL,NULL,NULL,NULL,NULL,NULL,3,NULL,NULL),(220,3,1,'3, Abbey, Wolsey Island Way, Leicester, United Kingdom, LE4 5EY',52.6487121,-1.1321500,'',0.00,0.00,1.99,3.00,NULL,NULL,6.50,11.49,NULL,'Sorry Not in Stock',NULL,NULL,NULL,NULL,'2021-06-10 16:00:48.047002','2021-06-15 18:17:10.971182',NULL,NULL,243,22,'M4A00220','0','HOME','',0,52.6257960,-1.1090501,'0','0','6 PM - 8 PM',1,'0','0','0','0','0',NULL,NULL,NULL,NULL,NULL,NULL,NULL,NULL,NULL,NULL,NULL,NULL,NULL,NULL,NULL,NULL,NULL,NULL,NULL),(221,2,1,'3, Abbey, Wolsey Island Way, Leicester, United Kingdom, LE4 5EY',52.6487121,-1.1321500,'',0.00,0.00,1.99,3.00,NULL,NULL,7.75,12.74,NULL,NULL,NULL,NULL,NULL,NULL,'2021-06-10 16:02:26.070880','2021-06-13 18:57:02.757102',NULL,NULL,243,22,'M4A00221','0','HOME','',0,52.6257960,-1.1090501,'0','0','6 PM - 8 PM',1,'0','0','0','0','0',NULL,NULL,NULL,NULL,NULL,NULL,NULL,NULL,NULL,NULL,NULL,NULL,NULL,NULL,NULL,NULL,NULL,NULL,NULL),(222,7,1,'3, Abbey, Wolsey Island Way, Leicester, United Kingdom, LE4 5EY',52.6487121,-1.1321500,'',0.00,0.00,1.99,3.00,NULL,NULL,6.50,11.49,NULL,'Ordered By Mistake',NULL,NULL,NULL,NULL,'2021-06-10 16:03:20.039966','2021-06-10 16:04:39.325678',NULL,NULL,243,22,'M4A00222','0','HOME','',0,52.6257960,-1.1090501,'0','0','6 PM - 8 PM',1,'0','0','0','0','0',NULL,NULL,NULL,NULL,NULL,NULL,NULL,NULL,NULL,NULL,NULL,NULL,NULL,NULL,NULL,NULL,NULL,NULL,NULL),(223,7,1,'3, Abbey, Wolsey Island Way, Leicester, United Kingdom, LE4 5EY',52.6487121,-1.1321500,'',0.00,0.00,1.99,3.00,NULL,NULL,6.50,11.49,NULL,'Ordered By Mistake',NULL,NULL,NULL,NULL,'2021-06-10 16:05:00.245052','2021-06-10 16:07:30.071304',NULL,NULL,243,22,'M4A00223','0','HOME','',0,52.6257960,-1.1090501,'0','0','6 PM - 8 PM',1,'0','0','0','0','0',NULL,NULL,NULL,NULL,NULL,NULL,NULL,NULL,NULL,NULL,NULL,NULL,NULL,NULL,NULL,NULL,NULL,NULL,NULL),(224,1,1,'test iytemm Near uuuu 5, Sum Hospital Rd, Bharatpur, Bhubaneswar, Odisha 751003, India',20.2844005,85.7703246,'',0.00,0.00,1.99,4.00,NULL,NULL,3.99,9.98,NULL,NULL,NULL,NULL,NULL,NULL,'2021-06-11 06:25:53.875105','2021-06-11 06:25:53.889773',NULL,NULL,255,21,'M4A00224','0','test','',0,20.2884458,85.7792283,'0','0','9AM-12PM',1,'0','0','0','0','0',NULL,NULL,NULL,NULL,NULL,NULL,NULL,NULL,NULL,NULL,NULL,NULL,NULL,NULL,NULL,NULL,NULL,NULL,NULL),(225,2,1,'3, Abbey, Wolsey Island Way, Leicester, United Kingdom, LE4 5EY',52.6487121,-1.1321500,'',0.00,0.00,1.99,3.00,NULL,NULL,13.00,17.99,NULL,NULL,NULL,NULL,NULL,NULL,'2021-06-11 12:32:28.223654','2021-06-11 12:33:29.880465',NULL,NULL,243,22,'M4A00225','0','HOME','',0,52.6257960,-1.1090501,'0','0','2 PM - 4 PM',1,'0','0','0','0','0',NULL,NULL,NULL,NULL,NULL,NULL,NULL,NULL,NULL,NULL,NULL,NULL,NULL,NULL,NULL,NULL,NULL,NULL,NULL),(226,2,1,'6, Abbey, Abbey Lane, Leicester, United Kingdom, LE4 5QU',52.6554078,-1.1360697,'',0.00,0.00,1.99,3.00,NULL,NULL,4.75,9.74,NULL,NULL,NULL,NULL,NULL,NULL,'2021-06-11 12:41:00.742060','2021-06-11 12:42:35.595974',NULL,NULL,243,22,'M4A00226','0','HOME','',0,52.6257960,-1.1090501,'0','0','2 PM - 4 PM',1,'0','0','0','0','0',NULL,NULL,NULL,NULL,NULL,NULL,NULL,NULL,NULL,NULL,NULL,NULL,NULL,NULL,NULL,NULL,NULL,NULL,NULL),(227,1,1,'56, N2/165, N2, Block N2, IRC Village, Nayapalli, Bhubaneswar, Odisha 751015, India, roaf',20.2945329,85.8072081,'',0.00,0.00,1.99,3.00,NULL,NULL,0.00,5.00,NULL,NULL,NULL,NULL,NULL,NULL,'2021-06-11 17:56:13.369691','2021-06-11 17:56:13.382705',NULL,NULL,270,21,'M4A00227','0','HOME','',0,20.2884458,85.7792283,'0','0','10 AM - 12 PM',1,'0','0','0','0','0',NULL,NULL,NULL,NULL,NULL,NULL,NULL,NULL,NULL,NULL,NULL,NULL,NULL,NULL,NULL,NULL,NULL,NULL,NULL),(228,1,0,'56, N2/165, N2, Block N2, IRC Village, Nayapalli, Bhubaneswar, Odisha 751015, India, roaf',20.2945329,85.8072081,'',0.00,0.00,1.99,3.00,NULL,NULL,0.02,5.00,NULL,NULL,NULL,NULL,NULL,NULL,'2021-06-11 17:56:46.294728','2021-06-11 17:56:46.306449',NULL,NULL,270,21,'M4A00228','0','HOME','',0,20.2884458,85.7792283,'0','0','10 AM - 12 PM',1,'0','0','0','0','0',NULL,NULL,NULL,NULL,NULL,NULL,NULL,NULL,NULL,NULL,NULL,NULL,NULL,NULL,NULL,NULL,NULL,NULL,NULL),(229,7,1,'6, Abbey, Abbey Lane, Leicester, United Kingdom, LE4 5QU',52.6554078,-1.1360697,'',0.00,0.00,1.99,3.00,NULL,NULL,17.25,22.24,NULL,'Ordered By Mistake',NULL,NULL,NULL,NULL,'2021-06-14 12:08:14.945777','2021-06-15 10:46:45.306524',NULL,NULL,243,22,'M4A00229','0','HOME','',0,52.6257960,-1.1090501,'0','0','2 PM - 4 PM',1,'0','0','0','0','0',NULL,NULL,NULL,NULL,NULL,NULL,NULL,NULL,NULL,NULL,NULL,NULL,NULL,NULL,NULL,NULL,NULL,NULL,NULL),(230,1,1,'109, Keshari Eden Apartment, Lane Number 2, Durga Madhab Nagar, Bharatpur, Bhubaneswar, Odisha 751003, India, Lane 2',20.2888301,85.7771046,'',0.00,0.00,1.99,3.00,NULL,NULL,0.00,5.00,NULL,NULL,NULL,NULL,NULL,NULL,'2021-06-15 09:58:14.916403','2021-06-15 09:58:14.927068',NULL,NULL,253,21,'M4A00230','0','HOME','',0,20.2884458,85.7792283,'0','0','2 PM - 4 PM',1,'0','0','0','0','0',NULL,NULL,NULL,NULL,NULL,NULL,NULL,NULL,NULL,NULL,NULL,NULL,NULL,NULL,NULL,NULL,NULL,NULL,NULL),(231,7,1,'85, Oadby, Stoughton Road, Leicester, United Kingdom, LE2 4FQ',52.6038506,-1.0776613,'',0.00,0.00,1.99,3.00,NULL,NULL,8.50,13.49,NULL,'Changed My Mind',NULL,NULL,NULL,NULL,'2021-06-15 18:23:13.253043','2021-06-15 18:23:27.823644',NULL,NULL,263,22,'M4A00231','0','HOME','',0,52.6257960,-1.1090501,'0','0','6 PM - 8 PM',1,'0','0','0','0','0',NULL,NULL,NULL,NULL,NULL,NULL,NULL,NULL,NULL,NULL,NULL,NULL,NULL,NULL,NULL,NULL,NULL,NULL,NULL),(232,3,1,'85, Oadby, Stoughton Road, Leicester, United Kingdom, LE2 4FQ',52.6038506,-1.0776613,'',0.00,0.00,1.99,3.00,NULL,NULL,8.50,13.49,NULL,'Temporarily Closed',NULL,NULL,NULL,NULL,'2021-06-15 18:42:41.783513','2021-06-15 18:44:46.527283',NULL,NULL,263,22,'M4A00232','0','HOME','',0,52.6257960,-1.1090501,'0','0','6 PM - 8 PM',1,'0','0','0','0','0',NULL,NULL,NULL,NULL,NULL,NULL,NULL,NULL,NULL,NULL,NULL,NULL,NULL,NULL,NULL,NULL,NULL,NULL,NULL),(233,6,1,'85, Oadby, Stoughton Road, Leicester, United Kingdom, LE2 4FQ',52.6038506,-1.0776613,'',0.00,0.00,1.99,3.00,NULL,NULL,8.50,13.49,NULL,NULL,5,'',5,'','2021-06-15 18:51:03.677165','2021-06-15 19:15:20.324802',15,NULL,263,22,'M4A00233','0','HOME','1623780806846.jpg',1,52.6257960,-1.1090501,'2.4','0','6 PM - 8 PM',2,'20','1.7','6.8','20','0.6','pi_1J2gRGBNAGTtTpMZYhmb8tqS',NULL,NULL,NULL,NULL,NULL,NULL,NULL,NULL,NULL,NULL,NULL,NULL,NULL,NULL,NULL,NULL,NULL,NULL),(234,6,1,'1, Abbey, Corbridge Close, Leicester, United Kingdom, LE4 5EF',52.6489257,-1.1323767,'',0.00,0.00,1.99,3.00,NULL,NULL,15.75,20.74,NULL,NULL,3,'',3,'','2021-06-17 14:18:27.451653','2021-06-17 14:34:13.618484',15,NULL,243,22,'M4A00234','0','HOME','1623936607596.jpg',1,52.6257960,-1.1090501,'2.4','0','2 PM - 4 PM',2,'20','3.15','12.6','20','0.6','pi_1J3L8VBNAGTtTpMZ88I77wcn',NULL,NULL,NULL,NULL,NULL,NULL,NULL,NULL,NULL,NULL,NULL,NULL,NULL,NULL,NULL,NULL,NULL,NULL),(235,3,1,'303, 8, Sum Hospital Rd, Shampur, Bhubaneswar, Odisha 751003, India, Pune',20.2847381,85.7710895,'',0.00,0.00,1.99,3.00,NULL,NULL,4.03,9.02,NULL,'We don\'t delivery in your area',NULL,NULL,NULL,NULL,'2021-06-17 15:16:28.847946','2021-06-17 15:17:08.328236',NULL,NULL,274,21,'M4A00235','0','HOME','',0,20.2884458,85.7792283,'0','0','6 PM - 8 PM',1,'0','0','0','0','0',NULL,NULL,NULL,NULL,NULL,NULL,NULL,NULL,NULL,NULL,NULL,NULL,NULL,NULL,NULL,NULL,NULL,NULL,NULL),(236,3,1,'100 Near xyz 6 North Ave, Leicester LE2 1TL, UK',52.6196122,-1.1138059,'',0.00,0.00,1.99,3.00,NULL,NULL,5.50,10.49,NULL,'Temporarily Closed',NULL,NULL,NULL,NULL,'2021-06-28 11:35:05.377521','2021-07-02 10:22:41.324898',NULL,NULL,273,22,'M4A00236','0','Home','',0,52.6257960,-1.1090501,'0','0','9AM-12PM',1,'0','0','0','0','0',NULL,NULL,NULL,NULL,NULL,NULL,NULL,NULL,NULL,NULL,NULL,NULL,NULL,NULL,NULL,NULL,NULL,NULL,NULL),(237,2,1,'1000 Near xyz 788/1463 Ayurvedic hospital, Sum Hospital Rd, Shampur, Bhubaneswar, Odisha 751003, India',20.2830665,85.7668755,'',0.00,0.00,1.99,3.00,NULL,NULL,0.01,5.00,NULL,NULL,NULL,NULL,NULL,NULL,'2021-06-28 14:25:19.382337','2021-06-28 14:26:39.657219',NULL,NULL,273,21,'M4A00237','0','Home','',0,20.2884458,85.7792283,'0','0','9AM-12PM',1,'0','0','0','0','0',NULL,NULL,NULL,NULL,NULL,NULL,NULL,NULL,NULL,NULL,NULL,NULL,NULL,NULL,NULL,NULL,NULL,NULL,NULL),(238,8,1,'303, 8, Sum Hospital Rd, Shampur, Bhubaneswar, Odisha 751003, India, Pune',20.2847381,85.7710895,'',0.00,0.00,1.99,3.00,NULL,NULL,0.02,5.01,NULL,'Ordered By Mistake',NULL,NULL,NULL,NULL,'2021-06-28 15:27:12.248975','2021-06-29 14:48:33.939614',NULL,NULL,274,21,'M4A00238','0','HOME','',0,20.2884458,85.7792283,'0','0','6 PM - 8 PM',3,'0','0','0','0','0',NULL,NULL,NULL,NULL,NULL,NULL,NULL,NULL,NULL,NULL,NULL,NULL,NULL,NULL,NULL,NULL,NULL,NULL,NULL),(239,7,0,'303, 8, Sum Hospital Rd, Shampur, Bhubaneswar, Odisha 751003, India, Pune',20.2847381,85.7710895,'',0.00,0.00,1.99,3.00,NULL,NULL,2.00,7.00,NULL,'Ordered By Mistake',NULL,NULL,NULL,NULL,'2021-06-30 08:01:30.480358','2021-06-30 08:52:25.847506',NULL,NULL,274,21,'M4A00239','0','HOME','',0,20.2884458,85.7792283,'0','0','4 PM - 6 PM',3,'0','0','0','0','0',NULL,NULL,NULL,NULL,NULL,NULL,NULL,NULL,NULL,NULL,NULL,NULL,NULL,NULL,NULL,NULL,NULL,NULL,NULL),(240,1,0,'303, 8, Sum Hospital Rd, Shampur, Bhubaneswar, Odisha 751003, India, Pune',20.2847381,85.7710895,'',0.00,0.00,1.99,3.00,NULL,NULL,0.00,5.00,NULL,NULL,NULL,NULL,NULL,NULL,'2021-06-30 08:59:07.359107','2021-06-30 08:59:07.370214',NULL,NULL,274,21,'M4A00240','0','HOME','',0,20.2884458,85.7792283,'0','0','4 PM - 6 PM',1,'0','0','0','0','0',NULL,NULL,NULL,NULL,NULL,NULL,NULL,NULL,NULL,NULL,NULL,NULL,NULL,NULL,NULL,NULL,NULL,NULL,NULL),(241,7,1,'12, Abbey, Thurcaston Road, Leicester, United Kingdom, LE4 2QB, Er',52.6624145,-1.1323747,'',0.00,0.00,1.99,3.00,NULL,NULL,2.75,7.74,NULL,'Ordered By Mistake',NULL,NULL,NULL,NULL,'2021-07-02 17:39:25.745351','2021-07-02 17:41:23.398679',NULL,NULL,243,22,'M4A00241','0','HOME','',0,52.6257960,-1.1090501,'0','0','6 PM - 8 PM',1,'0','0','0','0','0',NULL,NULL,NULL,NULL,NULL,NULL,NULL,NULL,NULL,NULL,NULL,NULL,NULL,NULL,NULL,NULL,NULL,NULL,NULL),(242,7,1,'12, Abbey, Thurcaston Road, Leicester, United Kingdom, LE4 2QB, Er',52.6624145,-1.1323747,'',0.00,0.00,1.99,3.00,NULL,NULL,11.50,16.49,NULL,'Ordered By Mistake',NULL,NULL,NULL,NULL,'2021-07-06 14:38:51.990237','2021-07-06 14:40:05.290674',NULL,NULL,243,22,'M4A00242','0','HOME','',0,52.6257960,-1.1090501,'0','0','2 PM - 4 PM',1,'0','0','0','0','0',NULL,NULL,NULL,NULL,NULL,NULL,NULL,NULL,NULL,NULL,NULL,NULL,NULL,NULL,NULL,NULL,NULL,NULL,NULL),(243,2,1,'303, 8, Sum Hospital Rd, Shampur, Bhubaneswar, Odisha 751003, India, Pune',20.2847381,85.7710895,'',0.00,0.00,1.99,3.00,NULL,NULL,0.00,5.00,NULL,NULL,NULL,NULL,NULL,NULL,'2021-07-07 12:51:37.870930','2021-07-07 12:51:48.151270',NULL,NULL,274,21,'M4A00243','0','HOME','',0,20.2884458,85.7792283,'0','0','4 PM - 6 PM',1,'0','0','0','0','0',NULL,NULL,NULL,NULL,NULL,NULL,NULL,NULL,NULL,NULL,NULL,NULL,NULL,NULL,NULL,NULL,NULL,NULL,NULL),(244,6,1,'1, Abbey, Wolsey Island Way, Leicester, United Kingdom, LE4 5EY, Test',52.6488037,-1.1318899,'',0.00,0.00,1.99,3.00,NULL,NULL,1.25,6.24,NULL,NULL,4,'',4,'','2021-07-10 13:52:03.057250','2021-07-10 14:46:11.756884',15,NULL,243,22,'M4A00244','0','HOME','1625924261366.jpg',1,52.6257960,-1.1090501,'2.4','0','2 PM - 4 PM',2,'20','0.25','1.0','20','0.6','pi_1JBfuYBNAGTtTpMZ4f9bVH3u',NULL,NULL,NULL,NULL,NULL,NULL,NULL,NULL,NULL,NULL,NULL,NULL,NULL,NULL,NULL,NULL,NULL,NULL),(245,2,1,'A1 Near Test 223, Sum Hospital Rd, Shampur, Bhubaneswar, Odisha 751030, India',20.2772054,85.7629267,'',0.00,0.00,1.99,4.00,NULL,NULL,0.01,6.00,NULL,NULL,NULL,NULL,NULL,NULL,'2021-07-12 08:25:46.485339','2021-07-12 08:26:45.175329',NULL,NULL,284,21,'M4A00245','0','Home','',0,20.2884458,85.7792283,'0','0','9AM-12PM',1,'0','0','0','0','0',NULL,NULL,NULL,NULL,NULL,NULL,NULL,NULL,NULL,NULL,NULL,NULL,NULL,NULL,NULL,NULL,NULL,NULL,NULL),(246,3,1,'A1 Near Test 223, Sum Hospital Rd, Shampur, Bhubaneswar, Odisha 751030, India',20.2772054,85.7629267,'',0.00,0.00,1.99,4.00,NULL,NULL,0.02,6.01,NULL,'We don’t delivery in your area',NULL,NULL,NULL,NULL,'2021-07-13 11:18:22.788236','2021-08-17 08:25:29.850799',NULL,NULL,284,21,'M4A00246','0','Home','',0,20.2884458,85.7792283,'0','0','9AM-12PM',1,'0','0','0','0','0',NULL,NULL,NULL,NULL,NULL,NULL,NULL,NULL,NULL,NULL,NULL,NULL,NULL,NULL,NULL,NULL,NULL,NULL,NULL),(247,3,1,'1 Near Test Abbey, Wolsey Island Way, Leicester, United Kingdom, LE4 5EY',52.6488037,-1.1318899,'',0.00,0.00,1.99,4.00,NULL,NULL,5.50,11.49,NULL,'Sorry Not in Stock',NULL,NULL,NULL,NULL,'2021-07-13 12:09:55.444267','2021-07-13 12:10:57.758976',NULL,NULL,243,22,'M4A00247','0','HOME','',0,52.6257960,-1.1090501,'0','0','9AM-12PM',1,'0','0','0','0','0',NULL,NULL,NULL,NULL,NULL,NULL,NULL,NULL,NULL,NULL,NULL,NULL,NULL,NULL,NULL,NULL,NULL,NULL,NULL),(248,3,1,'A1 Near Test 223, Sum Hospital Rd, Shampur, Bhubaneswar, Odisha 751030, India',20.2772054,85.7629267,'',0.00,0.00,1.99,4.00,NULL,NULL,0.00,6.00,NULL,'Sorry Not in Stock',NULL,NULL,NULL,NULL,'2021-07-13 13:09:37.281611','2021-07-13 13:13:15.810361',NULL,NULL,284,21,'M4A00248','0','Home','',0,20.2884458,85.7792283,'0','0','9AM-12PM',1,'0','0','0','0','0',NULL,NULL,NULL,NULL,NULL,NULL,NULL,NULL,NULL,NULL,NULL,NULL,NULL,NULL,NULL,NULL,NULL,NULL,NULL),(249,7,1,'G, Horston Hill, Linton St, Leicester, United Kingdom, LE5 5JA, Y',52.6257323,-1.1090150,'',0.00,0.00,1.99,3.00,NULL,NULL,5.00,9.99,NULL,'Ordered By Mistake',NULL,NULL,NULL,NULL,'2021-07-14 13:08:22.464722','2021-07-14 14:15:12.058765',NULL,NULL,243,22,'M4A00249','0','HOME','',0,52.6257960,-1.1090501,'0','0','2 PM - 4 PM',1,'0','0','0','0','0',NULL,NULL,NULL,NULL,NULL,NULL,NULL,NULL,NULL,NULL,NULL,NULL,NULL,NULL,NULL,NULL,NULL,NULL,NULL),(250,2,0,'303, 8, Sum Hospital Rd, Shampur, Bhubaneswar, Odisha 751003, India, Pune',20.2847381,85.7710895,'',0.00,0.00,1.99,3.00,NULL,NULL,4.00,8.98,NULL,NULL,NULL,NULL,NULL,NULL,'2021-07-14 13:39:08.773531','2021-07-17 07:08:04.149736',NULL,NULL,274,21,'M4A00250','0','HOME','',0,20.2884458,85.7792283,'0','0','6 PM - 8 PM',1,'0','0','0','0','0',NULL,NULL,NULL,NULL,NULL,NULL,NULL,NULL,NULL,NULL,NULL,NULL,NULL,NULL,NULL,NULL,NULL,NULL,NULL),(251,1,1,'A1 Near Test 223, Sum Hospital Rd, Shampur, Bhubaneswar, Odisha 751030, India',20.2772054,85.7629267,'',0.00,0.00,1.99,4.00,NULL,NULL,2.00,7.99,NULL,NULL,NULL,NULL,NULL,NULL,'2021-07-14 13:46:50.397326','2021-07-14 13:46:50.415128',NULL,NULL,284,21,'M4A00251','0','Home','',0,20.2884458,85.7792283,'0','0','9AM-12PM',1,'0','0','0','0','0',NULL,NULL,NULL,NULL,NULL,NULL,NULL,NULL,NULL,NULL,NULL,NULL,NULL,NULL,NULL,NULL,NULL,NULL,NULL),(252,7,1,'T, Horston Hill, Gwendolen Road, Leicester, United Kingdom, LE5 5FL, Of',52.6305848,-1.1005620,'',0.00,0.00,1.99,3.00,NULL,NULL,5.25,10.24,NULL,'Changed My Mind',NULL,NULL,NULL,NULL,'2021-07-14 15:20:48.006098','2021-07-14 15:22:02.978986',NULL,NULL,243,22,'M4A00252','0','WORK','',0,52.6257960,-1.1090501,'0','0','2 PM - 4 PM',1,'0','0','0','0','0',NULL,NULL,NULL,NULL,NULL,NULL,NULL,NULL,NULL,NULL,NULL,NULL,NULL,NULL,NULL,NULL,NULL,NULL,NULL),(253,7,1,'T, Horston Hill, Gwendolen Road, Leicester, United Kingdom, LE5 5FL, Of',52.6305848,-1.1005620,'',0.00,0.00,1.99,3.00,NULL,NULL,10.50,15.49,NULL,'Changed My Mind',NULL,NULL,NULL,NULL,'2021-07-22 19:41:54.265678','2021-07-22 19:42:47.772806',NULL,NULL,243,22,'M4A00253','0','WORK','',0,52.6257960,-1.1090501,'0','0','6 PM - 8 PM',1,'0','0','0','0','0',NULL,NULL,NULL,NULL,NULL,NULL,NULL,NULL,NULL,NULL,NULL,NULL,NULL,NULL,NULL,NULL,NULL,NULL,NULL),(254,7,1,'6, Abbey, Abbey Lane, Leicester, United Kingdom, LE4 5QU',52.6554078,-1.1360697,'',0.00,0.00,1.99,3.00,NULL,NULL,8.75,13.74,NULL,'Changed My Mind',NULL,NULL,NULL,NULL,'2021-07-28 18:15:50.253392','2021-07-28 18:19:01.655163',NULL,NULL,243,22,'M4A00254','0','HOME','',0,52.6257960,-1.1090501,'0','0','6 PM - 8 PM',1,'0','0','0','0','0',NULL,NULL,NULL,NULL,NULL,NULL,NULL,NULL,NULL,NULL,NULL,NULL,NULL,NULL,NULL,NULL,NULL,NULL,NULL),(255,3,1,'6, Abbey, Abbey Lane, Leicester, United Kingdom, LE4 5QU',52.6554078,-1.1360697,'',0.00,0.00,1.99,3.00,NULL,NULL,20.36,25.36,NULL,'Sorry Not in Stock',NULL,NULL,NULL,NULL,'2021-08-01 20:54:38.526488','2021-08-03 09:30:16.113386',NULL,NULL,243,22,'M4A00255','0','HOME','',0,52.6257960,-1.1090501,'0','0','6 PM - 8 PM',1,'0','0','0','0','0',NULL,NULL,NULL,NULL,NULL,NULL,NULL,NULL,NULL,NULL,NULL,NULL,NULL,NULL,NULL,NULL,NULL,NULL,NULL),(256,7,1,'136 Glenfield Frith Drive , 136 Glenfield Frith Dr, Glenfield, Leicester LE3 8PT, UK, home',52.6494896,-1.1964386,'',0.00,0.00,1.99,3.00,NULL,NULL,13.45,18.44,NULL,'Ordered By Mistake',NULL,NULL,NULL,NULL,'2021-08-03 16:12:23.555830','2021-08-03 16:13:09.489989',NULL,NULL,297,22,'M4A00256','0','HOME','',0,52.6257960,-1.1090501,'0','0','4 PM - 6 PM',1,'0','0','0','0','0',NULL,NULL,NULL,NULL,NULL,NULL,NULL,NULL,NULL,NULL,NULL,NULL,NULL,NULL,NULL,NULL,NULL,NULL,NULL),(257,3,1,'6, Abbey, Abbey Lane, Leicester, United Kingdom, LE4 5QU',52.6554078,-1.1360697,'',0.00,0.00,1.99,3.00,NULL,NULL,12.75,17.74,NULL,'Sorry Not in Stock',NULL,NULL,NULL,NULL,'2021-08-13 11:29:12.889615','2021-08-13 11:29:28.663009',NULL,NULL,243,22,'M4A00257','0','HOME','',0,52.6257960,-1.1090501,'0','0','2 PM - 4 PM',1,'0','0','0','0','0',NULL,NULL,NULL,NULL,NULL,NULL,NULL,NULL,NULL,NULL,NULL,NULL,NULL,NULL,NULL,NULL,NULL,NULL,NULL),(258,7,1,'6, Abbey, Abbey Lane, Leicester, United Kingdom, LE4 5QU',52.6554078,-1.1360697,'',0.00,0.00,1.99,3.00,NULL,NULL,1.25,6.24,NULL,'Changed My Mind',NULL,NULL,NULL,NULL,'2021-08-13 11:30:01.393989','2021-08-13 11:30:53.808607',NULL,NULL,243,22,'M4A00258','0','HOME','',0,52.6257960,-1.1090501,'0','0','2 PM - 4 PM',1,'0','0','0','0','0',NULL,NULL,NULL,NULL,NULL,NULL,NULL,NULL,NULL,NULL,NULL,NULL,NULL,NULL,NULL,NULL,NULL,NULL,NULL),(259,2,0,'303, 8, Sum Hospital Rd, Shampur, Bhubaneswar, Odisha 751003, India, Pune',20.2847381,85.7710895,'',0.00,0.00,1.99,3.00,NULL,NULL,0.01,5.00,NULL,NULL,NULL,NULL,NULL,NULL,'2021-08-26 09:08:54.441710','2021-12-01 06:19:14.601118',NULL,NULL,274,21,'M4A00259','0','HOME','',0,20.2884458,85.7792283,'0','0','4 PM - 6 PM',1,'0','0','0','0','0',NULL,NULL,NULL,NULL,NULL,NULL,NULL,NULL,NULL,NULL,NULL,NULL,NULL,NULL,NULL,NULL,NULL,NULL,NULL),(260,3,1,'2, Abbey, Corbridge Close, Leicester, United Kingdom, LE4 5EF, Prk',52.6487427,-1.1320065,'',0.00,0.00,1.99,3.00,NULL,NULL,14.00,18.99,NULL,'Sorry Not in Stock',NULL,NULL,NULL,NULL,'2021-09-10 11:18:49.829961','2021-09-12 17:46:50.749262',NULL,NULL,243,22,'M4A00260','0','HOME','',0,52.6257960,-1.1090501,'0','0','2 PM - 4 PM',1,'0','0','0','0','0',NULL,NULL,NULL,NULL,NULL,NULL,NULL,NULL,NULL,NULL,NULL,NULL,NULL,NULL,NULL,NULL,NULL,NULL,NULL),(261,5,1,'12, Humberstone, Leicester, United Kingdom, LE5, D',52.6503907,-1.0847956,'',0.00,0.00,1.99,3.00,NULL,NULL,1.75,6.74,NULL,NULL,NULL,NULL,NULL,NULL,'2021-09-12 17:48:09.440385','2021-09-12 17:52:10.211631',15,NULL,243,22,'M4A00261','0','HOME','',1,52.6257960,-1.1090501,'0','0','6 PM - 8 PM',2,'20','0','0','0','0','pi_3JYvreBNAGTtTpMZ1jqC4xUP',NULL,NULL,NULL,NULL,NULL,NULL,NULL,NULL,NULL,NULL,NULL,NULL,NULL,NULL,NULL,NULL,NULL,NULL),(262,3,1,'12, Humberstone, Leicester, United Kingdom, LE5, D',52.6503907,-1.0847956,'',0.00,0.00,1.99,3.00,NULL,NULL,2.25,7.24,NULL,'Temporarily Closed',NULL,NULL,NULL,NULL,'2021-09-22 16:29:10.595117','2021-09-22 16:32:08.865365',NULL,NULL,243,22,'M4A00262','0','HOME','',0,52.6257960,-1.1090501,'0','0','6 PM - 8 PM',1,'0','0','0','0','0',NULL,NULL,NULL,NULL,NULL,NULL,NULL,NULL,NULL,NULL,NULL,NULL,NULL,NULL,NULL,NULL,NULL,NULL,NULL),(263,2,1,'303 Near Pune 8, Sum Hospital Rd, Shampur, Bhubaneswar, Odisha 751003, India',20.2847381,85.7710895,'',0.00,0.00,1.99,4.00,NULL,NULL,26.24,32.23,NULL,NULL,NULL,NULL,NULL,NULL,'2021-09-28 06:19:14.503975','2021-11-27 06:14:39.685098',NULL,NULL,274,21,'M4A00263','0','HOME','',0,20.2884458,85.7792283,'0','0','9AM-12PM',1,'0','0','0','0','0',NULL,NULL,NULL,NULL,NULL,NULL,NULL,NULL,NULL,NULL,NULL,NULL,NULL,NULL,NULL,NULL,NULL,NULL,NULL),(264,2,1,'303, 8, Sum Hospital Rd, Shampur, Bhubaneswar, Odisha 751003, India, Pune',20.2847381,85.7710895,'',0.00,0.00,3.98,3.00,NULL,NULL,16.22,23.20,NULL,NULL,NULL,NULL,NULL,NULL,'2021-11-16 08:04:47.020750','2021-11-16 08:08:16.961648',NULL,NULL,274,21,'M4A00264','0','HOME','',0,20.2884458,85.7792283,'0','0','4 PM - 6 PM',1,'0','0','0','0','0',NULL,NULL,NULL,NULL,NULL,NULL,NULL,NULL,NULL,NULL,NULL,NULL,NULL,NULL,NULL,NULL,NULL,NULL,NULL),(265,2,1,'303, 8, Sum Hospital Rd, Shampur, Bhubaneswar, Odisha 751003, India, Pune',20.2847381,85.7710895,'',0.00,0.00,1.99,2.99,1.00,NULL,2.01,6.99,NULL,NULL,NULL,NULL,NULL,NULL,'2021-11-26 06:31:36.073598','2021-11-26 06:32:00.971972',NULL,NULL,274,21,'M4A00265','0','HOME','',0,20.2884458,85.7792283,'0','0','4 PM - 6 PM',1,'0','0','0','0','0',NULL,'2021-11-29',0.30,6.69,4.70,1.71,1.71,0.17,1.54,0.10,1.43,0.10,0.90,1.99,5.15,4.15,3,NULL,NULL),(266,2,1,'sum hospital , 21, Sum Hospital Rd, Bharatpur, Bhubaneswar, Odisha 751003, India, sum',20.2838342,85.7688800,'',0.00,0.00,1.99,2.99,1.00,NULL,2.00,6.98,NULL,NULL,NULL,NULL,NULL,NULL,'2021-11-26 07:11:55.170704','2021-11-26 07:12:09.690187',NULL,NULL,316,21,'M4A00266','0','HOME','',0,20.2884458,85.7792283,'0','0','4 PM - 6 PM',1,'0','0','0','0','0',NULL,'2021-11-27',0.30,6.68,4.69,1.70,1.70,0.17,1.53,0.10,1.43,0.10,0.90,1.99,5.15,4.15,3,NULL,NULL),(267,2,1,'sum hospital , 21, Sum Hospital Rd, Bharatpur, Bhubaneswar, Odisha 751003, India, sum',20.2838342,85.7688800,'',0.00,0.00,1.99,2.99,1.00,NULL,0.01,4.99,NULL,NULL,NULL,NULL,NULL,NULL,'2021-11-26 09:45:57.608827','2021-11-26 09:46:06.860344',NULL,NULL,316,21,'M4A00267','0','HOME','',0,20.2884458,85.7792283,'0','0','6 PM - 8 PM',1,'0','0','0','0','0',NULL,'2021-11-26',0.27,4.72,2.73,-0.26,-0.26,-0.03,-0.23,0.10,-0.33,0.10,0.90,1.99,4.95,3.95,3,NULL,NULL),(268,2,1,'120, 21, Sum Hospital Rd, Bharatpur, Bhubaneswar, Odisha 751003, India, sum hospital ',20.2838342,85.7688800,'',0.00,0.00,1.99,2.99,1.00,NULL,2.00,6.98,NULL,NULL,NULL,NULL,NULL,NULL,'2021-11-26 09:50:34.891846','2021-11-26 09:50:43.215033',NULL,NULL,317,21,'M4A00268','0','WORK','',0,20.2884458,85.7792283,'0','0','6 PM - 8 PM',1,'0','0','0','0','0',NULL,'2021-11-26',0.30,6.68,4.69,1.70,1.70,0.17,1.53,0.10,1.43,0.10,0.90,1.99,5.15,4.15,3,NULL,NULL),(269,2,1,'120, 21, Sum Hospital Rd, Bharatpur, Bhubaneswar, Odisha 751003, India, sum hospital ',20.2838342,85.7688799,'',0.00,0.00,1.99,2.99,1.00,NULL,0.01,4.99,NULL,NULL,NULL,NULL,NULL,NULL,'2021-11-26 10:27:30.653921','2021-11-26 10:27:39.758720',NULL,NULL,317,21,'M4A00269','0','WORK','',0,20.2884458,85.7792283,'0','0','6 PM - 8 PM',1,'0','0','0','0','0',NULL,'2021-11-26',0.27,4.72,2.73,-0.26,-0.26,-0.03,-0.24,0.10,-0.34,0.10,0.90,1.99,4.95,3.95,3,NULL,NULL),(270,8,1,'120, 21, Sum Hospital Rd, Bharatpur, Bhubaneswar, Odisha 751003, India, sum hospital ',20.2838342,85.7688799,'',0.00,0.00,1.99,2.99,1.00,NULL,2.01,6.99,NULL,NULL,NULL,NULL,NULL,NULL,'2021-11-26 11:55:58.362105','2021-11-26 13:11:29.029866',NULL,NULL,317,21,'M4A00270','0','WORK','',0,20.2884458,85.7792283,'0','0','2 PM - 4 PM',2,'0','0','0','0','0','\"pi_3K0332BNAGTtTpMZ0ubEKKwx\"','2021-11-27',0.30,6.69,4.70,1.71,1.71,0.17,1.54,0.10,1.43,0.10,0.90,1.99,5.15,4.15,3,NULL,NULL),(271,8,1,'sum hospital , 21, Sum Hospital Rd, Bharatpur, Bhubaneswar, Odisha 751003, India, sum',20.2838342,85.7688800,'',0.00,0.00,1.99,2.99,1.00,NULL,4.00,8.98,NULL,NULL,NULL,NULL,NULL,NULL,'2021-11-26 13:15:04.519513','2021-11-26 13:15:44.195983',NULL,NULL,316,21,'M4A00271','0','HOME','',0,20.2884458,85.7792283,'0','0','4 PM - 6 PM',2,'0','0','0','0','0','\"pi_3K04H4BNAGTtTpMZ0Lilm0Df\"','2021-11-27',0.33,8.65,6.66,3.67,3.67,0.37,3.31,0.11,3.20,0.10,0.90,1.99,5.35,4.35,3,NULL,NULL),(272,6,1,'test, 105,Budhwar ward, Bhikku Chowk, Gulshanabad, Malegaon, Maharashtra 423203, India, test',20.5471136,74.5351043,'',0.00,0.00,1.99,2.99,1.00,NULL,4.00,8.98,NULL,NULL,NULL,NULL,NULL,NULL,'2021-11-26 13:21:54.197781','2021-11-26 13:23:39.635171',13,NULL,316,21,'M4A00272','0','WORK','Order-1637933017276.jpeg',1,20.5471137,74.5351045,'2.6910000000000003','0','4 PM - 6 PM',2,'10','0.4','3.6','10','0.29900000000000004','\"pi_3K04NcBNAGTtTpMZ1p3CfU4m\"','2021-11-27',0.33,8.65,6.66,3.67,3.67,0.37,3.31,0.11,3.20,0.10,0.90,1.99,5.35,4.35,3,1,NULL),(273,5,1,'add, Abbey St, Leicester LE1, UK, some',52.6397514,-1.1323099,'',0.00,0.00,1.99,0.00,1.00,NULL,43.73,45.72,NULL,NULL,NULL,NULL,NULL,NULL,'2021-11-26 14:52:16.962401','2021-11-26 14:55:02.838967',15,NULL,313,22,'M4A00273','0','HOME','',1,52.6257960,-1.1090501,'0','0','4 PM - 6 PM',2,'20','0','0','0','0','\"pi_3K05ocBNAGTtTpMZ1oJhlgCh\"','2021-11-26',0.84,44.88,42.89,42.89,42.89,8.58,34.31,0.19,34.13,0.10,0.90,0.00,10.57,9.57,3,NULL,NULL),(274,2,1,'34, 70 Church Gate, Leicester LE1 3AN, UK, fg',52.6383263,-1.1350874,'',0.00,0.00,1.99,2.99,1.00,NULL,32.23,37.21,NULL,NULL,NULL,NULL,NULL,NULL,'2021-11-26 15:01:57.572292','2021-11-26 15:02:12.829331',NULL,NULL,262,22,'M4A00274','0','HOME','',0,52.6257960,-1.1090501,'0','0','6 PM - 8 PM',1,'0','0','0','0','0',NULL,'2021-11-26',0.72,36.49,34.50,31.51,31.51,6.30,25.21,0.16,25.04,0.10,0.90,1.99,11.28,10.28,3,NULL,NULL),(275,6,0,'add, Abbey St, Leicester LE1, UK, some',52.6397514,-1.1323099,'',0.00,0.00,1.99,0.00,0.00,NULL,19.15,21.14,NULL,NULL,NULL,NULL,NULL,NULL,'2021-11-26 15:06:58.279290','2021-11-28 19:04:36.562292',15,NULL,313,22,'M4A00275','0','HOME','Order-1638126270917.jpeg',1,52.6257960,-1.1090501,'0.0','0','6 PM - 8 PM',2,'0','3.83','15.319999999999999','20','0.0','\"pi_3K062kBNAGTtTpMZ0ZAWd6CV\"','2021-11-26',0.50,20.64,18.65,18.65,18.65,3.73,14.92,0.14,14.79,0.00,0.00,0.00,5.72,5.72,3,NULL,NULL),(276,2,1,'34, 70 Church Gate, Leicester LE1 3AN, UK, fg',52.6380150,-1.1078999,'',0.00,0.00,1.99,0.00,1.00,NULL,51.72,53.71,NULL,NULL,NULL,NULL,NULL,NULL,'2021-11-26 15:18:52.514536','2021-11-26 15:22:53.892402',NULL,NULL,262,22,'M4A00276','0','HOME','',0,52.6257960,-1.1090501,'0','0','6 PM - 8 PM',1,'0','0','0','0','0',NULL,'2021-11-26',0.95,52.76,50.77,50.77,50.77,10.15,40.61,0.20,40.41,0.10,0.90,0.00,12.14,11.14,3,NULL,NULL),(277,6,1,'34, 70 Church Gate, Leicester LE1 3AN, UK, fg',52.6380150,-1.1078999,'',0.00,0.00,1.99,2.99,1.00,NULL,18.49,23.47,NULL,NULL,NULL,NULL,NULL,NULL,'2021-11-26 15:19:55.528268','2021-11-26 15:26:00.994243',15,NULL,262,22,'M4A00277','0','HOME','Order-1637940349693.jpeg',1,52.6257960,-1.1090501,'2.3920000000000003','0','6 PM - 8 PM',2,'20','3.698','14.791999999999998','20','0.5980000000000001','\"pi_3K06FVBNAGTtTpMZ1nyMoMug\"','2021-11-26',0.53,22.94,20.95,17.96,17.96,3.59,14.37,0.14,14.23,0.10,0.90,1.99,8.57,7.57,3,NULL,NULL),(278,6,1,'45, 72 Mere Rd, Leicester LE5 3HR, UK, sr',52.6380150,-1.1078998,'',0.00,0.00,1.99,2.99,1.00,NULL,29.23,34.21,NULL,NULL,3,'',4,'','2021-11-26 15:34:06.494252','2021-11-26 15:36:49.889203',15,NULL,262,22,'M4A00278','0','HOME','Order-1637940977852.jpeg',1,52.6257960,-1.1090501,'2.3920000000000003','0','6 PM - 8 PM',2,'20','5.846','23.384','20','0.5980000000000001','\"pi_3K06SFBNAGTtTpMZ0Y8N7HZ2\"','2021-11-26',0.68,33.53,31.54,28.55,28.55,5.71,22.84,0.16,22.68,0.10,0.90,1.99,10.69,9.69,3,NULL,NULL),(279,3,1,'add, Abbey St, Leicester LE1, UK, some',52.6397513,-1.1323100,'',0.00,0.00,1.99,0.00,1.00,NULL,39.97,41.96,NULL,'Temporarily Closed',NULL,NULL,NULL,NULL,'2021-11-26 15:39:46.306909','2021-11-28 18:56:31.904888',NULL,NULL,313,22,'M4A00279','0','HOME','',0,52.6257960,-1.1090501,'0','0','6 PM - 8 PM',1,'0','0','0','0','0',NULL,'2021-11-26',0.79,41.17,39.18,39.18,39.18,7.84,31.35,0.18,31.17,0.10,0.90,0.00,9.83,8.83,3,NULL,NULL),(280,6,1,'test, 105,Budhwar ward, Bhikku Chowk, Gulshanabad, Malegaon, Maharashtra 423203, India, test',20.5471137,74.5351045,'',0.00,0.00,1.99,2.99,1.00,NULL,0.02,5.00,NULL,NULL,NULL,NULL,NULL,NULL,'2021-11-26 16:03:04.022138','2021-11-26 16:05:53.923561',13,NULL,316,21,'M4A00280','0','WORK','Order-1637942745240.jpeg',1,20.5471137,74.5351045,'2.6910000000000003','0','2 PM - 4 PM',2,'10','0.002','0.018000000000000002','10','0.29900000000000004','\"pi_3K06txBNAGTtTpMZ0mIr6qDB\"','2021-11-27',0.27,4.73,2.74,-0.25,-0.25,-0.03,-0.23,0.10,-0.32,0.10,0.90,1.99,4.96,3.96,3,NULL,NULL),(281,6,1,'13, 13 Gardenia Rd, Leicester LE5 0PZ, UK, none',52.6429208,-1.0880562,'',0.00,0.00,1.99,2.99,1.00,NULL,22.74,27.72,NULL,NULL,NULL,NULL,NULL,NULL,'2021-11-26 20:05:37.497289','2021-11-26 20:08:01.613675',15,NULL,268,22,'M4A00281','0','HOME','Order-1637957279962.jpeg',1,52.6257960,-1.1090501,'2.3920000000000003','0','10 AM - 12 PM',2,'20','4.548','18.192','20','0.5980000000000001','\"pi_3K0AgxBNAGTtTpMZ0Ywo59xd\"','2021-11-27',0.59,27.13,25.14,22.15,22.15,4.43,17.72,0.14,17.57,0.10,0.90,1.99,9.41,8.41,3,NULL,NULL),(282,8,1,'test, 105,Budhwar ward, Bhikku Chowk, Gulshanabad, Malegaon, Maharashtra 423203, India, test',20.5471137,74.5351045,'',0.00,0.00,1.99,2.99,1.00,NULL,7.99,12.97,NULL,NULL,NULL,NULL,NULL,NULL,'2021-11-27 05:02:08.872473','2021-11-27 05:02:59.046860',NULL,NULL,316,21,'M4A00282','0','WORK','',0,20.5471137,74.5351045,'0','0','4 PM - 6 PM',2,'0','0','0','0','0','\"pi_3K0J3eBNAGTtTpMZ1SnH4c5K\"','2021-11-27',0.38,12.59,10.60,7.61,7.61,0.76,6.85,0.12,6.73,0.10,0.90,1.99,5.74,4.74,3,NULL,NULL),(283,6,1,'test, 105,Budhwar ward, Bhikku Chowk, Gulshanabad, Malegaon, Maharashtra 423203, India, test',20.5471137,74.5351045,'',0.00,0.00,1.99,2.99,1.00,NULL,0.02,5.00,NULL,NULL,NULL,NULL,NULL,NULL,'2021-11-27 05:53:09.824700','2021-12-08 05:26:04.896462',13,NULL,316,21,'M4A00283','0','WORK','Order-1638941162859.jpeg',1,20.5471137,74.5351045,'2.6910000000000003','0','2 PM - 4 PM',2,'10','0.002','0.018000000000000002','10','0.29900000000000004','\"pi_3K0JqtBNAGTtTpMZ1g50cS1Q\"','2021-11-27',0.27,4.73,2.74,-0.25,-0.25,-0.03,-0.23,0.10,-0.32,0.10,0.90,1.99,4.96,3.96,3,NULL,NULL),(284,6,1,'45, 72 Mere Rd, Leicester LE5 3HR, UK, sr',52.6380150,-1.1078999,'',0.00,0.00,1.99,0.00,1.00,NULL,247.48,249.47,NULL,NULL,NULL,NULL,NULL,NULL,'2021-11-27 07:19:31.416975','2021-11-27 07:21:49.292842',15,NULL,262,22,'M4A00284','0','HOME','Order-1637997707004.jpeg',1,52.6257960,-1.1090501,'0.0','0','10 AM - 12 PM',2,'20','49.496','197.98399999999998','20','0.0','\"pi_3K0LD3BNAGTtTpMZ1svGyOHx\"','2021-11-27',3.69,245.78,243.79,243.79,243.79,48.76,195.03,0.59,194.44,0.10,0.90,0.00,50.75,49.75,3,NULL,NULL),(285,6,1,'45, 72 Mere Rd, Leicester LE5 3HR, UK, sr',52.6380150,-1.1078999,'',0.00,0.00,1.99,2.99,1.00,NULL,32.98,37.96,NULL,NULL,NULL,NULL,NULL,NULL,'2021-11-27 11:18:00.485243','2021-12-08 13:53:34.374857',15,NULL,262,22,'M4A00285','0','HOME','item_l5krFsZ.jpeg',1,52.6257960,-1.1090501,'2.3920000000000003','0','2 PM - 4 PM',2,'20','6.596','26.383999999999997','20','0.5980000000000001','\"pi_3K0OwCBNAGTtTpMZ0Y7jovfu\"','2021-11-27',0.73,37.23,35.24,32.25,32.25,6.45,25.80,0.16,25.63,0.10,0.90,1.99,11.43,10.43,3,NULL,NULL),(286,6,1,'13, 13 Gardenia Rd, Leicester LE5 0PZ, UK, none',52.6429208,-1.0880562,'',0.00,0.00,1.99,0.00,1.00,NULL,36.98,38.97,NULL,NULL,NULL,NULL,NULL,NULL,'2021-11-27 17:38:24.753237','2021-12-08 13:19:00.038624',15,NULL,268,22,'M4A00286','0','HOME','Order-1638969540029.jpeg',1,52.6257960,-1.1090501,'0.0','0','10 AM - 12 PM',2,'20','7.396','29.583999999999996','20','0.0','\"pi_3K0UrjBNAGTtTpMZ0IH8qn2q\"','2021-11-28',0.75,38.22,36.23,36.23,36.23,7.25,28.99,0.17,28.82,0.10,0.90,0.00,9.24,8.24,3,NULL,NULL),(287,6,1,'34, 34 Biddulph St, Leicester LE2 1BF, UK, park ',52.6285313,-1.1124562,'',0.00,0.00,1.99,0.00,1.00,NULL,61.21,63.20,NULL,NULL,NULL,NULL,NULL,NULL,'2021-11-28 18:54:21.568115','2021-11-28 19:05:50.220763',15,NULL,320,22,'M4A00287','0','HOME','Order-1638126335765.jpeg',1,52.6257960,-1.1090501,'0.0','0','10 AM - 12 PM',2,'20','12.242','48.968','20','0.0','\"pi_3K0sX9BNAGTtTpMZ1A8ZWN4k\"','2021-11-29',1.08,62.12,60.13,60.13,60.13,12.03,48.10,0.22,47.88,0.10,0.90,0.00,14.02,13.02,3,NULL,NULL),(288,6,1,'34, 34 Biddulph St, Leicester LE2 1BF, UK, park ',52.6285313,-1.1124562,'',0.00,0.00,1.99,0.00,1.00,NULL,30.98,32.97,NULL,NULL,NULL,NULL,NULL,NULL,'2021-11-28 19:33:47.240189','2021-11-28 19:41:24.509274',15,NULL,320,22,'M4A00288','0','HOME','Order-1638128479913.jpeg',1,52.6257960,-1.1090501,'0.0','0','10 AM - 12 PM',2,'20','6.196','24.784','20','0.0','\"pi_3K0tB9BNAGTtTpMZ0f6uFJAS\"','2021-11-29',0.75,38.22,36.23,36.23,36.23,7.25,28.99,0.17,28.82,0.10,0.90,0.00,9.24,8.24,3,NULL,NULL),(289,6,1,'add, Abbey St, Leicester LE1, UK, some',52.6397513,-1.1323100,'',5.57,0.00,1.99,0.00,1.00,NULL,55.72,52.14,NULL,NULL,NULL,NULL,NULL,NULL,'2021-11-29 10:01:15.754304','2021-11-29 12:30:32.268198',15,NULL,313,22,'M4A00289','67','HOME','Order-1638189031886.jpeg',1,52.6257960,-1.1090501,'0.0','0','6 PM - 8 PM',2,'20','11.144','44.576','20','0.0','\"pi_3K16hEBNAGTtTpMZ1iZYu0iu\"','2021-11-29',0.93,51.21,49.22,49.22,49.22,9.84,39.38,0.20,39.18,0.10,0.90,0.00,11.83,10.83,3,NULL,NULL),(290,6,1,'34, 6 Corbridge Cl, Leicester LE4 5EY, UK, tt',52.6487876,-1.1320280,'',0.00,0.00,1.99,0.00,1.00,NULL,37.48,39.47,NULL,NULL,NULL,NULL,NULL,NULL,'2021-11-29 12:33:32.470183','2021-11-29 12:44:22.967838',15,NULL,262,22,'M4A00290','0','HOME','Order-1638189865745.jpeg',1,52.6257960,-1.1090501,'0.0','0','2 PM - 4 PM',2,'20','7.496','29.983999999999998','20','0.0','\"pi_3K19AYBNAGTtTpMZ1PdFuLma\"','2021-11-29',0.75,38.71,36.72,36.72,36.72,7.34,29.38,0.17,29.20,0.10,0.90,0.00,9.33,8.33,3,NULL,NULL),(291,8,1,'34, 6 Corbridge Cl, Leicester LE4 5EY, UK, tt',52.6487876,-1.1320280,'',0.00,0.00,1.99,0.00,1.00,NULL,42.22,44.21,NULL,NULL,NULL,NULL,NULL,NULL,'2021-11-29 20:46:58.245672','2021-11-30 06:11:16.105700',NULL,NULL,262,22,'M4A00291','0','HOME','',0,52.6257960,-1.1090501,'0','0','10 AM - 12 PM',2,'0','0','0','0','0','\"pi_3K1GmPBNAGTtTpMZ1YI0gHRT\"','2021-11-30',0.82,43.39,41.40,41.40,41.40,8.28,33.12,0.18,32.94,0.10,0.90,0.00,10.27,9.27,3,NULL,NULL),(292,8,1,'add, Abbey St, Leicester LE1, UK, some',52.6397513,-1.1323100,'',0.90,0.00,1.99,2.99,1.00,NULL,8.99,13.07,NULL,NULL,NULL,NULL,NULL,NULL,'2021-11-30 06:07:28.581557','2021-11-30 06:09:39.874568',NULL,NULL,313,22,'M4A00292','67','HOME','',0,52.6257960,-1.1090501,'0','0','2 PM - 4 PM',2,'0','0','0','0','0','\"pi_3K1PWCBNAGTtTpMZ0Go831bu\"','2021-11-30',0.38,12.69,10.70,7.71,7.71,1.54,6.17,0.12,6.05,0.10,0.90,1.99,6.52,5.52,3,NULL,NULL),(293,8,1,'test test, Md. Ali Road, Bhikku Chowk, Gulshanabad, Malegaon, Maharashtra 423203, India, test',20.5493451,74.5333988,'',0.00,0.00,1.99,2.99,1.00,NULL,6.01,10.99,NULL,NULL,NULL,NULL,NULL,NULL,'2021-11-30 06:23:20.160420','2021-11-30 06:25:22.239701',NULL,NULL,325,21,'M4A00293','0','HOME','',0,20.5471137,74.5351045,'0','0','2 PM - 4 PM',2,'0','0','0','0','0','\"pi_3K1PlIBNAGTtTpMZ0asbEYdl\"','2021-11-30',0.35,10.63,8.64,5.65,5.65,0.57,5.09,0.11,4.97,0.10,0.90,1.99,5.55,4.55,3,NULL,NULL),(294,8,1,'test test, Md. Ali Road, Bhikku Chowk, Gulshanabad, Malegaon, Maharashtra 423203, India, test',20.5493451,74.5333988,'',0.00,0.00,1.99,2.99,1.00,NULL,3.51,8.49,NULL,NULL,NULL,NULL,NULL,NULL,'2021-11-30 06:29:41.956863','2021-11-30 06:36:56.560364',NULL,NULL,325,21,'M4A00294','0','HOME','',0,20.5471137,74.5351045,'0','0','4 PM - 6 PM',2,'0','0','0','0','0','\"pi_3K1PxKBNAGTtTpMZ1q6ZMak6\"','2021-11-30',0.32,8.17,6.18,3.19,3.19,0.32,2.87,0.11,2.76,0.10,0.90,1.99,5.30,4.30,3,NULL,NULL),(295,8,1,'test test, Md. Ali Road, Bhikku Chowk, Gulshanabad, Malegaon, Maharashtra 423203, India, test',20.5493451,74.5333988,'',0.00,0.00,1.99,2.99,1.00,NULL,7.00,11.98,NULL,NULL,NULL,NULL,NULL,NULL,'2021-11-30 06:41:36.359596','2021-11-30 06:43:38.011168',NULL,NULL,325,21,'M4A00295','0','HOME','',0,20.5471137,74.5351045,'0','0','6 PM - 8 PM',2,'0','0','0','0','0','\"pi_3K1Q3kBNAGTtTpMZ10t5xCzF\"','2021-11-30',0.37,11.61,9.62,6.63,6.63,0.66,5.97,0.11,5.85,0.10,0.90,1.99,5.64,4.64,3,NULL,NULL),(296,8,1,'test test, Md. Ali Road, Bhikku Chowk, Gulshanabad, Malegaon, Maharashtra 423203, India, test',20.5493451,74.5333988,'',0.00,0.00,1.99,2.99,1.00,NULL,0.04,5.02,NULL,NULL,NULL,NULL,NULL,NULL,'2021-11-30 06:48:13.873819','2021-11-30 06:54:49.067437',NULL,NULL,325,21,'M4A00296','0','HOME','',0,20.5471137,74.5351045,'0','0','6 PM - 8 PM',2,'0','0','0','0','0','\"pi_3K1QEWBNAGTtTpMZ0shyNr97\"','2021-11-30',0.27,4.75,2.76,-0.23,-0.23,-0.02,-0.21,0.10,-0.31,0.10,0.90,1.99,4.96,3.96,3,NULL,NULL),(297,8,1,'test test, Md. Ali Road, Bhikku Chowk, Gulshanabad, Malegaon, Maharashtra 423203, India, test',20.5482624,74.5362581,'',0.00,0.00,1.99,2.99,1.00,NULL,0.02,5.00,NULL,NULL,NULL,NULL,NULL,NULL,'2021-11-30 07:31:14.216902','2021-11-30 10:39:22.523582',NULL,NULL,325,21,'M4A00297','0','HOME','',0,20.5471137,74.5351045,'0','0','4 PM - 6 PM',2,'0','0','0','0','0','\"pi_3K1QoWBNAGTtTpMZ1Z6s5q8r\"','2021-11-30',0.27,4.73,2.74,-0.25,-0.25,-0.03,-0.23,0.10,-0.32,0.10,0.90,1.99,4.96,3.96,3,NULL,NULL),(298,6,1,'34, 6 Corbridge Cl, Leicester LE4 5EY, UK, tt',52.6487876,-1.1320280,'',0.00,0.00,1.99,2.99,1.00,NULL,22.48,27.46,NULL,NULL,NULL,NULL,NULL,NULL,'2021-11-30 08:18:49.025329','2021-11-30 08:26:44.259500',15,NULL,262,22,'M4A00298','0','HOME','Order-1638260803762.jpeg',1,52.6257960,-1.1090501,'2.3920000000000003','0','10 AM - 12 PM',2,'20','4.496','17.984','20','0.5980000000000001','\"pi_3K1RYoBNAGTtTpMZ1Jt1xj90\"','2021-11-30',0.58,26.88,24.89,21.90,21.90,4.38,17.52,0.14,17.37,0.10,0.90,1.99,9.36,8.36,3,NULL,NULL),(299,6,1,'34, 6 Corbridge Cl, Leicester LE4 5EY, UK, tt',52.6487876,-1.1320280,'',0.00,0.00,1.99,2.99,1.00,NULL,30.98,35.96,NULL,NULL,NULL,NULL,NULL,NULL,'2021-11-30 08:23:16.160773','2021-12-06 11:04:44.164889',15,NULL,262,22,'M4A00299','0','HOME','item_BIr0KB8.jpeg',1,52.6257960,-1.1090501,'2.3920000000000003','0','10 AM - 12 PM',2,'20','6.196','24.784','20','0.5980000000000001','\"pi_3K1Rd7BNAGTtTpMZ14W8fR70\"','2021-11-30',0.70,35.26,33.27,30.28,30.28,6.06,24.22,0.16,24.06,0.10,0.90,1.99,11.04,10.04,3,NULL,NULL),(300,8,1,'34, 6 Corbridge Cl, Leicester LE4 5EY, UK, tt',52.6487876,-1.1320280,'',0.00,0.00,1.99,2.99,1.00,NULL,4.75,9.73,NULL,NULL,NULL,NULL,NULL,NULL,'2021-11-30 08:29:54.329988','2021-11-30 10:30:07.109767',NULL,NULL,262,22,'M4A00300','0','HOME','',0,52.6257960,-1.1090501,'0','0','10 AM - 12 PM',2,'0','0','0','0','0','\"pi_3K1RktBNAGTtTpMZ0EZbnAVo\"','2021-11-30',0.75,38.21,36.22,33.23,33.23,6.65,26.58,0.17,26.42,0.10,0.90,1.99,11.63,10.63,3,NULL,NULL),(301,8,1,'add, Abbey St, Leicester LE1, UK, some',52.6397513,-1.1323100,'',2.80,0.00,1.99,2.99,1.00,NULL,27.98,30.16,NULL,NULL,NULL,NULL,NULL,NULL,'2021-11-30 10:08:33.139456','2021-11-30 10:20:24.034101',NULL,NULL,313,22,'M4A00301','67','HOME','',0,52.6257960,-1.1090501,'0','0','6 PM - 8 PM',2,'0','0','0','0','0','\"pi_3K1TQoBNAGTtTpMZ01y5lkUn\"','2021-11-30',0.62,29.54,27.55,24.56,24.56,4.91,19.65,0.15,19.50,0.10,0.90,1.99,9.89,8.89,3,NULL,NULL),(302,6,1,'test test, Md. Ali Road, Bhikku Chowk, Gulshanabad, Malegaon, Maharashtra 423203, India, test',20.5482624,74.5362581,'',0.00,0.00,1.99,2.99,1.00,NULL,0.02,5.00,NULL,NULL,NULL,NULL,NULL,NULL,'2021-11-30 10:22:33.369528','2021-11-30 10:24:03.533452',13,NULL,325,21,'M4A00302','0','HOME','Order-1638267837872.jpeg',1,20.5471137,74.5351045,'2.6910000000000003','0','6 PM - 8 PM',2,'10','0.002','0.018000000000000002','10','0.29900000000000004','\"pi_3K1TUVBNAGTtTpMZ1mHCJzfW\"','2021-11-30',0.27,4.73,2.74,-0.25,-0.25,-0.03,-0.23,0.10,-0.32,0.10,0.90,1.99,4.96,3.96,3,NULL,NULL),(303,6,0,'add, Abbey St, Leicester LE1, UK, some',52.6397513,-1.1323100,'',0.90,0.00,1.99,0.00,0.00,NULL,8.99,10.08,NULL,NULL,NULL,NULL,NULL,NULL,'2021-11-30 10:26:36.671316','2021-11-30 10:28:34.119829',NULL,NULL,313,22,'M4A00303','67','HOME','',0,52.6257960,-1.1090501,'0.0','0','6 PM - 8 PM',2,'0','1.798','7.192','20','0.0','\"pi_3K1TYGBNAGTtTpMZ0mK90br5\"','2021-11-30',0.34,9.74,7.75,7.75,7.75,1.55,6.20,0.12,6.08,0.00,0.00,0.00,3.54,3.54,3,NULL,NULL),(304,8,1,'add, Abbey St, Leicester LE1, UK, some',52.6397513,-1.1323100,'',0.00,0.00,1.99,0.00,1.00,NULL,39.05,41.04,NULL,NULL,NULL,NULL,NULL,NULL,'2021-11-30 10:29:23.517892','2021-11-30 10:30:40.705293',NULL,NULL,313,22,'M4A00304','0','HOME','',0,52.6257960,-1.1090501,'0','0','6 PM - 8 PM',2,'0','0','0','0','0','\"pi_3K1TazBNAGTtTpMZ17EsEUVV\"','2021-11-30',0.77,40.27,38.28,38.28,38.28,7.66,30.62,0.18,30.44,0.10,0.90,0.00,9.65,8.65,3,NULL,NULL),(305,8,1,'test test, Md. Ali Road, Bhikku Chowk, Gulshanabad, Malegaon, Maharashtra 423203, India, test',20.5482624,74.5362581,'',0.00,0.00,1.99,2.99,1.00,NULL,0.03,5.01,NULL,NULL,NULL,NULL,NULL,NULL,'2021-11-30 10:44:42.128211','2021-11-30 10:45:44.787535',NULL,NULL,325,21,'M4A00305','0','HOME','',0,20.5471137,74.5351045,'0','0','6 PM - 8 PM',2,'0','0','0','0','0','\"pi_3K1TpuBNAGTtTpMZ0vv9sAlZ\"','2021-11-30',0.27,4.73,2.74,-0.25,-0.25,-0.02,-0.22,0.10,-0.32,0.10,0.90,1.99,4.96,3.96,3,NULL,NULL),(306,6,0,'add, Abbey St, Leicester LE1, UK, some',52.6397513,-1.1323100,'',0.00,0.00,1.99,0.00,0.00,NULL,39.05,41.04,NULL,NULL,NULL,NULL,NULL,NULL,'2021-11-30 11:03:41.588133','2021-11-30 11:05:23.466315',NULL,NULL,313,22,'M4A00306','0','HOME','',0,52.6257960,-1.1090501,'0.0','0','6 PM - 8 PM',2,'0','7.81','31.24','20','0.0','\"pi_3K1U8iBNAGTtTpMZ12QGk4jY\"','2021-11-30',0.77,40.27,38.28,38.28,38.28,7.66,30.62,0.18,30.44,0.00,0.00,0.00,9.65,9.65,3,NULL,NULL),(307,8,1,'add, Abbey St, Leicester LE1, UK, some',52.6397513,-1.1323100,'',0.00,0.00,1.99,2.99,1.00,NULL,27.98,32.96,NULL,NULL,NULL,NULL,NULL,NULL,'2021-11-30 11:05:48.018380','2021-11-30 11:06:36.183109',NULL,NULL,313,22,'M4A00307','0','HOME','',0,52.6257960,-1.1090501,'0','0','6 PM - 8 PM',2,'0','0','0','0','0','\"pi_3K1UAABNAGTtTpMZ1NpXuSxL\"','2021-11-30',0.66,32.30,30.31,27.32,27.32,5.46,21.85,0.15,21.70,0.10,0.90,1.99,10.44,9.44,3,NULL,NULL),(308,8,1,'34, 6 Corbridge Cl, Leicester LE4 5EY, UK, tt',52.6487876,-1.1320280,'',0.00,0.00,1.99,2.99,1.00,NULL,22.48,27.46,NULL,NULL,NULL,NULL,NULL,NULL,'2021-11-30 11:07:57.711252','2021-11-30 11:09:03.451526',NULL,NULL,262,22,'M4A00308','0','HOME','',0,52.6257960,-1.1090501,'0','0','2 PM - 4 PM',2,'0','0','0','0','0','\"pi_3K1UCcBNAGTtTpMZ125Nlbnp\"','2021-11-30',0.58,26.88,24.89,21.90,21.90,4.38,17.52,0.14,17.37,0.10,0.90,1.99,9.36,8.36,3,NULL,NULL),(309,8,1,'add, Abbey St, Leicester LE1, UK, some',52.6397513,-1.1323100,'',0.00,0.00,1.99,2.99,1.00,NULL,28.25,33.23,NULL,NULL,NULL,NULL,NULL,NULL,'2021-11-30 11:14:10.462576','2021-11-30 11:15:10.800581',NULL,NULL,313,22,'M4A00309','0','HOME','',0,52.6257960,-1.1090501,'0','0','6 PM - 8 PM',2,'0','0','0','0','0','\"pi_3K1UIMBNAGTtTpMZ1u5e1yap\"','2021-11-30',0.67,32.56,30.57,27.58,27.58,5.52,22.07,0.16,21.91,0.10,0.90,1.99,10.50,9.50,3,NULL,NULL),(310,6,1,'34, 6 Corbridge Cl, Leicester LE4 5EY, UK, tt',52.6487876,-1.1320280,'',0.00,0.00,1.99,0.00,1.00,NULL,61.45,63.44,NULL,NULL,NULL,NULL,NULL,NULL,'2021-11-30 11:26:33.444994','2021-12-07 12:13:42.665600',15,NULL,262,22,'M4A00310','0','HOME','Order-1638879223208.jpeg',1,52.6257960,-1.1090501,'0.0','0','2 PM - 4 PM',2,'20','12.29','49.160000000000004','20','0.0','\"pi_3K1UUOBNAGTtTpMZ0xOXJ63G\"','2021-11-30',1.09,62.35,60.36,60.36,60.36,12.07,48.29,0.22,48.07,0.10,0.90,0.00,14.06,13.06,3,NULL,NULL),(311,8,1,'test test, Md. Ali Road, Bhikku Chowk, Gulshanabad, Malegaon, Maharashtra 423203, India, test',20.5482624,74.5362581,'',0.00,0.00,1.99,2.99,1.00,NULL,0.02,5.00,NULL,NULL,NULL,NULL,NULL,NULL,'2021-11-30 11:55:06.055131','2021-11-30 11:56:01.289895',NULL,NULL,325,21,'M4A00311','0','HOME','',0,20.5471137,74.5351045,'0','0','10 AM - 12 PM',2,'0','0','0','0','0','\"pi_3K1Uw0BNAGTtTpMZ0CYA5Rh1\"','2021-12-01',0.27,4.73,2.74,-0.25,-0.25,-0.03,-0.23,0.10,-0.32,0.10,0.90,1.99,4.96,3.96,3,NULL,NULL),(312,8,1,'34, 6 Corbridge Cl, Leicester LE4 5EY, UK, tt',52.6487876,-1.1320280,'',0.00,0.00,1.99,0.00,1.00,NULL,52.46,54.45,NULL,NULL,NULL,NULL,NULL,NULL,'2021-11-30 12:02:20.123659','2021-11-30 12:03:20.369171',NULL,NULL,262,22,'M4A00312','0','HOME','',0,52.6257960,-1.1090501,'0','0','2 PM - 4 PM',2,'0','0','0','0','0','\"pi_3K1V39BNAGTtTpMZ0YsVNnqf\"','2021-11-30',0.96,53.48,51.49,51.49,51.49,10.30,41.19,0.20,40.99,0.10,0.90,0.00,12.29,11.29,3,NULL,NULL),(313,8,1,'test test, Md. Ali Road, Bhikku Chowk, Gulshanabad, Malegaon, Maharashtra 423203, India, test',20.5482624,74.5362581,'',0.00,0.00,1.99,2.99,1.00,NULL,0.02,5.00,NULL,NULL,NULL,NULL,NULL,NULL,'2021-11-30 12:17:04.344282','2021-11-30 12:17:51.616343',NULL,NULL,325,21,'M4A00313','0','HOME','',0,20.5471137,74.5351045,'0','0','4 PM - 6 PM',2,'0','0','0','0','0','\"pi_3K1VH9BNAGTtTpMZ1UoIt1ce\"','2021-12-01',0.27,4.73,2.74,-0.25,-0.25,-0.03,-0.23,0.10,-0.32,0.10,0.90,1.99,4.96,3.96,3,NULL,NULL),(314,6,1,'34, 6 Corbridge Cl, Leicester LE4 5EY, UK, tt',52.6487876,-1.1320280,'',0.00,0.00,1.99,0.00,1.00,NULL,54.21,56.20,NULL,NULL,NULL,NULL,NULL,NULL,'2021-11-30 12:28:44.608895','2021-11-30 12:30:14.575828',15,NULL,262,22,'M4A00314','0','HOME','Order-1638275413345.jpeg',1,52.6257960,-1.1090501,'0.0','0','2 PM - 4 PM',2,'20','10.842','43.368','20','0.0','\"pi_3K1VSTBNAGTtTpMZ0pVb63Is\"','2021-11-30',0.99,55.21,53.22,53.22,53.22,10.64,42.57,0.21,42.37,0.10,0.90,0.00,12.63,11.63,3,NULL,NULL),(315,8,1,'test test, Md. Ali Road, Bhikku Chowk, Gulshanabad, Malegaon, Maharashtra 423203, India, test',20.5482624,74.5362581,'',0.00,0.00,1.99,2.99,1.00,NULL,0.02,5.00,NULL,NULL,NULL,NULL,NULL,NULL,'2021-11-30 12:34:08.086258','2021-11-30 12:35:16.164027',NULL,NULL,325,21,'M4A00315','0','HOME','',0,20.5471137,74.5351045,'0','0','6 PM - 8 PM',2,'0','0','0','0','0','\"pi_3K1VY4BNAGTtTpMZ1pHj6Evb\"','2021-12-01',0.27,4.73,2.74,-0.25,-0.25,-0.03,-0.23,0.10,-0.32,0.10,0.90,1.99,4.96,3.96,3,NULL,NULL),(316,6,1,'add, Abbey St, Leicester LE1, UK, some',52.6397513,-1.1323100,'',0.00,0.00,1.99,2.99,1.00,NULL,16.30,21.28,NULL,NULL,NULL,NULL,NULL,NULL,'2021-11-30 12:39:27.369024','2021-12-07 12:08:57.661260',15,NULL,313,22,'M4A00316','0','HOME','Order-1638878937096.jpeg',1,52.6257960,-1.1090501,'2.3920000000000003','0','6 PM - 8 PM',2,'20','3.26','13.040000000000001','20','0.5980000000000001','\"pi_3K1VcsBNAGTtTpMZ0l154tCH\"','2021-11-30',0.50,20.78,18.79,15.80,15.80,3.16,12.64,0.13,12.51,0.10,0.90,1.99,8.14,7.14,3,NULL,NULL),(317,6,1,'test test, Md. Ali Road, Bhikku Chowk, Gulshanabad, Malegaon, Maharashtra 423203, India, test',20.5482624,74.5362581,'',0.00,0.00,1.99,2.99,1.00,NULL,0.02,5.00,NULL,NULL,NULL,NULL,NULL,NULL,'2021-11-30 12:39:50.740105','2021-11-30 13:00:50.664529',13,NULL,325,21,'M4A00317','0','HOME','Order-1638277247452.jpeg',1,20.5471137,74.5351045,'2.6910000000000003','0','4 PM - 6 PM',2,'10','0.002','0.018000000000000002','10','0.29900000000000004','\"pi_3K1VvYBNAGTtTpMZ1TwTRlSB\"','2021-12-01',0.27,4.73,2.74,-0.25,-0.25,-0.03,-0.23,0.10,-0.33,0.10,0.90,1.99,4.95,3.95,3,NULL,NULL),(318,6,1,'34, 6 Corbridge Cl, Leicester LE4 5EY, UK, tt',52.6487876,-1.1320280,'',0.00,0.00,1.99,0.00,1.00,NULL,60.95,62.94,NULL,NULL,NULL,NULL,NULL,NULL,'2021-11-30 13:22:08.728205','2021-12-07 12:06:53.260300',15,NULL,262,22,'M4A00318','0','HOME','Order-1638878812460.jpeg',1,52.6257960,-1.1090501,'0.0','0','4 PM - 6 PM',2,'20','12.19','48.760000000000005','20','0.0','\"pi_3K1WIqBNAGTtTpMZ0U7vs72P\"','2021-11-30',1.08,61.86,59.87,59.87,59.87,11.97,47.90,0.22,47.68,0.10,0.90,0.00,13.96,12.96,3,NULL,NULL),(319,8,1,'test test, Md. Ali Road, Bhikku Chowk, Gulshanabad, Malegaon, Maharashtra 423203, India, test',20.5482624,74.5362581,'',0.00,0.00,1.99,2.99,1.00,NULL,5.49,10.47,NULL,NULL,NULL,NULL,NULL,NULL,'2021-11-30 14:06:15.487579','2021-11-30 14:07:04.226184',NULL,NULL,325,21,'M4A00319','0','HOME','',0,20.5471137,74.5351045,'0','0','10 AM - 12 PM',2,'0','0','0','0','0','\"pi_3K1WynBNAGTtTpMZ1GpwQwyz\"','2021-12-01',0.35,10.12,8.13,5.14,5.14,0.51,4.63,0.11,4.52,0.10,0.90,1.99,5.49,4.49,3,NULL,NULL),(320,6,1,'34, 6 Corbridge Cl, Leicester LE4 5EY, UK, tt',52.6487876,-1.1320280,'',0.00,0.00,1.99,0.00,1.00,NULL,36.22,38.21,NULL,NULL,NULL,NULL,NULL,NULL,'2021-11-30 14:24:54.248064','2021-12-02 08:14:25.898077',15,NULL,262,22,'M4A00320','0','HOME','item_vFmO0Xg.jpeg',1,52.6257960,-1.1090501,'0.0','0','4 PM - 6 PM',2,'20','7.244','28.976','20','0.0','\"pi_3K1XGzBNAGTtTpMZ0vxpWqIW\"','2021-11-30',0.73,37.48,35.49,35.49,35.49,7.10,28.39,0.17,28.22,0.10,0.90,0.00,9.09,8.09,3,NULL,NULL),(321,6,1,'34, 6 Corbridge Cl, Leicester LE4 5EY, UK, tt',52.6487876,-1.1320280,'',0.00,0.00,1.99,0.00,1.00,NULL,98.67,100.66,NULL,NULL,NULL,NULL,NULL,NULL,'2021-11-30 14:43:09.801217','2021-12-06 11:03:54.892088',15,NULL,262,22,'M4A00321','0','HOME','item_mQdMd2Q.jpeg',1,52.6257960,-1.1090501,'0.0','0','6 PM - 8 PM',2,'20','19.734','78.936','20','0.0','\"pi_3K1XZIBNAGTtTpMZ00DtAIzS\"','2021-11-30',1.61,99.05,97.06,97.06,97.06,19.41,77.64,0.29,77.35,0.10,0.90,0.00,21.40,20.40,3,NULL,NULL),(322,6,1,'34, 6 Corbridge Cl, Leicester LE4 5EY, UK, tt',52.6487876,-1.1320280,'',0.00,0.00,1.99,0.00,1.00,NULL,91.43,93.42,NULL,NULL,NULL,NULL,NULL,NULL,'2021-11-30 15:00:49.881856','2021-11-30 15:03:11.532230',15,NULL,262,22,'M4A00322','0','HOME','Order-1638284589120.jpeg',1,52.6257960,-1.1090501,'0.0','0','6 PM - 8 PM',2,'20','18.286','73.144','20','0.0','\"pi_3K1XpcBNAGTtTpMZ13fxqoWx\"','2021-11-30',1.51,91.91,89.92,89.92,89.92,17.98,71.93,0.28,71.65,0.10,0.90,0.00,19.97,18.97,3,NULL,NULL),(323,6,1,'We, Abbey, Corbridge Close, Leicester, United Kingdom, LE4 5EF, Br',52.6488647,-1.1320381,'',0.00,0.00,1.99,0.00,1.00,NULL,103.57,105.56,NULL,NULL,NULL,NULL,NULL,NULL,'2021-12-01 10:52:30.422120','2021-12-01 10:54:32.659496',15,NULL,243,22,'M4A00323','0','HOME','item_dDustk2.jpeg',1,52.6257960,-1.1090501,'0.0','0','2 PM - 4 PM',2,'20','20.714','82.856','20','0.0','pi_3K1qQxBNAGTtTpMZ13ILpgLc','2021-12-01',1.68,103.88,101.89,101.89,101.89,20.38,81.51,0.30,81.21,0.10,0.90,0.00,22.37,21.37,3,NULL,NULL),(324,6,1,'Abbey, Abbey, Corbridge Close, Leicester, United Kingdom, LE4 5EF, Apark',52.6487732,-1.1321963,'',0.00,0.00,1.99,0.00,1.00,NULL,37.48,39.47,NULL,NULL,NULL,NULL,NULL,NULL,'2021-12-01 16:58:14.558858','2021-12-01 17:00:58.968681',15,NULL,243,22,'M4A00324','0','HOME','item_jyqpajO.jpeg',1,52.6257960,-1.1090501,'0.0','0','6 PM - 8 PM',2,'20','7.496','29.983999999999998','20','0.0','pi_3K1w8yBNAGTtTpMZ0VRYQqYO','2021-12-01',0.75,38.71,36.72,36.72,36.72,7.34,29.38,0.17,29.20,0.10,0.90,0.00,9.33,8.33,3,NULL,NULL),(325,6,1,'Abbey, Abbey, Corbridge Close, Leicester, United Kingdom, LE4 5EF, Apark',52.6487732,-1.1321963,'',0.00,0.00,1.99,2.99,1.00,NULL,15.00,19.98,NULL,NULL,3,'',4,'','2021-12-01 20:51:18.159108','2021-12-07 12:17:34.757638',15,NULL,243,22,'M4A00325','0','HOME','item_DlvimOF.jpeg',1,52.6257960,-1.1090501,'2.3920000000000003','0','10 AM - 12 PM',2,'20','3.0','12.0','20','0.5980000000000001','pi_3K1zm7BNAGTtTpMZ12LeVxDN','2021-12-02',0.48,19.50,17.51,14.52,14.52,2.90,11.62,0.13,11.49,0.10,0.90,1.99,7.88,6.88,3,NULL,NULL),(326,6,1,'Abbey, Abbey, Corbridge Close, Leicester, United Kingdom, LE4 5EF, Apark',52.6487732,-1.1321963,'',0.00,0.00,1.99,0.00,1.00,NULL,91.27,93.26,NULL,NULL,4,'',3,'','2021-12-01 21:11:54.351269','2021-12-01 21:15:44.797873',15,NULL,243,22,'M4A00326','0','HOME','item_YhPjZgp.jpeg',1,52.6257960,-1.1090501,'0.0','0','2 PM - 4 PM',2,'20','18.254','73.01599999999999','20','0.0','pi_3K206jBNAGTtTpMZ0sbOEjtI','2021-12-02',1.51,91.75,89.76,89.76,89.76,17.95,71.81,0.28,71.53,0.10,0.90,0.00,19.94,18.94,3,NULL,NULL),(327,6,1,'Abbey, Abbey, Corbridge Close, Leicester, United Kingdom, LE4 5EF, Apark',52.6487732,-1.1321963,'',0.00,0.00,1.99,0.00,1.00,NULL,86.68,88.67,NULL,NULL,NULL,NULL,NULL,NULL,'2021-12-02 08:08:33.833314','2021-12-02 08:13:43.047531',15,NULL,243,22,'M4A00327','0','HOME','item_eH6QFlT.jpeg',1,52.6257960,-1.1090501,'0.0','0','10 AM - 12 PM',2,'20','17.336','69.34400000000001','20','0.0','pi_3K2ANCBNAGTtTpMZ04MtM2ZV','2021-12-02',1.44,87.23,85.24,85.24,85.24,17.05,68.19,0.27,67.92,0.10,0.90,0.00,19.04,18.04,3,1,NULL),(328,2,1,'test test, Md. Ali Road, Bhikku Chowk, Gulshanabad, Malegaon, Maharashtra 423203, India, test',20.5493451,74.5333988,'',0.00,0.00,1.99,2.99,1.00,NULL,0.01,4.99,NULL,NULL,NULL,NULL,NULL,NULL,'2021-12-02 12:38:46.169994','2021-12-02 13:32:42.830269',NULL,NULL,325,21,'M4A00328','0','HOME','',0,20.5471137,74.5351045,'0','0','2 PM - 4 PM',3,'0','0','0','0','0',NULL,'2021-12-03',0.27,4.72,2.73,-0.26,-0.26,-0.03,-0.23,0.10,-0.33,0.10,0.90,1.99,4.95,3.95,1,2,NULL),(330,2,1,'12, Church Gate, Butt Close Lane, Leicester, United Kingdom, LE1, Dg',52.6383361,-1.1352554,'',0.00,0.00,1.99,2.99,1.00,NULL,19.75,24.73,NULL,NULL,NULL,NULL,NULL,NULL,'2021-12-03 13:49:48.894183','2021-12-03 13:50:42.793293',NULL,NULL,243,22,'M4A00330','0','HOME','',0,52.6257960,-1.1090501,'0','0','4 PM - 6 PM',3,'0','0','0','0','0',NULL,'2021-12-03',0.55,24.18,22.19,19.20,19.20,3.84,15.36,0.14,15.22,0.10,0.90,1.99,8.82,7.82,3,1,NULL),(331,1,1,'test, HG2Q+G26, Sardar Nagar, Nayapura, Malegaon, Maharashtra 423203, India, test',20.5511817,74.5372367,'',0.00,0.00,1.99,2.99,1.00,NULL,0.01,5.00,NULL,NULL,NULL,NULL,NULL,NULL,'2021-12-04 10:34:16.527450','2021-12-04 10:34:16.547861',NULL,NULL,341,21,'M4A00331','0','HOME','',0,20.5471137,74.5351045,'0','0','6 PM - 8 PM',1,'0','0','0','0','0',NULL,'2021-12-04',0.27,4.73,2.74,-0.25,-0.25,-0.03,-0.23,0.10,-0.33,0.10,0.90,1.99,4.95,3.95,1,1,NULL),(332,7,0,'70 , 70 Haddenham Rd, Leicester LE3 2BF, UK, Haddenham Road ',52.6200656,-1.1548174,'',0.00,0.00,1.99,0.00,0.00,NULL,3.50,5.49,NULL,'Changed My Mind',NULL,NULL,NULL,NULL,'2021-12-05 15:49:26.074531','2021-12-05 15:58:23.130128',NULL,NULL,344,22,'M4A00332','0','HOME','',0,52.6257960,-1.1090501,'0','0','6 PM - 8 PM',1,'0','0','0','0','0',NULL,'2021-12-05',0.28,5.21,3.22,3.22,3.22,0.64,2.58,0.11,2.47,0.00,0.00,0.00,2.63,2.63,1,1,NULL),(333,7,1,'70 , 70 Haddenham Rd, Leicester LE3 2BF, UK, Haddenham Road ',52.6488038,-1.1320514,'',0.00,0.00,1.99,2.99,1.00,NULL,3.75,8.73,NULL,'Changed My Mind',NULL,NULL,NULL,NULL,'2021-12-05 16:01:46.348070','2021-12-05 16:16:21.713344',NULL,NULL,344,22,'M4A00333','0','HOME','',0,52.6257960,-1.1090501,'0','0','6 PM - 8 PM',1,'0','0','0','0','0',NULL,'2021-12-05',0.32,8.41,6.42,3.43,3.43,0.69,2.74,0.11,2.64,0.10,0.90,1.99,5.67,4.67,1,1,NULL),(334,2,1,'6, Unnamed Road, Leicester LE1, UK, Abbey park',52.6462333,-1.1360127,'',0.00,0.00,1.99,2.99,1.00,NULL,3.75,8.73,NULL,NULL,NULL,NULL,NULL,NULL,'2021-12-05 16:25:20.876353','2021-12-05 17:03:41.194147',NULL,NULL,343,22,'M4A00334','0','HOME','',0,52.6257960,-1.1090501,'0','0','6 PM - 8 PM',1,'0','0','0','0','0',NULL,'2021-12-05',0.32,8.41,6.42,3.43,3.43,0.69,2.74,0.11,2.64,0.10,0.90,1.99,5.67,4.67,1,1,NULL),(335,6,1,'6, 5 Corbridge Cl, Leicester LE4 5AN, UK, close',52.6490423,-1.1323371,'',0.00,0.00,1.99,2.99,1.00,NULL,1.75,6.73,NULL,NULL,NULL,NULL,NULL,NULL,'2021-12-06 11:21:14.402031','2021-12-06 11:25:42.684102',15,NULL,243,22,'M4A00335','0','WORK','item_lL1fJWF.jpeg',1,52.6257960,-1.1090501,'2.3920000000000003','0','2 PM - 4 PM',2,'20','0.35','1.4','20','0.5980000000000001','\"pi_3K3fHHBNAGTtTpMZ1YkGhOqe\"','2021-12-06',0.29,6.44,4.45,1.46,1.46,0.29,1.16,0.10,1.06,0.10,0.90,1.99,5.27,4.27,1,1,NULL),(336,6,1,'6, 5 Corbridge Cl, Leicester LE4 5AN, UK, close',52.6545559,-1.1026373,'',0.00,0.00,1.99,2.99,1.00,NULL,1.75,6.73,NULL,NULL,NULL,NULL,NULL,NULL,'2021-12-06 19:37:54.861112','2021-12-06 22:15:47.339764',15,NULL,243,22,'M4A00336','0','WORK','item_wTppfmU.jpeg',1,52.6257960,-1.1090501,'2.3920000000000003','0','10 AM - 12 PM',2,'20','0.35','1.4','20','0.5980000000000001','\"pi_3K3n27BNAGTtTpMZ1pVtT3rq\"','2021-12-07',0.29,6.44,4.45,1.46,1.46,0.29,1.16,0.10,1.06,0.10,0.90,1.99,5.27,4.27,1,1,NULL),(337,6,1,'6, Abbey, Corbridge Close, Leicester, United Kingdom, LE4 5EF, Abbey',52.6488037,-1.1321225,'',0.00,0.00,1.99,2.99,1.00,NULL,1.75,6.73,NULL,NULL,NULL,NULL,NULL,NULL,'2021-12-07 08:24:37.246660','2021-12-07 08:33:14.203182',15,NULL,243,22,'M4A00337','0','WORK','item_Qhn3jNu.jpeg',1,52.6257960,-1.1090501,'2.3920000000000003','0','10 AM - 12 PM',2,'20','0.35','1.4','20','0.5980000000000001','pi_3K3z0CBNAGTtTpMZ0frjCDb6','2021-12-07',0.29,6.44,4.45,1.46,1.46,0.29,1.16,0.10,1.06,0.10,0.90,1.99,5.27,4.27,1,1,NULL),(338,6,1,'6, Abbey, Corbridge Close, Leicester, United Kingdom, LE4 5EF, Abbey',52.6488037,-1.1321225,'',0.00,0.00,1.99,2.99,1.00,NULL,1.75,6.73,NULL,NULL,NULL,NULL,NULL,NULL,'2021-12-07 15:15:31.135164','2021-12-07 15:20:25.239796',15,NULL,243,22,'M4A00338','0','WORK','Order-1638890421672.jpeg',1,52.6257960,-1.1090501,'2.3920000000000003','0','6 PM - 8 PM',2,'20','0.35','1.4','20','0.5980000000000001','pi_3K45PUBNAGTtTpMZ0BOOGwNz','2021-12-07',0.29,6.44,4.45,1.46,1.46,0.29,1.16,0.10,1.06,0.10,0.90,1.99,5.27,4.27,1,1,NULL),(339,6,1,'3, Abbey, Corbridge Close, Leicester, United Kingdom, LE4 5EF, Dr',52.6488647,-1.1320592,'',0.00,0.00,1.99,2.99,1.00,NULL,1.75,6.73,NULL,NULL,NULL,NULL,NULL,NULL,'2021-12-07 17:24:54.578694','2021-12-07 17:31:09.434958',15,NULL,243,22,'M4A00339','0','WORK','item_Xv64249.jpeg',1,52.6257960,-1.1090501,'2.3920000000000003','0','10 AM - 12 PM',2,'20','0.35','1.4','20','0.5980000000000001','pi_3K47RSBNAGTtTpMZ18mcFedY','2021-12-08',0.29,6.44,4.45,1.46,1.46,0.29,1.16,0.10,1.06,0.10,0.90,1.99,5.27,4.27,1,1,NULL);
/*!40000 ALTER TABLE `category_orderdata` ENABLE KEYS */;
UNLOCK TABLES;

--
-- Table structure for table `category_orderservices`
--

DROP TABLE IF EXISTS `category_orderservices`;
/*!40101 SET @saved_cs_client     = @@character_set_client */;
/*!50503 SET character_set_client = utf8mb4 */;
CREATE TABLE `category_orderservices` (
  `id` int NOT NULL AUTO_INCREMENT,
  `quantity` varchar(30) DEFAULT NULL,
  `price` varchar(30) DEFAULT NULL,
  `unit` varchar(30) DEFAULT NULL,
  `order_id` int DEFAULT NULL,
  `service_id` int DEFAULT NULL,
  `is_removed` tinyint(1) NOT NULL,
  `note` longtext NOT NULL,
  PRIMARY KEY (`id`),
  KEY `category_orderservic_order_id_4a8ece21_fk_category_` (`order_id`),
  KEY `category_orderservic_service_id_7637f3fb_fk_category_` (`service_id`),
  CONSTRAINT `category_orderservic_order_id_4a8ece21_fk_category_` FOREIGN KEY (`order_id`) REFERENCES `category_orderdata` (`id`) ON DELETE RESTRICT ON UPDATE RESTRICT,
  CONSTRAINT `category_orderservic_service_id_7637f3fb_fk_category_` FOREIGN KEY (`service_id`) REFERENCES `category_vendorsubcategorydata` (`id`) ON DELETE RESTRICT ON UPDATE RESTRICT
) ENGINE=InnoDB AUTO_INCREMENT=893 DEFAULT CHARSET=latin1;
/*!40101 SET character_set_client = @saved_cs_client */;

--
-- Dumping data for table `category_orderservices`
--

LOCK TABLES `category_orderservices` WRITE;
/*!40000 ALTER TABLE `category_orderservices` DISABLE KEYS */;
INSERT INTO `category_orderservices` VALUES (592,'1','5.0','Per KG',210,266,0,''),(593,'1.5','4.5','Per KG',210,267,0,''),(594,'0.5','1.75','Per KG',211,268,0,''),(595,'1','4.0','Per KG',211,267,0,''),(596,'1','5.5','Per KG',211,266,0,''),(597,'1','3.49','Per KG',212,272,0,''),(598,'1','3.99','Per KG',212,273,0,''),(599,'1','1.0','Per KG',213,313,0,'Clean n Cut, 8 Pieces'),(600,'1','1.0','Per KG',214,313,0,'Cleaned, 8 Pieces'),(601,'0.5','0.005','Per KG',215,272,0,''),(602,'0.5','0.5','Per KG',216,313,0,''),(603,'1.5','8.25','Per KG',217,266,0,'Cleaned, Cleaned/Washed'),(604,'1','4.0','Per KG',217,267,0,'Without Skin'),(605,'0.5','1.75','Per KG',217,268,0,''),(606,'0.5','2.75','Per KG',218,266,0,''),(607,'1.5','6.0','Per KG',218,267,0,''),(608,'1.5','13.125','Per KG',218,287,0,''),(609,'1.5','19.125','Per KG',218,289,0,'Whole Barbeque Cut, Small Chicken Legs'),(610,'1','5.5','Per KG',219,266,0,''),(611,'1.5','6.0','Per KG',219,267,0,''),(612,'1','3.5','Per KG',219,268,0,''),(613,'1','2.5','Per KG',219,269,0,''),(614,'0.5','2.75','Per KG',220,266,0,''),(615,'0.5','2.0','Per KG',220,267,0,''),(616,'0.5','1.75','Per KG',220,268,0,''),(617,'0.5','2.0','Per KG',221,267,0,''),(618,'0.5','2.75','Per KG',221,266,0,''),(619,'0.5','1.75','Per KG',221,268,0,''),(620,'0.5','1.25','Per KG',221,269,0,''),(621,'0.5','2.0','Per KG',222,267,0,''),(622,'0.5','1.75','Per KG',222,268,0,''),(623,'0.5','2.75','Per KG',222,266,0,''),(624,'0.5','2.75','Per KG',223,266,0,''),(625,'0.5','2.0','Per KG',223,267,0,''),(626,'0.5','1.75','Per KG',223,268,0,''),(627,'1','3.99','Per KG',224,273,0,''),(628,'1','5.5','Per KG',225,266,0,'Standard Nibblets, 4 Pieces'),(629,'1','4.0','Per KG',225,267,0,''),(630,'1','3.5','Per KG',225,268,0,''),(631,'0.5','2.75','Per KG',226,266,0,''),(632,'0.5','2.0','Per KG',226,267,0,''),(633,'0.5','0.005','Per KG',227,272,0,''),(634,'1.5','0.015','Per KG',228,272,0,''),(635,'2.5','13.75','Per KG',229,266,0,'Clean n Cut, Whole, Slices'),(636,'1','4.0','Per KG',229,267,1,''),(637,'1','3.5','Per KG',229,268,0,'Without Skin, Cleaned/Washed, 8 Pieces'),(638,'0.5','0.005','Per KG',230,272,0,''),(639,'2','8.5','Per KG',231,271,0,'Cleaned/Washed'),(640,'2','8.5','Per KG',232,271,0,'Cleaned/Washed'),(641,'2','8.5','Per KG',233,271,0,'Cleaned/Washed'),(642,'1.5','8.25','Per KG',234,266,0,'With Skin, Cleaned/Washed, Clean n Cut, Medium'),(643,'1','4.0','Per KG',234,267,0,''),(644,'1','3.5','Per KG',234,268,0,''),(645,'3.0','0.03','Per KG',235,272,0,'With Skin,     Without Skin,    Clean n Cut,   Cleaned,  Cleaned/Washed, Whole'),(646,'1.0','4.0','Per KG',235,346,0,''),(647,'1','5.5','Per KG',236,266,0,''),(648,'1','0.01','Per KG',237,272,0,''),(649,'2','0.02','Per KG',238,272,0,''),(650,'0.5','2.0','Per KG',239,346,0,''),(651,'0.5','0.005','Per KG',239,272,0,''),(652,'0.5','0.005','Per KG',240,272,0,''),(653,'0.5','2.75','Per KG',241,266,0,''),(654,'1','5.5','Per KG',242,266,0,'With Skin, Cleaned/Washed, Clean n Cut, Medium'),(655,'1.5','6.0','Per KG',242,267,0,''),(656,'1','3.5','Per KG',242,268,1,''),(657,'0.5','0.005','Per KG',243,272,0,''),(658,'0.5','1.25','Per KG',244,269,0,''),(659,'1','0.01','Per KG',245,272,0,''),(660,'2','0.02','Per KG',246,272,0,''),(661,'1','5.5','Per KG',247,266,0,''),(662,'0.5','0.005','Per KG',248,272,0,''),(663,'0.5','1.25','Per KG',249,269,1,''),(664,'0.5','3.0','Per KG',249,266,0,'With Skin, Cleaned/Washed, 10 Pieces'),(665,'0.5','2.0','Per KG',249,267,0,''),(666,'0.5','0.005','Per KG',250,272,0,''),(667,'1.0','3.99','Per KG',250,273,0,''),(668,'0.5','0.005','Per KG',251,272,0,''),(669,'0.5','1.995','Per KG',251,273,0,''),(670,'0.5','3.0','Per KG',252,266,0,'Cleaned, Without Skin, 6 Pieces'),(671,'0.5','2.25','Per KG',252,267,0,''),(672,'1','6.0','Per KG',253,266,0,''),(673,'1','4.5','Per KG',253,267,0,''),(674,'0.5','3.0','Per KG',254,266,1,'Cleaned, Strips, 8 Pieces'),(675,'1','8.75','Per KG',254,287,0,'12 Pieces'),(676,'0.5','3.0','Per KG',255,266,0,''),(677,'0.5','4.375','Per KG',255,287,0,''),(678,'1','12.99','Per KG',255,288,0,''),(679,'1.0','4.5','Per KG',256,267,0,''),(680,'1.0','2.5','Per KG',256,269,0,''),(681,'0.5','6.45','Per KG',256,329,0,''),(682,'1','6.0','Per KG',257,266,0,'2 Pieces, 6 Pieces'),(683,'1.5','6.75','Per KG',257,267,0,'Strips, 8 Pieces, 4 Pieces'),(684,'0.5','1.25','Per KG',258,269,0,''),(685,'1.0','0.01','Per KG',259,272,0,''),(686,'1','6.0','Per KG',260,266,0,''),(687,'1','4.5','Per KG',260,267,0,'Clean n Cut, With Skin'),(688,'1','3.5','Per KG',260,268,0,''),(689,'0.5','1.75','Per KG',261,268,0,''),(690,'0.5','2.25','Per KG',262,267,0,''),(691,'5.5','0.055','Per KG',263,272,0,''),(692,'3.5','13.965','Per KG',263,273,0,''),(693,'3.5','12.215','Per KG',263,274,0,''),(694,'2.0','0.02','Per KG',264,272,0,''),(695,'1.0','3.99','Per KG',264,273,0,''),(696,'3.5','12.215','Per KG',264,274,0,''),(697,'0.5','0.005','Per KG',265,272,0,''),(698,'0.5','2.0','Per KG',265,346,0,''),(699,'0.5','0.005','Per KG',266,272,0,''),(700,'0.5','1.995','Per KG',266,273,0,''),(701,'1.0','0.01','Per KG',267,272,0,''),(702,'0.5','0.005','Per KG',268,272,0,''),(703,'0.5','1.995','Per KG',268,273,0,''),(704,'0.5','0.005','Per KG',269,272,0,''),(705,'1.0','0.01','Per KG',270,272,0,''),(706,'0.5','1.995','Per KG',270,273,0,''),(707,'1.0','0.01','Per KG',271,272,0,''),(708,'1.0','3.99','Per KG',271,273,0,''),(709,'1.0','0.01','Per KG',272,272,0,''),(710,'1.0','3.99','Per KG',272,273,0,''),(711,'1.0','6.0','Per KG',273,266,0,''),(712,'1.0','4.0','Per Piece',273,276,0,''),(713,'1.0','8.99','Per KG',273,287,0,'Large Pieces,  Slices, Whole Shank'),(714,'1.0','12.49','Per KG',273,289,0,''),(715,'1.0','12.25','Per KG',273,290,0,''),(716,'0.5','3.0','Per KG',274,266,0,''),(717,'1.0','4.5','Per KG',274,267,0,''),(718,'0.5','4.495','Per KG',274,287,0,''),(719,'1.5','20.235','Per KG',274,288,0,''),(720,'1.0','13.9','Per KG',275,336,0,''),(721,'1.0','5.25','Per KG',275,337,0,''),(722,'1.5','9.0','Per KG',276,266,0,''),(723,'1.5','6.75','Per KG',276,267,0,''),(724,'1.0','8.99','Per KG',276,287,0,''),(725,'2.0','26.98','Per KG',276,288,0,''),(726,'0.5','2.25','Per KG',277,267,0,''),(727,'0.5','2.0','Per KG',277,268,0,''),(728,'0.5','3.0','Per KG',277,266,0,''),(729,'0.5','6.745','Per KG',277,288,0,''),(730,'0.5','4.495','Per KG',277,287,0,''),(731,'1.0','8.99','Per KG',278,287,0,''),(732,'1.5','20.235','Per KG',278,288,0,''),(733,'1.0','13.99','Per KG',279,303,0,''),(734,'1.0','13.99','Per KG',279,304,0,''),(735,'1.0','11.99','Per KG',279,305,0,''),(736,'2.0','0.02','Per KG',280,272,0,''),(737,'0.5','3.0','Per KG',281,266,0,''),(738,'0.5','2.25','Per KG',281,267,0,''),(739,'0.5','6.745','Per KG',281,288,0,''),(740,'0.5','6.245','Per KG',281,289,0,''),(741,'0.5','4.495','Per KG',281,287,0,''),(742,'1.0','0.01','Per KG',282,272,0,''),(743,'2.0','7.98','Per KG',282,273,0,''),(744,'2.0','0.02','Per KG',283,272,0,''),(745,'1.0','8.99','Per KG',284,287,0,''),(746,'1.0','13.49','Per KG',284,288,0,'Without Fat,  Small Pieces, Clean & Whole'),(747,'3.0','225.0','Per Piece',284,302,0,''),(748,'1.0','6.0','Per KG',285,266,0,'Without Skin, Strips'),(749,'1.0','4.5','Per KG',285,267,0,''),(750,'1.0','8.99','Per KG',285,287,0,'Large Pieces, Without Fat'),(751,'1.0','13.49','Per KG',285,288,0,''),(752,'1.0','6.0','Per KG',286,266,0,''),(753,'1.0','4.5','Per KG',286,267,0,''),(754,'1.0','4.0','Per KG',286,268,0,''),(755,'1.0','8.99','Per KG',286,287,0,''),(756,'1.0','13.49','Per KG',286,288,0,''),(757,'1.5','13.485','Per KG',287,287,0,'2 inch Slice Thickness, Whole Shank'),(758,'1.5','20.235','Per KG',287,288,0,''),(759,'1.0','12.49','Per KG',287,291,0,''),(760,'2.0','15.0','Per KG',287,292,0,''),(761,'1.0','6.0','Per KG',288,266,1,'8 Pieces'),(762,'1.0','4.5','Per KG',288,267,0,'6 Pieces'),(763,'1.0','4.0','Per KG',288,268,0,'With Skin, Medium'),(764,'1.0','8.99','Per KG',288,287,0,'With Fat'),(765,'1.0','13.49','Per KG',288,288,0,'Slices'),(766,'1.0','6.0','Per KG',289,266,0,''),(767,'1.0','8.99','Per KG',289,287,0,''),(768,'1.0','12.25','Per KG',289,290,0,''),(769,'1.0','7.5','Per KG',289,292,0,''),(770,'1.0','17.49','Per KG',289,296,0,''),(771,'1.0','3.49','Per KG',289,298,0,''),(772,'1.0','6.0','Per KG',290,266,0,'Whole,  With Skin, Cleaned'),(773,'1.0','4.5','Per KG',290,267,0,''),(774,'1.5','13.485','Per KG',290,287,0,''),(775,'1.0','13.49','Per KG',290,288,0,''),(776,'0.5','3.0','Per KG',291,266,0,''),(777,'0.5','2.25','Per KG',291,267,0,''),(778,'0.5','2.0','Per KG',291,268,0,''),(779,'1.0','8.99','Per KG',291,287,0,''),(780,'1.0','13.49','Per KG',291,288,0,''),(781,'1.0','12.49','Per KG',291,289,0,''),(782,'1.0','8.99','Per KG',292,287,0,''),(783,'2.0','0.02','Per KG',293,272,0,''),(784,'1.5','5.985','Per KG',293,273,0,''),(785,'2.0','0.02','Per KG',294,272,0,''),(786,'1.0','3.49','Per KG',294,274,0,''),(787,'2.0','0.02','Per KG',295,272,0,''),(788,'2.0','6.98','Per KG',295,274,0,''),(789,'4.0','0.04','Per KG',296,272,0,''),(790,'2.0','0.02','Per KG',297,272,0,''),(791,'1.0','8.99','Per KG',298,287,0,''),(792,'1.0','13.49','Per KG',298,288,0,''),(793,'1.0','4.5','Per KG',299,267,0,''),(794,'1.0','4.0','Per KG',299,268,0,''),(795,'1.0','8.99','Per KG',299,287,0,''),(796,'1.0','13.49','Per KG',299,288,0,''),(797,'0.5','3.0','Per KG',300,266,0,''),(798,'0.5','1.75','Per KG',300,269,0,''),(799,'1.0','8.99','Per KG',300,287,1,'Large Pieces,  Mixed Cuts, Without Fat'),(800,'1.5','20.235','Per KG',300,288,1,''),(801,'2.0','27.98','Per KG',301,303,0,''),(802,'2.0','0.02','Per KG',302,272,0,''),(803,'1.0','8.99','Per KG',303,287,0,''),(804,'1.0','13.9','Per KG',304,336,0,''),(805,'1.0','5.25','Per KG',304,337,0,''),(806,'1.0','19.9','Per KG',304,338,0,''),(807,'2.5','0.025','Per KG',305,272,0,''),(808,'1.0','13.9','Per KG',306,336,0,''),(809,'1.0','5.25','Per KG',306,337,0,''),(810,'1.0','19.9','Per KG',306,338,0,''),(811,'2.0','27.98','Per KG',307,303,0,''),(812,'1.0','8.99','Per KG',308,287,0,'With Fat,  Large Pieces, Small Pieces'),(813,'1.0','13.49','Per KG',308,288,0,''),(814,'1.0','9.5','Per KG',309,315,0,''),(815,'1.0','9.5','Per KG',309,316,0,''),(816,'1.0','9.25','Per KG',309,317,0,''),(817,'1.0','8.99','Per KG',310,287,0,''),(818,'2.5','33.725','Per KG',310,288,0,''),(819,'1.5','18.735','Per KG',310,289,0,''),(820,'2.0','0.02','Per KG',311,272,0,''),(821,'1.5','13.485','Per KG',312,287,0,''),(822,'1.5','20.235','Per KG',312,288,0,''),(823,'1.5','18.735','Per KG',312,289,0,''),(824,'2.0','0.02','Per KG',313,272,0,''),(825,'1.0','8.99','Per KG',314,287,0,''),(826,'1.5','20.235','Per KG',314,288,0,''),(827,'2.0','24.98','Per KG',314,289,0,''),(828,'2.0','0.02','Per KG',315,272,0,''),(829,'2.0','7.2','Per Piece',316,341,0,''),(830,'2.0','9.1','Per Piece',316,342,0,''),(831,'1.5','0.015','Per KG',317,272,0,''),(832,'1.0','8.99','Per KG',318,287,0,''),(833,'2.0','26.98','Per KG',318,288,0,''),(834,'2.0','24.98','Per KG',318,289,0,''),(835,'0.5','0.005','Per KG',319,272,0,''),(836,'0.5','1.995','Per KG',319,273,0,''),(837,'1.0','3.49','Per KG',319,274,0,''),(838,'0.5','3.0','Per KG',320,266,0,''),(839,'0.5','1.75','Per KG',320,269,0,''),(840,'0.5','2.25','Per KG',320,271,0,''),(841,'2.5','22.475','Per KG',320,287,0,''),(842,'0.5','6.745','Per KG',320,288,0,''),(843,'3.0','26.97','Per KG',321,287,0,''),(844,'3.0','40.47','Per KG',321,288,0,''),(845,'2.5','31.225','Per KG',321,289,0,''),(846,'1.5','13.485','Per KG',322,287,0,''),(847,'3.0','40.47','Per KG',322,288,0,''),(848,'3.0','37.47','Per KG',322,289,0,''),(849,'3','26.97','Per KG',323,287,0,''),(850,'2','26.98','Per KG',323,288,0,''),(851,'1','12.49','Per KG',323,289,0,''),(852,'1.5','18.375','Per KG',323,290,0,''),(853,'1','6.0','Per KG',323,266,0,''),(854,'1.5','6.75','Per KG',323,267,0,''),(855,'1.5','6.0','Per KG',323,268,0,''),(856,'1','6.0','Per KG',324,266,0,'With Skin, Medium'),(857,'1','4.5','Per KG',324,267,0,''),(858,'1.5','13.485','Per KG',324,287,0,'Clean n Cut, 6 Pieces'),(859,'1','13.49','Per KG',324,288,0,''),(860,'1','6.0','Per KG',325,266,0,''),(861,'2','9.0','Per KG',325,267,0,''),(862,'2','9.0','Per KG',326,271,0,'Cleaned'),(863,'1','7.0','Per KG',326,280,0,'Remove Middle tip, From Chicken Breast'),(864,'2','8.0','Per Piece',326,282,0,''),(865,'1','13.99','Per KG',326,304,0,''),(866,'1','13.99','Per KG',326,303,0,''),(867,'1','11.99','Per KG',326,305,0,''),(868,'1','13.9','Per KG',326,336,0,''),(869,'1','5.25','Per KG',326,337,0,''),(870,'1','3.6','Per Piece',326,341,0,''),(871,'1','4.55','Per Piece',326,342,0,''),(872,'1.5','13.485','Per KG',327,287,0,''),(873,'1.5','20.235','Per KG',327,288,0,''),(874,'2','24.98','Per KG',327,289,0,''),(875,'1','13.99','Per KG',327,303,0,'With Skin'),(876,'1','13.99','Per KG',327,304,0,'6 Pieces'),(877,'1','0.01','Per KG',328,272,0,''),(878,'1.5','9.0','Per KG',330,266,0,''),(879,'1.5','6.75','Per KG',330,267,0,''),(880,'1','4.0','Per KG',330,268,0,''),(881,'1.5','0.015','Per KG',331,272,0,''),(882,'0.5','1.75','Per KG',332,269,0,''),(883,'0.5','1.75','Per KG',332,277,0,''),(884,'0.5','2.0','Per KG',333,270,0,''),(885,'0.5','1.75','Per KG',333,269,0,''),(886,'0.5','1.75','Per KG',334,269,0,''),(887,'0.5','2.0','Per KG',334,268,0,''),(888,'0.5','1.75','Per KG',335,269,0,'With Skin, Cleaned'),(889,'0.5','1.75','Per KG',336,269,0,'With Skin, Cleaned'),(890,'0.5','1.75','Per KG',337,269,0,'Clean n Cut, Whole, Strips'),(891,'0.5','1.75','Per KG',338,269,0,'Clean n Cut, Without Skin'),(892,'0.5','1.75','Per KG',339,269,0,'Slices, Cleaned');
/*!40000 ALTER TABLE `category_orderservices` ENABLE KEYS */;
UNLOCK TABLES;

--
-- Table structure for table `category_paymenthistorydata`
--

DROP TABLE IF EXISTS `category_paymenthistorydata`;
/*!40101 SET @saved_cs_client     = @@character_set_client */;
/*!50503 SET character_set_client = utf8mb4 */;
CREATE TABLE `category_paymenthistorydata` (
  `id` int NOT NULL AUTO_INCREMENT,
  `total_amount` float DEFAULT NULL,
  `contact_email` varchar(45) DEFAULT NULL,
  `payout_date` varchar(45) DEFAULT NULL,
  `payout_type` varchar(45) DEFAULT NULL,
  `contact_id` varchar(45) DEFAULT NULL,
  `payout_reference` varchar(45) DEFAULT NULL,
  `contact_name` varchar(45) DEFAULT NULL,
  `contact_phone_number` varchar(45) DEFAULT NULL,
  PRIMARY KEY (`id`)
) ENGINE=InnoDB AUTO_INCREMENT=30 DEFAULT CHARSET=latin1;
/*!40101 SET character_set_client = @saved_cs_client */;

--
-- Dumping data for table `category_paymenthistorydata`
--

LOCK TABLES `category_paymenthistorydata` WRITE;
/*!40000 ALTER TABLE `category_paymenthistorydata` DISABLE KEYS */;
INSERT INTO `category_paymenthistorydata` VALUES (1,1.28,'syedisaq@yahoo.com','05/12/2021','driver','15','M4A05122021#15',NULL,NULL),(19,25.24,'isaq@gmail.com','05/12/2021','driver','14','M4A05122021#14',NULL,NULL),(20,25.28,'isaq@gmail.com','05/12/2021','driver','14','M4A05122021#14','IAhmed',NULL),(22,25.22,'testdriver@gmail.com','05/12/2021','driver','13','M4A05122021#13','Test  Driver',NULL),(23,25.23,'testdriver@gmail.com','05/12/2021','driver','13','M4A05122021#13','Test  Driver','+919999999999'),(24,25.24,'testdriver@gmail.com','05/12/2021','driver','13','M4A05122021#13','Test  Driver','+919999999999'),(25,25.25,'testdriver@gmail.com','05/12/2021','driver','13','M4A05122021#13','Test  Driver','+919999999999'),(26,25.26,'testdriver@gmail.com','05/12/2021','driver','13','M4A05122021#13','Test  Driver','+919999999999'),(27,25.27,'testdriver@gmail.com','05/12/2021','driver','13','M4A05122021#13','Test  Driver','+919999999999'),(28,25.28,'testdriver@gmail.com','05/12/2021','driver','13','M4A05122021#13','Test  Driver','+919999999999'),(29,25.29,'testdriver@gmail.com','05/12/2021','driver','13','M4A05122021#13','Test  Driver','+919999999999');
/*!40000 ALTER TABLE `category_paymenthistorydata` ENABLE KEYS */;
UNLOCK TABLES;

--
-- Table structure for table `category_settingdata`
--

DROP TABLE IF EXISTS `category_settingdata`;
/*!40101 SET @saved_cs_client     = @@character_set_client */;
/*!50503 SET character_set_client = utf8mb4 */;
CREATE TABLE `category_settingdata` (
  `id` int NOT NULL AUTO_INCREMENT,
  `key` varchar(250) NOT NULL,
  `value` varchar(250) NOT NULL,
  `created` datetime(6) NOT NULL,
  `modified` datetime(6) NOT NULL,
  PRIMARY KEY (`id`)
) ENGINE=InnoDB AUTO_INCREMENT=4 DEFAULT CHARSET=latin1;
/*!40101 SET character_set_client = @saved_cs_client */;

--
-- Dumping data for table `category_settingdata`
--

LOCK TABLES `category_settingdata` WRITE;
/*!40000 ALTER TABLE `category_settingdata` DISABLE KEYS */;
INSERT INTO `category_settingdata` VALUES (1,'PROXIMITY','5','2020-06-11 14:09:23.375401','2020-06-13 16:55:41.848484'),(2,'ETD','2','2020-06-12 04:44:49.117460','2020-06-12 04:44:59.606382'),(3,'EXECUTIVE_PROXIMITY','20','2020-07-11 11:48:25.016993','2020-07-11 11:48:25.017062');
/*!40000 ALTER TABLE `category_settingdata` ENABLE KEYS */;
UNLOCK TABLES;

--
-- Table structure for table `category_subcategorydata`
--

DROP TABLE IF EXISTS `category_subcategorydata`;
/*!40101 SET @saved_cs_client     = @@character_set_client */;
/*!50503 SET character_set_client = utf8mb4 */;
CREATE TABLE `category_subcategorydata` (
  `id` int NOT NULL AUTO_INCREMENT,
  `name` varchar(250) NOT NULL,
  `is_active` tinyint(1) NOT NULL,
  `image` varchar(100) DEFAULT NULL,
  `created` datetime(6) NOT NULL,
  `modified` datetime(6) NOT NULL,
  `category_id` int DEFAULT NULL,
  PRIMARY KEY (`id`),
  KEY `category_subcategory_category_id_fbed3830_fk_category_` (`category_id`),
  CONSTRAINT `category_subcategory_category_id_fbed3830_fk_category_` FOREIGN KEY (`category_id`) REFERENCES `category_categorydata` (`id`) ON DELETE RESTRICT ON UPDATE RESTRICT
) ENGINE=InnoDB AUTO_INCREMENT=105 DEFAULT CHARSET=latin1;
/*!40101 SET character_set_client = @saved_cs_client */;

--
-- Dumping data for table `category_subcategorydata`
--

LOCK TABLES `category_subcategorydata` WRITE;
/*!40000 ALTER TABLE `category_subcategorydata` DISABLE KEYS */;
INSERT INTO `category_subcategorydata` VALUES (1,'Breast',1,'Chicken_breast-min.png','2020-05-27 11:14:18.432396','2021-11-17 09:41:39.395248',1),(2,'Thigh',1,'Chicken_Thigh-min.png','2020-05-27 11:14:32.877733','2021-11-17 09:41:29.532082',1),(3,'Niblets',1,'Chicken_Niblets-min.png','2020-05-27 11:14:45.389311','2021-11-17 09:41:17.167785',1),(4,'Wings',1,'Chicken_Wings-min.png','2020-05-27 11:14:56.524220','2021-11-17 09:41:00.622424',1),(5,'Drumstick',1,'Chicken_Drumsticks-min.png','2020-05-27 11:15:07.517746','2021-11-17 09:40:49.620370',1),(6,'Keema',1,'chicken_kheema--min.png','2020-05-27 11:15:32.819472','2021-11-17 09:40:38.137710',1),(7,'Liver',1,'chicken_liver-min.png','2020-05-27 11:15:45.120112','2021-11-17 09:40:27.896290',1),(8,'Gizzard',1,'chicken_gizzards-min.png','2020-05-27 11:15:59.683703','2021-11-17 09:40:13.370420',1),(9,'10 pcs Chicken Legs',1,'chicken_legs-min.png','2020-05-27 11:16:11.193066','2021-06-22 16:48:15.397232',1),(10,'Small Chicken Breast',1,'Small_Chicken_Breast-min.png','2020-05-27 11:16:23.218059','2021-06-25 15:14:39.287674',1),(11,'Small Chicken Wings',1,'small_chicken_wings-min.png','2020-05-27 11:16:34.115363','2021-06-22 16:43:03.926909',1),(12,'Chicken Jalfrezi',1,'Chicken_Jalfrezi_QJ1FXwj-min.png','2020-05-27 11:16:48.270610','2021-06-22 16:42:32.675084',1),(14,'3 Baby Chicken',1,'Large_chicken_1_4OiJn1p-min_d1rH5Jv.png','2020-05-27 11:17:18.330957','2021-06-22 16:44:15.485211',1),(15,'3 Medium Chickens',1,'Large_chicken_1_4OiJn1p-min_TwxAZNX.png','2020-05-27 11:17:28.123460','2021-06-22 16:44:00.359906',1),(16,'3 Large Chicken',1,'Large_chicken_1_4OiJn1p-min.png','2020-05-27 11:17:39.663327','2021-06-22 16:43:44.734949',1),(17,'Buffalo Wings',1,'buffalo_chicken_wings-min.png','2020-05-27 11:17:51.378634','2021-11-17 09:38:50.433523',1),(18,'1 Whole Chicken',1,'whole_chicken-min.png','2020-05-27 11:18:03.388940','2021-06-22 16:39:12.482917',1),(19,'Big Chicken Legs',1,'big_chicken_legs_-min.png','2020-05-27 11:18:13.480636','2021-06-22 16:38:52.891041',1),(20,'Large Chicken /kg',1,'Large_chicken_-min_nLNXkLD.png','2020-05-27 11:18:32.247040','2021-06-25 15:15:02.358727',1),(21,'3  Broiler Chicken (murgi)',1,'Broiler_Chicken_murgi-min.png','2020-05-27 11:18:47.506483','2021-06-22 16:35:01.799016',1),(22,'Free Range Chicken',1,'Free_Range_Chicken--min_VKlgdf4.png','2020-05-27 11:19:02.787991','2021-06-25 15:15:31.499967',1),(23,'Organic Chicken',1,'organic_chicken--min.png','2020-05-27 11:19:13.713223','2021-06-22 16:33:43.224254',1),(24,'Whole Lamb',1,'Whole_Lamb-min.png','2020-05-27 11:21:04.332250','2021-06-26 13:12:21.811389',2),(25,'Leg',1,'Lamb_Leg-min.png','2020-05-27 11:21:28.480738','2021-11-17 09:38:16.166078',2),(26,'Shoulder',1,'Lamb_shoulder-min.png','2020-06-02 10:14:39.543840','2021-11-17 09:37:54.051374',2),(28,'Chops',1,'Lamb_Chops-min.png','2020-06-02 10:15:45.464938','2021-11-17 09:37:35.990570',2),(29,'Back Chops',1,'Lamb_back_Chops-min.png','2020-06-02 10:16:04.248983','2021-11-17 09:37:14.619269',2),(30,'Neck',1,'Lamb_Neck-min.png','2020-06-02 10:16:20.676086','2021-11-17 09:37:02.408503',2),(31,'Ribs',1,'Lamb_Ribs--min.png','2020-06-02 10:16:41.075865','2021-11-17 09:36:46.809999',2),(32,'Mince',1,'Lamb_Mince-min.png','2020-06-02 10:17:03.335920','2021-11-17 09:36:33.274615',2),(33,'Lamb Mix',1,'Lamb_Mix-min.png','2020-06-02 10:17:17.083899','2021-06-26 13:05:35.777943',2),(34,'Boneless Meat',1,'Lamb_Boneless-min.png','2020-06-02 10:17:33.455527','2021-11-17 09:36:05.793056',2),(35,'Shank',1,'Lamb_Shank-min.png','2020-06-02 10:17:49.567058','2021-11-17 09:35:39.268106',2),(36,'Liver, Heart, Lungs',1,'Lamb_Lungs_Heart_Liver-min.png','2020-06-02 10:18:22.766679','2021-11-17 09:35:21.105859',2),(37,'Kidney',1,'Lamb_Kidney-min.png','2020-06-02 10:18:39.735392','2021-11-17 09:34:52.554315',2),(38,'Steak',1,'Lamb_steak--min.png','2020-06-02 10:18:51.515681','2021-11-17 09:34:38.101128',2),(39,'Brain',1,'lamb-brain-min.png','2020-06-02 10:19:03.050517','2021-11-17 09:34:15.245403',2),(40,'Stomach',1,'Lamb_Stomach-min.png','2020-06-02 10:19:15.428271','2021-11-17 09:33:55.127207',2),(41,'Whole Sheep',1,'Whole_Sheep-min.png','2020-06-02 10:19:31.288064','2021-06-26 13:04:08.106303',4),(42,'Leg',1,'Sheep_Leg-min.png','2020-06-02 10:19:44.179475','2021-11-17 09:33:31.651872',4),(43,'Shoulder',1,'Sheep_Shoulder-min.png','2020-06-02 10:19:59.571869','2021-11-17 09:22:00.209463',4),(44,'Chops',1,'sheep-chops--min.png','2020-06-02 10:20:15.470679','2021-11-17 09:21:32.210580',4),(45,'Back Chops',1,'Sheep_Back_Chops-min.png','2020-06-02 10:20:30.893291','2021-11-17 09:21:08.192806',4),(47,'Neck',1,'Sheep_Neck-min.png','2020-06-02 10:21:00.650305','2021-11-17 09:20:26.581606',4),(48,'Ribs',1,'Sheep_Ribs-min.png','2020-06-02 10:21:14.435244','2021-11-17 09:20:04.582037',4),(49,'Sheep Mix',1,'sheep_Mix-min.png','2020-06-02 10:21:26.366954','2021-11-17 09:45:45.548972',4),(50,'Boneless Meat',1,'Sheep_Boneless-min.png','2020-06-02 10:21:41.917265','2021-11-17 09:46:20.217546',4),(51,'Mince (Keema)',1,'Sheep_Mince-min.png','2020-06-02 10:22:00.837362','2021-11-17 09:18:26.046528',4),(53,'3 Pcs Sea Bass 300/400',1,'3_Pcs_Sea_Bass-min.png','2020-06-02 10:22:45.197680','2021-06-26 13:02:00.552945',3),(54,'Sea Bass',1,'Sea_Bass-min.png','2020-06-02 10:22:58.686686','2021-06-26 13:01:49.065723',3),(55,'Sea Bream',1,'Sea_Bream-min.png','2020-06-02 10:23:13.111138','2021-06-26 12:52:51.546899',3),(56,'Salmon',1,'Salmon-min.png','2020-06-02 10:23:25.706438','2021-06-26 12:52:39.131421',3),(57,'Fresh Coley',1,'Fresh_Coley-min.png','2020-06-02 10:23:45.880871','2021-06-26 12:52:24.878120',3),(58,'Pollock',1,'Pollock-min.png','2020-06-02 10:23:56.668503','2021-06-26 12:52:09.066207',3),(59,'Mullets',1,'Mullets-min.png','2020-06-02 10:24:08.541255','2021-06-26 12:51:55.564872',3),(61,'Whittling',1,'Whittling-min.png','2020-06-02 10:24:50.127081','2021-06-26 12:51:40.439586',3),(62,'Fish Roes',1,'Fish_Roes-min.png','2020-06-02 10:25:07.729494','2021-06-26 12:51:26.173543',3),(71,'Rohu',1,'Rohu-min.png','2020-06-02 17:38:43.861073','2021-06-26 12:51:10.001860',3),(72,'Mrigal',1,'Mrigal-min.png','2020-06-02 17:38:58.225124','2021-06-26 12:50:53.141764',3),(73,'Tilapia',1,'Tilapia-min.png','2020-06-02 17:39:10.048954','2021-06-26 12:50:35.798043',3),(74,'Pangas',1,'Pangas-min.png','2020-06-02 17:39:33.252599','2021-06-26 12:50:18.462329',3),(75,'Hilsha',1,'Hilsha-min.png','2020-06-02 17:39:53.300792','2021-06-26 12:50:05.234653',3),(76,'On The Bone',1,'Beef_On_The_Bone-min.png','2020-06-02 17:41:10.403094','2021-11-17 07:41:12.598193',5),(77,'Fillets',1,'Beef_Fillets-min.png','2020-06-02 17:41:31.127585','2021-11-17 07:40:51.952381',5),(78,'Sirloin',1,'beef-sirloin-min.png','2020-06-02 17:42:30.946076','2021-11-17 07:40:29.838987',5),(79,'T Bone',1,'Beef_T_Bone-min.png','2020-06-02 17:42:52.176785','2021-11-17 07:40:05.557856',5),(80,'Chops',1,'Beef-Chops-min.png','2020-06-02 17:43:10.785382','2021-11-17 07:39:39.784451',5),(81,'Silver Side',1,'Beef_Silver-min.png','2020-06-02 17:43:30.923681','2021-11-17 07:39:16.391140',5),(82,'Top Side',1,'Beef_Top_Side-min.png','2020-06-02 17:43:53.981550','2021-11-17 07:38:41.934515',5),(83,'Rump',1,'Beef_Rump-min.png','2020-06-02 17:44:15.080079','2021-11-17 07:37:14.712735',5),(84,'Paya',1,'Beef_Paya-min.png','2020-06-02 17:44:37.831473','2021-11-17 07:36:47.800917',5),(85,'Stomach',1,'Beef_Stomach-min.png','2020-06-02 17:45:01.153017','2021-11-17 07:36:27.168956',5),(86,'Liver',1,'Beef_liver-min.png','2020-06-02 17:45:19.292708','2021-11-17 07:36:01.248504',5),(87,'Bone',1,'Beef_Bone-min.png','2020-06-02 17:45:45.763099','2021-11-17 07:35:24.246585',5),(88,'Brisket',1,'Beef_Briskett-min.png','2020-06-02 17:46:17.412387','2021-11-17 07:34:24.942494',5),(89,'Ribeye',1,'Beef_Ribeye-min.png','2020-06-09 12:51:15.745956','2021-11-17 08:33:02.203840',5),(90,'Chops',1,'Chops-min.png','2020-06-09 12:52:45.678979','2021-06-26 12:35:33.663228',6),(91,'Wings',1,'Wings-min.png','2020-06-09 12:53:15.387603','2021-06-26 12:35:48.276202',6),(92,'Tbone',1,'Tbone-min.png','2020-06-09 12:53:26.101238','2021-06-26 12:36:00.722397',6),(93,'Chicken Leg',1,'Chicken_Leg-min.png','2020-06-09 12:53:46.185972','2021-06-26 12:36:16.951821',6),(94,'Half Chicken',1,'Half_Chicken-min.png','2020-06-09 12:54:04.087429','2021-06-26 12:36:30.792939',6),(95,'Amina Spice Small',1,'Meats4All_bVTqt9L.png','2020-06-09 12:55:00.206536','2020-08-18 15:28:42.604647',7),(96,'Amina Spice Large',1,'Meats4All_KQTCe67.png','2020-06-09 12:55:16.876515','2020-08-18 15:28:30.541198',7),(97,'10 Pcs Lamb Paya',1,'Lamb_Paya-min.png','2020-06-10 11:22:39.090923','2021-06-25 15:33:44.674950',2),(99,'Crab Claws',1,'crab_claws-min.png','2020-06-10 11:25:34.876774','2021-06-26 12:37:30.575809',8),(100,'King Prawns 20/30',1,'King_Prawns-min.png','2020-06-10 11:25:57.258991','2021-06-26 12:37:19.785803',8),(101,'White Prawns 40/50',1,'White_Prawns-min.png','2020-06-10 11:26:13.267741','2021-06-26 12:37:08.698911',8),(102,'Prawns',1,'prawns-min.png','2020-06-10 11:26:24.296423','2021-06-26 12:36:58.217425',8),(103,'Peeled Prawns',1,'Peeled_Prawns-min.png','2020-06-10 11:26:36.730386','2021-06-26 12:36:51.075727',8),(104,'Clean Prawns',1,'clean-prawns-min.png','2020-06-10 11:26:52.504889','2021-06-28 14:55:54.475483',8);
/*!40000 ALTER TABLE `category_subcategorydata` ENABLE KEYS */;
UNLOCK TABLES;

--
-- Table structure for table `category_vendorofferdata`
--

DROP TABLE IF EXISTS `category_vendorofferdata`;
/*!40101 SET @saved_cs_client     = @@character_set_client */;
/*!50503 SET character_set_client = utf8mb4 */;
CREATE TABLE `category_vendorofferdata` (
  `id` int NOT NULL AUTO_INCREMENT,
  `code` varchar(255) DEFAULT NULL,
  `name` varchar(255) DEFAULT NULL,
  `percentage` varchar(255) DEFAULT NULL,
  `start` date DEFAULT NULL,
  `end` date DEFAULT NULL,
  `is_available` tinyint(1) NOT NULL,
  `created` datetime(6) NOT NULL,
  `modified` datetime(6) NOT NULL,
  `vendor_id` int DEFAULT NULL,
  `description` longtext,
  PRIMARY KEY (`id`),
  KEY `category_vendoroffer_vendor_id_81b01cad_fk_user_vend` (`vendor_id`),
  CONSTRAINT `category_vendoroffer_vendor_id_81b01cad_fk_user_vend` FOREIGN KEY (`vendor_id`) REFERENCES `user_vendordata` (`id`) ON DELETE RESTRICT ON UPDATE RESTRICT
) ENGINE=InnoDB AUTO_INCREMENT=72 DEFAULT CHARSET=latin1;
/*!40101 SET character_set_client = @saved_cs_client */;

--
-- Dumping data for table `category_vendorofferdata`
--

LOCK TABLES `category_vendorofferdata` WRITE;
/*!40000 ALTER TABLE `category_vendorofferdata` DISABLE KEYS */;
INSERT INTO `category_vendorofferdata` VALUES (61,'TES1','test2','1','2021-06-30','2021-07-01',1,'2021-06-30 09:02:35.077002','2021-06-30 09:02:35.081560',21,'test2'),(71,'TES10','Test Offer ','10','2021-12-10','2021-12-20',1,'2021-12-08 12:40:59.443738','2021-12-08 12:40:59.448060',22,'**Testing** 10% Welcome offer');
/*!40000 ALTER TABLE `category_vendorofferdata` ENABLE KEYS */;
UNLOCK TABLES;

--
-- Table structure for table `category_vendorsubcategorydata`
--

DROP TABLE IF EXISTS `category_vendorsubcategorydata`;
/*!40101 SET @saved_cs_client     = @@character_set_client */;
/*!50503 SET character_set_client = utf8mb4 */;
CREATE TABLE `category_vendorsubcategorydata` (
  `id` int NOT NULL AUTO_INCREMENT,
  `price` varchar(255) DEFAULT NULL,
  `quantity` varchar(255) DEFAULT NULL,
  `unit` varchar(50) NOT NULL,
  `is_available` tinyint(1) NOT NULL,
  `created` datetime(6) NOT NULL,
  `modified` datetime(6) NOT NULL,
  `sub_category_id` int DEFAULT NULL,
  `vendor_id` int DEFAULT NULL,
  `offer_price` varchar(255),
  PRIMARY KEY (`id`),
  KEY `category_vendorsubca_sub_category_id_53380af9_fk_category_` (`sub_category_id`),
  KEY `category_vendorsubca_vendor_id_8f7b16d9_fk_user_vend` (`vendor_id`),
  CONSTRAINT `category_vendorsubca_sub_category_id_53380af9_fk_category_` FOREIGN KEY (`sub_category_id`) REFERENCES `category_subcategorydata` (`id`) ON DELETE RESTRICT ON UPDATE RESTRICT,
  CONSTRAINT `category_vendorsubca_vendor_id_8f7b16d9_fk_user_vend` FOREIGN KEY (`vendor_id`) REFERENCES `user_vendordata` (`id`) ON DELETE RESTRICT ON UPDATE RESTRICT
) ENGINE=InnoDB AUTO_INCREMENT=350 DEFAULT CHARSET=latin1;
/*!40101 SET character_set_client = @saved_cs_client */;

--
-- Dumping data for table `category_vendorsubcategorydata`
--

LOCK TABLES `category_vendorsubcategorydata` WRITE;
/*!40000 ALTER TABLE `category_vendorsubcategorydata` DISABLE KEYS */;
INSERT INTO `category_vendorsubcategorydata` VALUES (1,'36','1','Kg',1,'2020-06-07 10:08:54.024790','2020-06-07 11:08:04.342174',1,NULL,'0'),(2,'23','1','Kg',1,'2020-06-07 11:08:04.352487','2020-06-07 11:08:04.356171',3,NULL,'0'),(266,'6.25','1','Per KG',1,'2021-05-31 18:40:49.319409','2021-12-08 20:13:46.908394',1,22,'0.0'),(267,'4.75','1','Per KG',1,'2021-05-31 18:40:49.328699','2021-12-08 20:13:46.914240',2,22,'0.0'),(268,'4.5','1','Per KG',1,'2021-05-31 20:46:57.335055','2021-12-08 20:13:46.920293',3,22,'0.0'),(269,'3.5','1','Per KG',1,'2021-05-31 20:48:21.196026','2021-12-08 20:13:46.928188',4,22,'0.0'),(270,'4.25','1','Per KG',1,'2021-05-31 20:48:21.204183','2021-12-08 20:13:46.934254',5,22,'0.0'),(271,'4.75','1','Per KG',1,'2021-05-31 20:48:21.212951','2021-12-08 20:13:46.941142',6,22,'0.0'),(272,'3.99','1','Per KG',1,'2021-06-02 03:09:36.464674','2021-07-10 12:23:12.861965',1,21,'0.01'),(273,'4.5','1','Per KG',1,'2021-06-02 03:09:36.473629','2021-07-10 12:23:12.867608',2,21,'3.99'),(274,'3.99','1','Per KG',1,'2021-06-02 03:09:36.481166','2021-07-10 12:23:12.873340',3,21,'3.49'),(275,'5.49','1','Per KG',1,'2021-06-02 03:09:36.489802','2021-07-10 12:23:12.878910',4,21,'4.99'),(276,'4.0','1','Per Piece',1,'2021-06-02 17:18:04.592355','2021-12-08 20:13:46.947534',7,22,'0.0'),(277,'4.0','1','Per KG',1,'2021-06-02 17:18:04.599967','2021-12-08 20:13:46.953550',8,22,'3.5'),(278,'7.5','1','Per Piece',1,'2021-06-02 17:18:04.608244','2021-12-08 20:13:46.959756',9,22,'0.0'),(279,'7.5','1','Per KG',1,'2021-06-02 17:18:04.615861','2021-12-08 20:13:46.965892',10,22,'0.0'),(280,'7.0','1','Per KG',1,'2021-06-02 17:18:04.623382','2021-12-08 20:13:46.972009',12,22,'0.0'),(281,'10.99','1','Per Piece',1,'2021-06-02 17:18:04.630021','2021-12-08 20:13:46.978053',15,22,'0.0'),(282,'4.0','1','Per Piece',1,'2021-06-02 17:18:04.639239','2021-12-08 20:13:46.990118',18,22,'0.0'),(283,'3.5','1','Per KG',0,'2021-06-02 17:18:04.646110','2021-12-08 20:13:46.896284',20,22,'3.0'),(284,'10.0','1','Per Piece',0,'2021-06-02 17:18:04.653117','2021-12-08 20:13:46.898304',21,22,'9.0'),(285,'8.0','1','Per KG',0,'2021-06-02 17:18:04.660736','2021-12-08 20:13:46.900395',22,22,'7.5'),(286,'9.0','1','Per KG',0,'2021-06-02 17:18:04.668164','2021-12-08 20:13:46.902481',23,22,'8.5'),(287,'8.99','1','Per KG',1,'2021-06-02 17:21:59.768882','2021-12-08 20:15:08.512472',24,22,'0.0'),(288,'13.49','1','Per KG',1,'2021-06-02 17:21:59.779213','2021-12-08 20:15:08.519983',25,22,'0.0'),(289,'12.49','1','Per KG',1,'2021-06-02 17:21:59.788090','2021-12-08 20:15:08.527178',26,22,'0.0'),(290,'12.25','1','Per KG',1,'2021-06-02 17:21:59.795840','2021-12-08 20:15:08.534606',28,22,'0.0'),(291,'12.49','1','Per KG',1,'2021-06-02 17:21:59.804180','2021-12-08 20:15:08.541894',29,22,'0.0'),(292,'8.5','1','Per KG',1,'2021-06-02 17:21:59.812039','2021-12-08 20:15:08.550519',30,22,'7.5'),(293,'8.0','1','Per KG',1,'2021-06-02 17:21:59.819849','2021-12-08 20:15:08.556678',31,22,'7.0'),(294,'7.5','1','Per KG',1,'2021-06-02 17:21:59.827552','2021-12-08 20:15:08.563198',32,22,'0.0'),(295,'11.5','1','Per KG',1,'2021-06-02 17:21:59.835297','2021-12-08 20:15:08.569700',33,22,'0.0'),(296,'17.5','1','Per KG',1,'2021-06-02 17:21:59.843375','2021-12-08 20:15:08.576021',34,22,'0.0'),(297,'11.5','1','Per KG',1,'2021-06-02 17:21:59.852286','2021-12-08 20:15:08.582661',35,22,'0.0'),(298,'2.5','1','Per KG',1,'2021-06-02 17:21:59.860673','2021-12-08 20:15:08.589178',36,22,'0.0'),(299,'7.0','1','Per KG',0,'2021-06-02 17:21:59.868764','2021-12-08 20:15:08.499315',37,22,'0.0'),(300,'14.5','1','Per KG',1,'2021-06-02 17:21:59.876899','2021-12-08 20:15:08.597238',38,22,'0.0'),(301,'12.0','1','Per KG',1,'2021-06-02 17:21:59.884367','2021-12-08 20:15:08.603371',39,22,'0.0'),(302,'7.5','1','Per Piece',1,'2021-06-02 17:21:59.892156','2021-12-08 20:15:08.610591',97,22,'0.0'),(303,'13.99','1','Per KG',1,'2021-06-02 17:25:10.944343','2021-12-08 20:18:31.834598',54,22,'0.0'),(304,'13.99','1','Per KG',1,'2021-06-02 17:25:10.954300','2021-12-08 20:18:31.841455',55,22,'0.0'),(305,'11.99','1','Per KG',1,'2021-06-02 17:25:10.961878','2021-12-08 20:18:31.847675',56,22,'0.0'),(306,'8.5','1','Per KG',1,'2021-06-02 17:25:10.969336','2021-12-08 20:18:31.853909',57,22,'0.0'),(307,'5.5','1','Per KG',0,'2021-06-02 17:25:10.976936','2021-12-08 20:18:31.820934',71,22,'0.0'),(308,'6.5','1','Per KG',0,'2021-06-02 17:25:10.984700','2021-12-08 20:18:31.823027',72,22,'0.0'),(309,'5.5','1','Per KG',0,'2021-06-02 17:25:10.993679','2021-12-08 20:18:31.825910',73,22,'0.0'),(310,'4.79','1','Per KG',0,'2021-06-02 17:25:11.001481','2021-12-08 20:18:31.828197',74,22,'0.0'),(311,'7.49','1','Per KG',1,'2021-06-05 13:24:56.236788','2021-11-16 20:29:34.617862',76,22,'0.0'),(312,'33.9','1','Per KG',1,'2021-06-05 13:24:56.245845','2021-11-16 20:29:34.623503',77,22,'0.0'),(313,'1.0','1','Per KG',0,'2021-06-05 13:48:36.784886','2021-12-08 20:13:46.886370',14,22,'0.0'),(314,'5.5','1','Per KG',0,'2021-06-14 10:46:10.234086','2021-12-08 20:19:22.912027',41,22,'0.0'),(315,'9.5','1','Per KG',1,'2021-06-14 10:46:10.243909','2021-12-08 20:19:22.944165',42,22,'0.0'),(316,'9.5','1','Per KG',1,'2021-06-14 10:46:10.251543','2021-12-08 20:19:22.950677',43,22,'0.0'),(317,'9.25','1','Per KG',1,'2021-06-14 10:46:10.258799','2021-12-08 20:19:22.956854',44,22,'0.0'),(318,'9.25','1','Per KG',1,'2021-06-14 10:46:10.266098','2021-12-08 20:19:22.962943',45,22,'0.0'),(319,'8.5','1','Per KG',1,'2021-06-14 10:46:10.273261','2021-12-08 20:19:22.969128',47,22,'7.25'),(320,'6.25','1','Per KG',1,'2021-06-14 10:46:10.280320','2021-12-08 20:19:22.975532',48,22,'6.95'),(321,'9.9','1','Per KG',1,'2021-06-14 10:46:10.287268','2021-12-08 20:19:22.982092',49,22,'0.0'),(322,'12.95','1','Per KG',1,'2021-06-14 10:46:10.295412','2021-12-08 20:19:22.988694',50,22,'0.0'),(323,'12.95','1','Per KG',1,'2021-06-14 10:46:10.302574','2021-12-08 20:19:22.994984',51,22,'0.0'),(324,'18.95','1','Per KG',1,'2021-06-14 10:51:12.149455','2021-11-16 20:29:34.629130',78,22,'0.0'),(325,'18.5','1','Per KG',1,'2021-06-14 10:51:12.156627','2021-11-16 20:29:34.635046',79,22,'0.0'),(326,'17.5','1','Per KG',1,'2021-06-14 10:51:12.163515','2021-11-16 20:29:34.640718',80,22,'0.0'),(327,'9.9','1','Per KG',1,'2021-06-14 10:51:12.170794','2021-11-16 20:29:34.646267',81,22,'0.0'),(328,'12.5','1','Per KG',1,'2021-06-14 10:51:12.177414','2021-11-16 20:29:34.651861',82,22,'0.0'),(329,'12.9','1','Per KG',1,'2021-06-14 10:51:12.184120','2021-11-16 20:29:34.657785',83,22,'0.0'),(330,'3.9','1','Per KG',1,'2021-06-14 10:51:12.191084','2021-11-16 20:29:34.663623',84,22,'0.0'),(331,'3.9','1','Per KG',0,'2021-06-14 10:51:12.197584','2021-11-16 20:29:34.605086',85,22,'0.0'),(332,'3.9','1','Per KG',0,'2021-06-14 10:51:12.205808','2021-11-16 20:29:34.606778',86,22,'0.0'),(333,'3.5','1','Per KG',1,'2021-06-14 10:51:12.212671','2021-11-16 20:29:34.669388',87,22,'0.0'),(334,'10.5','1','Per KG',1,'2021-06-14 10:51:12.219846','2021-11-16 20:29:34.675027',88,22,'0.0'),(335,'19.9','1','Per KG',1,'2021-06-14 10:51:12.226566','2021-11-16 20:29:34.680653',89,22,'0.0'),(336,'13.9','1','Per KG',1,'2021-06-14 10:54:18.255773','2021-12-08 20:20:03.344953',90,22,'0.0'),(337,'5.25','1','Per KG',1,'2021-06-14 10:54:18.266757','2021-12-08 20:20:03.355487',91,22,'0.0'),(338,'19.9','1','Per KG',1,'2021-06-14 10:54:18.273595','2021-12-08 20:20:03.365464',92,22,'0.0'),(339,'1.65','1','Per Piece',1,'2021-06-14 10:54:18.281620','2021-12-08 20:20:03.376840',93,22,'0.0'),(340,'3.65','1','Per Piece',1,'2021-06-14 10:54:18.288538','2021-12-08 20:20:03.386741',94,22,'0.0'),(341,'3.5','1','Per Piece',1,'2021-06-14 10:55:30.673698','2021-12-08 20:20:28.377733',95,22,'0.0'),(342,'4.55','1','Per Piece',1,'2021-06-14 10:55:30.682371','2021-12-08 20:20:28.384019',96,22,'0.0'),(343,'15.5','1','Per KG',0,'2021-06-14 10:56:47.870122','2021-08-03 09:28:32.609767',99,22,'0.0'),(344,'19.5','1','Per KG',0,'2021-06-14 10:56:47.878710','2021-08-03 09:28:32.614019',100,22,'0.0'),(345,'12.9','1','Per KG',0,'2021-06-14 10:56:47.885297','2021-08-03 09:28:32.615991',101,22,'0.0'),(346,'5.0','1','Per KG',1,'2021-06-17 15:14:27.439392','2021-06-17 15:14:27.442960',24,21,'4.0'),(347,'10.0','1','Per KG',1,'2021-12-02 20:53:17.954906','2021-12-02 20:53:17.958942',1,23,'0.0'),(348,'6.0','1','Per KG',1,'2021-12-03 13:53:14.311952','2021-12-08 20:13:46.984098',17,22,'0.0'),(349,'9.5','1','Per KG',1,'2021-12-08 20:18:31.861447','2021-12-08 20:18:31.864871',59,22,'0.0');
/*!40000 ALTER TABLE `category_vendorsubcategorydata` ENABLE KEYS */;
UNLOCK TABLES;

--
-- Table structure for table `django_admin_log`
--

DROP TABLE IF EXISTS `django_admin_log`;
/*!40101 SET @saved_cs_client     = @@character_set_client */;
/*!50503 SET character_set_client = utf8mb4 */;
CREATE TABLE `django_admin_log` (
  `id` int NOT NULL AUTO_INCREMENT,
  `action_time` datetime(6) NOT NULL,
  `object_id` longtext,
  `object_repr` varchar(200) NOT NULL,
  `action_flag` smallint unsigned NOT NULL,
  `change_message` longtext NOT NULL,
  `content_type_id` int DEFAULT NULL,
  `user_id` int NOT NULL,
  PRIMARY KEY (`id`),
  KEY `django_admin_log_content_type_id_c4bce8eb_fk_django_co` (`content_type_id`),
  KEY `django_admin_log_user_id_c564eba6_fk_user_user_id` (`user_id`),
  CONSTRAINT `django_admin_log_content_type_id_c4bce8eb_fk_django_co` FOREIGN KEY (`content_type_id`) REFERENCES `django_content_type` (`id`) ON DELETE RESTRICT ON UPDATE RESTRICT,
  CONSTRAINT `django_admin_log_user_id_c564eba6_fk_user_user_id` FOREIGN KEY (`user_id`) REFERENCES `user_user` (`id`) ON DELETE RESTRICT ON UPDATE RESTRICT
) ENGINE=InnoDB AUTO_INCREMENT=2439 DEFAULT CHARSET=latin1;
/*!40101 SET character_set_client = @saved_cs_client */;

--
-- Dumping data for table `django_admin_log`
--

LOCK TABLES `django_admin_log` WRITE;
/*!40000 ALTER TABLE `django_admin_log` DISABLE KEYS */;
INSERT INTO `django_admin_log` VALUES (2,'2020-05-23 05:13:28.150897','2','admin',3,'',6,3),(3,'2020-05-23 05:13:28.163232','1','shivam',3,'',6,3),(4,'2020-05-23 05:13:47.818139','3','admin',2,'[{\"changed\": {\"fields\": [\"username\", \"avatar\", \"gcm_token\", \"source\", \"latitude\", \"longitude\"]}}]',6,3),(5,'2020-05-23 05:14:31.740890','3','admin',2,'[{\"changed\": {\"fields\": [\"is_superuser\"]}}]',6,3),(6,'2020-05-29 11:13:23.962762','26','1162730071',2,'[{\"changed\": {\"fields\": [\"is_vendor\", \"source\", \"latitude\", \"longitude\"]}}]',6,4),(7,'2020-06-11 14:09:23.377419','1','PROXIMITY',1,'[{\"added\": {}}]',18,4),(8,'2020-06-11 15:38:16.345732','1','PROXIMITY',2,'[{\"changed\": {\"fields\": [\"value\"]}}]',18,4),(9,'2020-06-12 04:44:49.118270','2','ETD',1,'[{\"added\": {}}]',18,4),(10,'2020-06-12 04:44:59.607471','2','ETD',2,'[]',18,4),(11,'2020-06-13 16:55:41.849675','1','PROXIMITY',2,'[{\"changed\": {\"fields\": [\"value\"]}}]',18,4),(12,'2020-06-23 07:47:39.678807','1','Option1',1,'[{\"added\": {}}]',20,4),(13,'2020-07-10 14:22:33.518600','14','Karnataka Mutton Stall',2,'[{\"changed\": {\"fields\": [\"start\"]}}]',19,4),(14,'2020-07-10 14:31:07.723599','14','Karnataka Mutton Stall',2,'[{\"changed\": {\"fields\": [\"start\", \"end\"]}}]',19,4),(15,'2020-07-11 11:48:25.019759','3','EXECUTIVE_PROXIMITY',1,'[{\"added\": {}}]',18,4),(16,'2020-08-10 04:55:14.915426','249','249',3,'',21,4),(17,'2020-08-10 04:55:14.919860','248','248',3,'',21,4),(18,'2020-08-10 04:55:14.923193','247','247',3,'',21,4),(19,'2020-08-10 04:55:14.926377','246','246',3,'',21,4),(20,'2020-08-10 04:55:14.930550','245','245',3,'',21,4),(21,'2020-08-10 04:55:14.934108','244','244',3,'',21,4),(22,'2020-08-10 04:55:14.938416','243','243',3,'',21,4),(23,'2020-08-10 04:55:14.942545','242','242',3,'',21,4),(24,'2020-08-10 04:55:14.946407','241','241',3,'',21,4),(25,'2020-08-10 04:55:14.950526','240','240',3,'',21,4),(26,'2020-08-10 04:55:14.954507','239','239',3,'',21,4),(27,'2020-08-10 04:55:14.958513','238','238',3,'',21,4),(28,'2020-08-10 04:55:14.962429','237','237',3,'',21,4),(29,'2020-08-10 04:55:14.966204','236','236',3,'',21,4),(30,'2020-08-10 04:55:14.970034','235','235',3,'',21,4),(31,'2020-08-10 04:55:14.973794','234','234',3,'',21,4),(32,'2020-08-10 04:55:14.977767','233','233',3,'',21,4),(33,'2020-08-10 04:55:14.981754','232','232',3,'',21,4),(34,'2020-08-10 04:55:14.985396','231','231',3,'',21,4),(35,'2020-08-10 04:55:14.987200','230','230',3,'',21,4),(36,'2020-08-10 04:55:14.990504','229','229',3,'',21,4),(37,'2020-08-10 04:55:14.993871','228','228',3,'',21,4),(38,'2020-08-10 04:55:14.997432','227','227',3,'',21,4),(39,'2020-08-10 04:55:14.999971','226','226',3,'',21,4),(40,'2020-08-10 04:55:15.003591','225','225',3,'',21,4),(41,'2020-08-10 04:55:15.007110','224','224',3,'',21,4),(42,'2020-08-10 04:55:15.010711','223','223',3,'',21,4),(43,'2020-08-10 04:55:15.014293','222','222',3,'',21,4),(44,'2020-08-10 04:55:15.017749','221','221',3,'',21,4),(45,'2020-08-10 04:55:15.021826','220','220',3,'',21,4),(46,'2020-08-10 04:55:15.025255','219','219',3,'',21,4),(47,'2020-08-10 04:55:15.027360','218','218',3,'',21,4),(48,'2020-08-10 04:55:15.031015','217','217',3,'',21,4),(49,'2020-08-10 04:55:15.034639','216','216',3,'',21,4),(50,'2020-08-10 04:55:15.038338','215','215',3,'',21,4),(51,'2020-08-10 04:55:15.041841','214','214',3,'',21,4),(52,'2020-08-10 04:55:15.045405','213','213',3,'',21,4),(53,'2020-08-10 04:55:15.048998','212','212',3,'',21,4),(54,'2020-08-10 04:55:15.051000','211','211',3,'',21,4),(55,'2020-08-10 04:55:15.054665','210','210',3,'',21,4),(56,'2020-08-10 04:55:15.058388','209','209',3,'',21,4),(57,'2020-08-10 04:55:15.061912','208','208',3,'',21,4),(58,'2020-08-10 04:55:15.065868','207','207',3,'',21,4),(59,'2020-08-10 04:55:15.069396','206','206',3,'',21,4),(60,'2020-08-10 04:55:15.072948','205','205',3,'',21,4),(61,'2020-08-10 04:55:15.074890','204','204',3,'',21,4),(62,'2020-08-10 04:55:15.078375','203','203',3,'',21,4),(63,'2020-08-10 04:55:15.081920','202','202',3,'',21,4),(64,'2020-08-10 04:55:15.085626','201','201',3,'',21,4),(65,'2020-08-10 04:55:15.089077','200','200',3,'',21,4),(66,'2020-08-10 04:55:15.091052','199','199',3,'',21,4),(67,'2020-08-10 04:55:15.094713','198','198',3,'',21,4),(68,'2020-08-10 04:55:15.097980','197','197',3,'',21,4),(69,'2020-08-10 04:55:15.101480','196','196',3,'',21,4),(70,'2020-08-10 04:55:15.104851','195','195',3,'',21,4),(71,'2020-08-10 04:55:15.107173','194','194',3,'',21,4),(72,'2020-08-10 04:55:15.110857','193','193',3,'',21,4),(73,'2020-08-10 04:55:15.114548','192','192',3,'',21,4),(74,'2020-08-10 04:55:15.117851','191','191',3,'',21,4),(75,'2020-08-10 04:55:15.121198','190','190',3,'',21,4),(76,'2020-08-10 04:55:15.123035','189','189',3,'',21,4),(77,'2020-08-10 04:55:15.126344','188','188',3,'',21,4),(78,'2020-08-10 04:55:15.129708','187','187',3,'',21,4),(79,'2020-08-10 04:55:15.133101','186','186',3,'',21,4),(80,'2020-08-10 04:55:15.135017','185','185',3,'',21,4),(81,'2020-08-10 04:55:15.138495','184','184',3,'',21,4),(82,'2020-08-10 04:55:15.141798','183','183',3,'',21,4),(83,'2020-08-10 04:55:15.145227','182','182',3,'',21,4),(84,'2020-08-10 04:55:15.147196','181','181',3,'',21,4),(85,'2020-08-10 04:55:15.151099','180','180',3,'',21,4),(86,'2020-08-10 04:55:15.154632','179','179',3,'',21,4),(87,'2020-08-10 04:55:15.157975','178','178',3,'',21,4),(88,'2020-08-10 04:55:15.161396','177','177',3,'',21,4),(89,'2020-08-10 04:55:15.163199','176','176',3,'',21,4),(90,'2020-08-10 04:55:15.166803','175','175',3,'',21,4),(91,'2020-08-10 04:55:15.170057','174','174',3,'',21,4),(92,'2020-08-10 04:55:15.173510','173','173',3,'',21,4),(93,'2020-08-10 04:55:15.176846','172','172',3,'',21,4),(94,'2020-08-10 04:55:15.178796','171','171',3,'',21,4),(95,'2020-08-10 04:55:15.182573','170','170',3,'',21,4),(96,'2020-08-10 04:55:15.186070','169','169',3,'',21,4),(97,'2020-08-10 04:55:15.189676','168','168',3,'',21,4),(98,'2020-08-10 04:55:15.193284','167','167',3,'',21,4),(99,'2020-08-10 04:55:15.195224','166','166',3,'',21,4),(100,'2020-08-10 04:55:15.201353','165','165',3,'',21,4),(101,'2020-08-10 04:55:15.204993','164','164',3,'',21,4),(102,'2020-08-10 04:55:15.206969','163','163',3,'',21,4),(103,'2020-08-10 04:55:15.210494','162','162',3,'',21,4),(104,'2020-08-10 04:55:15.213895','161','161',3,'',21,4),(105,'2020-08-10 04:55:15.217541','160','160',3,'',21,4),(106,'2020-08-10 04:55:15.222624','159','159',3,'',21,4),(107,'2020-08-10 04:55:15.226223','158','158',3,'',21,4),(108,'2020-08-10 04:55:15.229646','157','157',3,'',21,4),(109,'2020-08-10 04:55:15.233032','156','156',3,'',21,4),(110,'2020-08-10 04:55:15.234914','155','155',3,'',21,4),(111,'2020-08-10 04:55:15.238235','154','154',3,'',21,4),(112,'2020-08-10 04:55:15.242330','153','153',3,'',21,4),(113,'2020-08-10 04:55:15.246115','152','152',3,'',21,4),(114,'2020-08-10 04:55:15.250095','151','151',3,'',21,4),(115,'2020-08-10 04:55:15.253581','150','150',3,'',21,4),(116,'2020-08-10 04:55:36.236642','461','461 Chicken Thigh',3,'',22,4),(117,'2020-08-10 04:55:36.240823','460','460 Chicken Breast',3,'',22,4),(118,'2020-08-10 04:55:46.982460','249','249',3,'',21,4),(119,'2020-08-10 04:56:06.265539','459','459 Chicken Thigh',3,'',22,4),(120,'2020-08-10 04:56:06.269823','458','458 Chicken Breast',3,'',22,4),(121,'2020-08-10 04:56:06.273123','457','457 Chicken Thigh',3,'',22,4),(122,'2020-08-10 04:56:06.274980','456','456 Chicken Breast',3,'',22,4),(123,'2020-08-10 04:56:06.278421','455','455 Lamb Leg',3,'',22,4),(124,'2020-08-10 04:56:06.282482','454','454 Whole Lamb',3,'',22,4),(125,'2020-08-10 04:56:06.285685','453','453 Lamb Shoulder',3,'',22,4),(126,'2020-08-10 04:56:06.288999','452','452 Whole Lamb',3,'',22,4),(127,'2020-08-10 04:56:06.290879','451','451 Lamb Leg',3,'',22,4),(128,'2020-08-10 04:56:06.294054','450','450 Chicken Breast',3,'',22,4),(129,'2020-08-10 04:56:06.297499','449','449 Chicken Breast',3,'',22,4),(130,'2020-08-10 04:56:06.304816','448','448 Chicken Breast',3,'',22,4),(131,'2020-08-10 04:56:06.307058','447','447 Chicken Breast',3,'',22,4),(132,'2020-08-10 04:56:06.311030','446','446 Chicken Breast',3,'',22,4),(133,'2020-08-10 04:56:06.315310','445','445 Chicken Breast',3,'',22,4),(134,'2020-08-10 04:56:06.318771','444','444 Chicken Breast',3,'',22,4),(135,'2020-08-10 04:56:06.322341','443','443 Chicken Breast',3,'',22,4),(136,'2020-08-10 04:56:06.325723','442','442 Chicken Breast',3,'',22,4),(137,'2020-08-10 04:56:06.329105','441','441 Chicken Breast',3,'',22,4),(138,'2020-08-10 04:56:06.331091','440','440 Chicken Breast',3,'',22,4),(139,'2020-08-10 04:56:06.334629','439','439 Chicken Breast',3,'',22,4),(140,'2020-08-10 04:56:06.338149','438','438 Chicken Breast',3,'',22,4),(141,'2020-08-10 04:56:06.341669','437','437 Chicken Breast',3,'',22,4),(142,'2020-08-10 04:56:06.345180','436','436 Chicken Breast',3,'',22,4),(143,'2020-08-10 04:56:06.347155','435','435 Chicken Breast',3,'',22,4),(144,'2020-08-10 04:56:06.350561','434','434 Chicken Breast',3,'',22,4),(145,'2020-08-10 04:56:06.352564','433','433 Chicken Breast',3,'',22,4),(146,'2020-08-10 04:56:06.354555','432','432 Chicken Breast',3,'',22,4),(147,'2020-08-10 04:56:06.358294','431','431 Chicken Breast',3,'',22,4),(148,'2020-08-10 04:56:06.361710','430','430 Chicken Breast',3,'',22,4),(149,'2020-08-10 04:56:06.365147','429','429 Chicken Breast',3,'',22,4),(150,'2020-08-10 04:56:06.367133','428','428 Chicken Niblets',3,'',22,4),(151,'2020-08-10 04:56:06.370683','427','427 Chicken Drumstick',3,'',22,4),(152,'2020-08-10 04:56:06.372597','426','426 Chicken Breast',3,'',22,4),(153,'2020-08-10 04:56:06.374579','425','425 Chicken Breast',3,'',22,4),(154,'2020-08-10 04:56:06.378331','424','424 Chicken Breast',3,'',22,4),(155,'2020-08-10 04:56:06.381777','423','423 Chicken Breast',3,'',22,4),(156,'2020-08-10 04:56:06.385234','422','422 Chicken Breast',3,'',22,4),(157,'2020-08-10 04:56:06.387153','421','421 Chicken Breast',3,'',22,4),(158,'2020-08-10 04:56:06.390700','420','420 Chicken Breast',3,'',22,4),(159,'2020-08-10 04:56:06.392673','419','419 Chicken Breast',3,'',22,4),(160,'2020-08-10 04:56:06.394633','418','418 Chicken Breast',3,'',22,4),(161,'2020-08-10 04:56:06.397840','417','417 Chicken Breast',3,'',22,4),(162,'2020-08-10 04:56:06.401118','416','416 Chicken Breast',3,'',22,4),(163,'2020-08-10 04:56:06.403118','415','415 Chicken Breast',3,'',22,4),(164,'2020-08-10 04:56:06.406492','414','414 Chicken Breast',3,'',22,4),(165,'2020-08-10 04:56:06.409643','413','413 Chicken Breast',3,'',22,4),(166,'2020-08-10 04:56:06.412958','412','412 Chicken Breast',3,'',22,4),(167,'2020-08-10 04:56:06.414922','411','411 Chicken Breast',3,'',22,4),(168,'2020-08-10 04:56:06.418674','410','410 Sheep Chops',3,'',22,4),(169,'2020-08-10 04:56:06.421877','409','409 Whole Sheep',3,'',22,4),(170,'2020-08-10 04:56:06.425324','408','408 Chicken Drumstick',3,'',22,4),(171,'2020-08-10 04:56:06.427153','407','407 Chicken Niblets',3,'',22,4),(172,'2020-08-10 04:56:06.430577','406','406 Chicken Breast',3,'',22,4),(173,'2020-08-10 04:56:06.432723','405','405 Chicken Breast',3,'',22,4),(174,'2020-08-10 04:56:06.434730','404','404 Chicken Breast',3,'',22,4),(175,'2020-08-10 04:56:06.438031','403','403 Chicken Breast',3,'',22,4),(176,'2020-08-10 04:56:06.441481','402','402 Chicken Thigh',3,'',22,4),(177,'2020-08-10 04:56:06.445724','401','401 Chicken Breast',3,'',22,4),(178,'2020-08-10 04:56:06.453374','400','400 Chicken Breast',3,'',22,4),(179,'2020-08-10 04:56:06.456605','399','399 Chicken Drumstick',3,'',22,4),(180,'2020-08-10 04:56:06.458635','398','398 Chicken Niblets',3,'',22,4),(181,'2020-08-10 04:56:06.462459','397','397 Sheep Chops',3,'',22,4),(182,'2020-08-10 04:56:06.465722','396','396 Chicken Breast',3,'',22,4),(183,'2020-08-10 04:56:06.469104','395','395 Chicken Niblets',3,'',22,4),(184,'2020-08-10 04:56:06.471125','394','394 Chicken Breast',3,'',22,4),(185,'2020-08-10 04:56:06.474465','393','393 Chicken Breast',3,'',22,4),(186,'2020-08-10 04:56:06.476459','392','392 Sheep Chops',3,'',22,4),(187,'2020-08-10 04:56:06.478419','391','391 Whole Sheep',3,'',22,4),(188,'2020-08-10 04:56:06.481756','390','390 Chicken Niblets',3,'',22,4),(189,'2020-08-10 04:56:06.484994','389','389 Chicken Breast',3,'',22,4),(190,'2020-08-10 04:56:06.487124','388','388 Chicken Breast',3,'',22,4),(191,'2020-08-10 04:56:06.490597','387','387 Chicken Breast',3,'',22,4),(192,'2020-08-10 04:56:06.494257','386','386 Sheep Chops',3,'',22,4),(193,'2020-08-10 04:56:06.498466','385','385 Whole Sheep',3,'',22,4),(194,'2020-08-10 04:56:06.501859','384','384 Chicken Breast',3,'',22,4),(195,'2020-08-10 04:56:06.505714','383','383 Chicken Breast',3,'',22,4),(196,'2020-08-10 04:56:06.509082','382','382 Whole Sheep',3,'',22,4),(197,'2020-08-10 04:56:06.511162','381','381 Chicken Breast',3,'',22,4),(198,'2020-08-10 04:56:06.514565','380','380 Chicken Thigh',3,'',22,4),(199,'2020-08-10 04:56:06.516559','379','379 Chicken Breast',3,'',22,4),(200,'2020-08-10 04:56:06.518410','378','378 Chicken Gizzard',3,'',22,4),(201,'2020-08-10 04:56:06.521820','377','377 Clean Prawns',3,'',22,4),(202,'2020-08-10 04:56:06.525205','376','376 Salmon',3,'',22,4),(203,'2020-08-10 04:56:06.527081','375','375 Sea Bream',3,'',22,4),(204,'2020-08-10 04:56:06.530559','374','374 Lamb Leg',3,'',22,4),(205,'2020-08-10 04:56:06.532424','373','373 Whole Lamb',3,'',22,4),(206,'2020-08-10 04:56:06.534418','372','372 Hilsha',3,'',22,4),(207,'2020-08-10 04:56:06.537700','371','371 Rohu',3,'',22,4),(208,'2020-08-10 04:56:06.541991','370','370 Chicken Thigh',3,'',22,4),(209,'2020-08-10 04:56:06.545510','369','369 Chicken Breast',3,'',22,4),(210,'2020-08-10 04:56:06.548878','368','368 Chicken Drumstick',3,'',22,4),(211,'2020-08-10 04:56:06.551334','367','367 Chicken Breast',3,'',22,4),(212,'2020-08-10 04:56:06.554770','366','366 Rohu',3,'',22,4),(213,'2020-08-10 04:56:06.556785','365','365 Hilsha',3,'',22,4),(214,'2020-08-10 04:56:06.558804','364','364 Chicken Thigh',3,'',22,4),(215,'2020-08-10 04:56:06.562300','363','363 Chicken Breast',3,'',22,4),(216,'2020-08-10 04:56:06.567129','362','362 Rohu',3,'',22,4),(217,'2020-08-10 04:56:06.570549','361','361 Hilsha',3,'',22,4),(218,'2020-08-10 04:56:06.574000','360','360 Chicken Thigh',3,'',22,4),(219,'2020-08-10 04:56:16.303824','359','359 Chicken Breast',3,'',22,4),(220,'2020-08-10 04:56:16.307677','358','358 Hilsha',3,'',22,4),(221,'2020-08-10 04:56:16.311288','357','357 Rohu',3,'',22,4),(222,'2020-08-10 04:56:16.314651','356','356 Chicken Thigh',3,'',22,4),(223,'2020-08-10 04:56:16.316465','355','355 Chicken Breast',3,'',22,4),(224,'2020-08-10 04:56:16.318275','354','354 Chicken Breast',3,'',22,4),(225,'2020-08-10 04:56:16.321739','353','353 Chicken Niblets',3,'',22,4),(226,'2020-08-10 04:56:16.325171','352','352 Chicken Thigh',3,'',22,4),(227,'2020-08-10 04:56:16.327097','351','351 Chicken Breast',3,'',22,4),(228,'2020-08-10 04:56:16.333424','350','350 Chicken Drumstick',3,'',22,4),(229,'2020-08-10 04:56:16.337087','349','349 Chicken Niblets',3,'',22,4),(230,'2020-08-10 04:56:16.339072','348','348 Chicken Wings',3,'',22,4),(231,'2020-08-10 04:56:16.343130','347','347 Chicken Niblets',3,'',22,4),(232,'2020-08-10 04:56:16.347398','346','346 Chicken Thigh',3,'',22,4),(233,'2020-08-10 04:56:16.351630','345','345 Chicken Breast',3,'',22,4),(234,'2020-08-10 04:56:16.354017','344','344 Chicken Drumstick',3,'',22,4),(235,'2020-08-10 04:56:16.358412','343','343 Chicken Niblets',3,'',22,4),(236,'2020-08-10 04:56:16.362660','342','342 Chicken Thigh',3,'',22,4),(237,'2020-08-10 04:56:16.368337','341','341 Chicken Breast',3,'',22,4),(238,'2020-08-10 04:56:16.372480','340','340 Organic Chicken',3,'',22,4),(239,'2020-08-10 04:56:16.376099','339','339 Chicken Thigh',3,'',22,4),(240,'2020-08-10 04:56:16.379472','338','338 Chicken Wings',3,'',22,4),(241,'2020-08-10 04:56:16.381313','337','337 Chicken Keema',3,'',22,4),(242,'2020-08-10 04:56:16.383074','336','336 Chicken Breast',3,'',22,4),(243,'2020-08-10 04:56:16.386311','335','335 Whole Lamb',3,'',22,4),(244,'2020-08-10 04:56:16.388072','334','334 Salmon',3,'',22,4),(245,'2020-08-10 04:56:16.389861','333','333 Chicken Breast',3,'',22,4),(246,'2020-08-10 04:56:16.393214','332','332 Chicken Gizzard',3,'',22,4),(247,'2020-08-10 04:56:16.394965','331','331 Chicken Niblets',3,'',22,4),(248,'2020-08-10 04:56:16.398278','330','330 Chicken Breast',3,'',22,4),(249,'2020-08-10 04:56:16.405064','329','329 Chicken Breast',3,'',22,4),(250,'2020-08-10 04:56:16.408482','328','328 Chicken Thigh',3,'',22,4),(251,'2020-08-10 04:56:16.411898','327','327 Chicken Breast',3,'',22,4),(252,'2020-08-10 04:56:16.415758','326','326 Chicken Thigh',3,'',22,4),(253,'2020-08-10 04:56:16.417537','325','325 Chicken Breast',3,'',22,4),(254,'2020-08-10 04:56:16.421626','324','324 Chicken Thigh',3,'',22,4),(255,'2020-08-10 04:56:16.425024','323','323 Chicken Breast',3,'',22,4),(256,'2020-08-10 04:56:16.427349','322','322 Chicken Breast',3,'',22,4),(257,'2020-08-10 04:56:16.430751','321','321 Chicken Breast',3,'',22,4),(258,'2020-08-10 04:56:16.433979','320','320 Chicken Breast',3,'',22,4),(259,'2020-08-10 04:56:16.437606','319','319 Chicken Drumstick',3,'',22,4),(260,'2020-08-10 04:56:16.442144','318','318 Chicken Breast',3,'',22,4),(261,'2020-08-10 04:56:16.446569','317','317 Chicken Breast',3,'',22,4),(262,'2020-08-10 04:56:16.450018','316','316 Chicken Breast',3,'',22,4),(263,'2020-08-10 04:56:16.453543','315','315 Chicken Breast',3,'',22,4),(264,'2020-08-10 04:56:16.456789','314','314 Chicken Breast',3,'',22,4),(265,'2020-08-10 04:56:16.458535','313','313 Chicken Breast',3,'',22,4),(266,'2020-08-10 04:56:16.462337','312','312 Chicken Breast',3,'',22,4),(267,'2020-08-10 04:56:16.465594','311','311 Chicken Breast',3,'',22,4),(268,'2020-08-10 04:56:16.468652','310','310 Chicken Breast',3,'',22,4),(269,'2020-08-10 04:56:16.470398','309','309 Chicken Breast',3,'',22,4),(270,'2020-08-10 04:56:16.473511','308','308 Chicken Breast',3,'',22,4),(271,'2020-08-10 04:56:16.476835','307','307 Chicken Breast',3,'',22,4),(272,'2020-08-10 04:56:16.478628','306','306 Chicken Breast',3,'',22,4),(273,'2020-08-10 04:56:16.481910','305','305 Chicken Breast',3,'',22,4),(274,'2020-08-10 04:56:16.485335','304','304 Chicken Breast',3,'',22,4),(275,'2020-08-10 04:56:16.487197','303','303 Chicken Breast',3,'',22,4),(276,'2020-08-10 04:56:16.490762','302','302 Chicken Breast',3,'',22,4),(277,'2020-08-10 04:56:16.492715','301','301 Chicken Breast',3,'',22,4),(278,'2020-08-10 04:56:16.494591','300','300 Chicken Breast',3,'',22,4),(279,'2020-08-10 04:56:16.498006','299','299 Chicken Niblets',3,'',22,4),(280,'2020-08-10 04:56:16.501882','298','298 Chicken Breast',3,'',22,4),(281,'2020-08-10 04:56:16.505475','297','297 Chicken Niblets',3,'',22,4),(282,'2020-08-10 04:56:16.508789','296','296 Chicken Breast',3,'',22,4),(283,'2020-08-10 04:56:16.510562','295','295 Chicken Niblets',3,'',22,4),(284,'2020-08-10 04:56:16.513926','294','294 Chicken Breast',3,'',22,4),(285,'2020-08-10 04:56:16.517503','293','293 Chicken Niblets',3,'',22,4),(286,'2020-08-10 04:56:16.520911','292','292 Chicken Breast',3,'',22,4),(287,'2020-08-10 04:56:16.522905','291','291 Chicken Breast',3,'',22,4),(288,'2020-08-10 04:56:16.526472','290','290 Chicken Niblets',3,'',22,4),(289,'2020-08-10 04:56:16.529825','289','289 Chicken Breast',3,'',22,4),(290,'2020-08-10 04:56:16.533118','288','288 Chicken Breast',3,'',22,4),(291,'2020-08-10 04:56:16.534858','287','287 Chicken Wings',3,'',22,4),(292,'2020-08-10 04:56:16.538503','286','286 Chicken Niblets',3,'',22,4),(293,'2020-08-10 04:56:16.541831','285','285 Chicken Thigh',3,'',22,4),(294,'2020-08-10 04:56:16.545408','284','284 Chicken Thigh',3,'',22,4),(295,'2020-08-10 04:56:16.547256','283','283 Chicken Breast',3,'',22,4),(296,'2020-08-10 04:56:16.550659','282','282 Chicken Breast',3,'',22,4),(297,'2020-08-10 04:56:16.554014','281','281 Sea Bass',3,'',22,4),(298,'2020-08-10 04:56:16.557355','280','280 3 Pcs Sea Bass 300/400',3,'',22,4),(299,'2020-08-10 04:56:16.559177','279','279 Sea Bass',3,'',22,4),(300,'2020-08-10 04:56:16.562516','278','278 King Prawns 20/30',3,'',22,4),(301,'2020-08-10 04:56:16.564567','277','277 Chicken Breast',3,'',22,4),(302,'2020-08-10 04:56:16.566365','276','276 Prawns',3,'',22,4),(303,'2020-08-10 04:56:16.569653','275','275 King Prawns 20/30',3,'',22,4),(304,'2020-08-10 04:56:16.573114','274','274 Chicken Thigh',3,'',22,4),(305,'2020-08-10 04:56:16.575159','273','273 Chicken Breast',3,'',22,4),(306,'2020-08-10 04:56:16.578500','272','272 King Prawns 20/30',3,'',22,4),(307,'2020-08-10 04:56:16.580502','271','271 Prawns',3,'',22,4),(308,'2020-08-10 04:56:16.584821','270','270 Salmon',3,'',22,4),(309,'2020-08-10 04:56:16.586677','269','269 Sea Bream',3,'',22,4),(310,'2020-08-10 04:56:16.590100','268','268 Prawns',3,'',22,4),(311,'2020-08-10 04:56:16.593371','267','267 Chicken Breast',3,'',22,4),(312,'2020-08-10 04:56:16.595263','266','266 Sea Bass',3,'',22,4),(313,'2020-08-10 04:56:16.598823','265','265 Chicken Breast',3,'',22,4),(314,'2020-08-10 04:56:16.600644','264','264 Prawns',3,'',22,4),(315,'2020-08-10 04:56:16.602466','263','263 King Prawns 20/30',3,'',22,4),(316,'2020-08-10 04:56:16.605771','262','262 Chicken Thigh',3,'',22,4),(317,'2020-08-10 04:56:16.609051','261','261 Chicken Breast',3,'',22,4),(318,'2020-08-10 04:56:16.610893','260','260 Chicken Thigh',3,'',22,4),(319,'2020-08-10 04:56:24.523037','259','259 Chicken Breast',3,'',22,4),(320,'2020-08-10 04:56:24.527588','258','258 Chicken Breast',3,'',22,4),(321,'2020-08-10 04:56:24.531357','257','257 Chicken Niblets',3,'',22,4),(322,'2020-08-10 04:56:24.534673','256','256 Chicken Breast',3,'',22,4),(323,'2020-08-10 04:56:24.538020','255','255 Chicken Niblets',3,'',22,4),(324,'2020-08-10 04:56:24.541448','254','254 Chicken Niblets',3,'',22,4),(325,'2020-08-10 04:56:24.544795','253','253 Chicken Breast',3,'',22,4),(326,'2020-08-10 04:56:24.546678','252','252 Chicken Niblets',3,'',22,4),(327,'2020-08-10 04:56:24.550487','251','251 Chicken Breast',3,'',22,4),(328,'2020-08-10 04:56:24.553893','250','250 Chicken Wings',3,'',22,4),(329,'2020-08-10 04:56:24.557365','249','249 Chicken Thigh',3,'',22,4),(330,'2020-08-10 04:56:24.560957','248','248 Chicken Breast',3,'',22,4),(331,'2020-08-10 04:56:24.563038','247','247 Chicken Breast',3,'',22,4),(332,'2020-08-10 04:56:24.566674','246','246 Chicken Niblets',3,'',22,4),(333,'2020-08-10 04:56:24.570287','245','245 Chicken Wings',3,'',22,4),(334,'2020-08-10 04:56:24.573709','244','244 Chicken Keema',3,'',22,4),(335,'2020-08-10 04:56:24.577746','243','243 Chicken Drumstick',3,'',22,4),(336,'2020-08-10 04:56:24.581188','242','242 Chicken Keema',3,'',22,4),(337,'2020-08-10 04:56:24.583100','241','241 Peeled Prawns',3,'',22,4),(338,'2020-08-10 04:56:24.586873','240','240 Prawns',3,'',22,4),(339,'2020-08-10 04:56:24.588841','239','239 Salmon',3,'',22,4),(340,'2020-08-10 04:56:24.590948','238','238 3 Pcs Sea Bass 300/400',3,'',22,4),(341,'2020-08-10 04:56:24.595650','237','237 Chicken Niblets',3,'',22,4),(342,'2020-08-10 04:56:24.599551','236','236 Chicken Liver',3,'',22,4),(343,'2020-08-10 04:56:24.602899','235','235 Chicken Drumstick',3,'',22,4),(344,'2020-08-10 04:56:24.606620','234','234 Chicken Thigh',3,'',22,4),(345,'2020-08-10 04:56:24.609822','233','233 Organic Chicken',3,'',22,4),(346,'2020-08-10 04:56:24.612983','232','232 Free Range Chicken',3,'',22,4),(347,'2020-08-10 04:56:24.614951','231','231 3  Boirler Chicken (murgi)',3,'',22,4),(348,'2020-08-10 04:56:24.618294','230','230 Large Chicken /kg',3,'',22,4),(349,'2020-08-10 04:56:24.621492','229','229 Big Chicken Legs',3,'',22,4),(350,'2020-08-10 04:56:24.624862','228','228 Chicken Buffalo Wings',3,'',22,4),(351,'2020-08-10 04:56:24.626962','227','227 1 Whole Chicken',3,'',22,4),(352,'2020-08-10 04:56:24.630675','226','226 1 Whole Chicken',3,'',22,4),(353,'2020-08-10 04:56:24.634401','225','225 Chicken Buffalo Wings',3,'',22,4),(354,'2020-08-10 04:56:24.638320','224','224 Chicken Wings',3,'',22,4),(355,'2020-08-10 04:56:24.641681','223','223 Chicken Drumstick',3,'',22,4),(356,'2020-08-10 04:56:24.645170','222','222 Chicken Niblets',3,'',22,4),(357,'2020-08-10 04:56:24.647084','221','221 Chicken Breast',3,'',22,4),(358,'2020-08-10 04:56:24.650642','220','220 Lamb Shoulder',3,'',22,4),(359,'2020-08-10 04:56:24.652554','219','219 Whole Lamb',3,'',22,4),(360,'2020-08-10 04:56:24.654781','218','218 Chicken Thigh',3,'',22,4),(361,'2020-08-10 04:56:24.658109','217','217 Hilsha',3,'',22,4),(362,'2020-08-10 04:56:24.661615','216','216 Chicken Breast',3,'',22,4),(363,'2020-08-10 04:56:24.667988','215','215 Beef Sirloin',3,'',22,4),(364,'2020-08-10 04:56:24.671494','214','214 Sea Bream',3,'',22,4),(365,'2020-08-10 04:56:24.674997','213','213 Chicken Liver',3,'',22,4),(366,'2020-08-10 04:56:24.678578','212','212 Chicken Wings',3,'',22,4),(367,'2020-08-10 04:56:24.681949','211','211 Chicken Breast',3,'',22,4),(368,'2020-08-10 04:56:24.685271','210','210 Chicken Thigh',3,'',22,4),(369,'2020-08-10 04:56:24.687228','209','209 Chicken Drumstick',3,'',22,4),(370,'2020-08-10 04:56:24.691146','208','208 Chicken Niblets',3,'',22,4),(371,'2020-08-10 04:56:24.694588','207','207 Chicken Leg',3,'',22,4),(372,'2020-08-10 04:56:24.696937','206','206 Tbone',3,'',22,4),(373,'2020-08-10 04:56:24.698960','205','205 Wings',3,'',22,4),(374,'2020-08-10 04:56:24.702267','204','204 Chops',3,'',22,4),(375,'2020-08-10 04:56:24.705674','203','203 Lamb Ribs',3,'',22,4),(376,'2020-08-10 04:56:24.709988','202','202 Lamb Back Chops',3,'',22,4),(377,'2020-08-10 04:56:24.713596','201','201 Lamb Chops',3,'',22,4),(378,'2020-08-10 04:56:24.716928','200','200 Lamb Shoulder',3,'',22,4),(379,'2020-08-10 04:56:24.718816','199','199 Lamb Leg',3,'',22,4),(380,'2020-08-10 04:56:24.722148','198','198 Lamb Neck',3,'',22,4),(381,'2020-08-10 04:56:24.725969','197','197 Lamb Back Chops',3,'',22,4),(382,'2020-08-10 04:56:24.730283','196','196 Lamb Chops',3,'',22,4),(383,'2020-08-10 04:56:24.733680','195','195 Lamb Shoulder',3,'',22,4),(384,'2020-08-10 04:56:24.737117','194','194 Lamb Leg',3,'',22,4),(385,'2020-08-10 04:56:24.739043','193','193 Whole Lamb',3,'',22,4),(386,'2020-08-10 04:56:24.742426','192','192 Lamb Mince',3,'',22,4),(387,'2020-08-10 04:56:24.744280','191','191 Lamb Ribs',3,'',22,4),(388,'2020-08-10 04:56:24.746122','190','190 Lamb Neck',3,'',22,4),(389,'2020-08-10 04:56:24.749351','189','189 Lamb Chops',3,'',22,4),(390,'2020-08-10 04:56:24.752883','188','188 Lamb Shoulder',3,'',22,4),(391,'2020-08-10 04:56:24.755214','187','187 Lamb Leg',3,'',22,4),(392,'2020-08-10 04:56:24.758644','186','186 Whole Lamb',3,'',22,4),(393,'2020-08-10 04:56:24.760600','185','185 Chicken Thigh',3,'',22,4),(394,'2020-08-10 04:56:24.762600','184','184 Free Range Chicken',3,'',22,4),(395,'2020-08-10 04:56:24.766100','183','183 Large Chicken /kg',3,'',22,4),(396,'2020-08-10 04:56:24.769574','182','182 1 Whole Chicken',3,'',22,4),(397,'2020-08-10 04:56:24.773011','181','181 Chicken Buffalo Wings',3,'',22,4),(398,'2020-08-10 04:56:24.774980','180','180 Chicken Breast',3,'',22,4),(399,'2020-08-10 04:56:24.778745','179','179 Chicken Drumstick',3,'',22,4),(400,'2020-08-10 04:56:24.783238','178','178 Chicken Drumstick',3,'',22,4),(401,'2020-08-10 04:56:24.787557','177','177 Chicken Breast',3,'',22,4),(402,'2020-08-10 04:56:24.791995','176','176 Chicken Breast',3,'',22,4),(403,'2020-08-10 04:56:24.795676','175','175 Chicken Breast',3,'',22,4),(404,'2020-08-10 04:56:24.797729','174','174 Chicken Breast',3,'',22,4),(405,'2020-08-10 04:56:24.801284','173','173 Chicken Breast',3,'',22,4),(406,'2020-08-10 04:56:24.803178','172','172 Chicken Breast',3,'',22,4),(407,'2020-08-10 04:56:24.806878','171','171 Chicken Thigh',3,'',22,4),(408,'2020-08-10 04:56:24.808781','170','170 Chicken Liver',3,'',22,4),(409,'2020-08-10 04:56:24.810658','169','169 Chicken Breast',3,'',22,4),(410,'2020-08-10 04:56:24.814052','168','168 Sea Bass',3,'',22,4),(411,'2020-08-10 04:56:24.817624','167','167 Lamb Shoulder',3,'',22,4),(412,'2020-08-10 04:56:24.821091','166','166 Chicken Niblets',3,'',22,4),(413,'2020-08-10 04:56:24.823041','165','165 Chicken Breast',3,'',22,4),(414,'2020-08-10 04:56:24.827007','164','164 Salmon',3,'',22,4),(415,'2020-08-10 04:56:24.829360','163','163 Chicken Liver',3,'',22,4),(416,'2020-08-10 04:56:24.832854','162','162 Chicken Drumstick',3,'',22,4),(417,'2020-08-10 04:56:24.834737','161','161 Chicken Niblets',3,'',22,4),(418,'2020-08-10 04:56:24.839037','160','160 Chicken Breast',3,'',22,4),(419,'2020-08-10 04:56:33.558411','159','159 Chicken Niblets',3,'',22,4),(420,'2020-08-10 04:56:33.562430','158','158 Chicken Breast',3,'',22,4),(421,'2020-08-10 04:56:33.566149','157','157 Chicken Niblets',3,'',22,4),(422,'2020-08-10 04:56:33.569902','156','156 Chicken Niblets',3,'',22,4),(423,'2020-08-10 04:56:33.573605','155','155 Chicken Niblets',3,'',22,4),(424,'2020-08-10 04:56:33.577453','154','154 Chicken Drumstick',3,'',22,4),(425,'2020-08-10 04:56:33.581141','153','153 Chicken Niblets',3,'',22,4),(426,'2020-08-10 04:56:33.583115','152','152 Lamb Steak',3,'',22,4),(427,'2020-08-10 04:56:33.586686','151','151 Lamb Chops',3,'',22,4),(428,'2020-08-10 04:56:33.588738','150','150 Lamb Leg',3,'',22,4),(429,'2020-08-10 04:56:33.590793','149','149 Whole Lamb',3,'',22,4),(430,'2020-08-10 04:56:33.594293','148','148 Chicken Breast',3,'',22,4),(431,'2020-08-10 04:56:33.597782','147','147 Tilapia',3,'',22,4),(432,'2020-08-10 04:56:33.601303','146','146 Chicken Niblets',3,'',22,4),(433,'2020-08-10 04:56:33.603252','145','145 Chicken Thigh',3,'',22,4),(434,'2020-08-10 04:56:33.606714','144','144 Chicken Breast',3,'',22,4),(435,'2020-08-10 04:56:33.608744','143','143 Tilapia',3,'',22,4),(436,'2020-08-10 04:56:33.611080','142','142 Rohu',3,'',22,4),(437,'2020-08-10 04:56:33.614504','141','141 Fish Roes',3,'',22,4),(438,'2020-08-10 04:56:33.616348','140','140 Chicken Drumstick',3,'',22,4),(439,'2020-08-10 04:56:33.618310','139','139 Chicken Wings',3,'',22,4),(440,'2020-08-10 04:56:33.621858','138','138 Chicken Niblets',3,'',22,4),(441,'2020-08-10 04:56:33.625557','137','137 Chicken Breast',3,'',22,4),(442,'2020-08-10 04:56:33.629410','136','136 Chicken Drumstick',3,'',22,4),(443,'2020-08-10 04:56:33.633290','135','135 Chicken Wings',3,'',22,4),(444,'2020-08-10 04:56:33.637055','134','134 Chicken Thigh',3,'',22,4),(445,'2020-08-10 04:56:33.639091','133','133 Chicken Breast',3,'',22,4),(446,'2020-08-10 04:56:33.642516','132','132 Hilsha',3,'',22,4),(447,'2020-08-10 04:56:33.644612','131','131 Rohu',3,'',22,4),(448,'2020-08-10 04:56:33.646773','130','130 Chicken Wings',3,'',22,4),(449,'2020-08-10 04:56:33.650808','129','129 Chicken Niblets',3,'',22,4),(450,'2020-08-10 04:56:33.654442','128','128 Chicken Breast',3,'',22,4),(451,'2020-08-10 04:56:33.658046','127','127 Wings',3,'',22,4),(452,'2020-08-10 04:56:33.661615','126','126 Tbone',3,'',22,4),(453,'2020-08-10 04:56:33.665162','125','125 Chicken Keema',3,'',22,4),(454,'2020-08-10 04:56:33.667134','124','124 Chicken Drumstick',3,'',22,4),(455,'2020-08-10 04:56:33.670643','123','123 Chicken Niblets',3,'',22,4),(456,'2020-08-10 04:56:33.672733','122','122 Chicken Breast',3,'',22,4),(457,'2020-08-10 04:56:33.675000','121','121 Hilsha',3,'',22,4),(458,'2020-08-10 04:56:33.678771','120','120 Rohu',3,'',22,4),(459,'2020-08-10 04:56:33.680880','119','119 Chicken Thigh',3,'',22,4),(460,'2020-08-10 04:56:33.683175','118','118 Chicken Breast',3,'',22,4),(461,'2020-08-10 04:56:33.687095','117','117 Chicken Niblets',3,'',22,4),(462,'2020-08-10 04:56:33.689582','116','116 3 Baby Chicken',3,'',22,4),(463,'2020-08-10 04:56:33.693719','115','115 Chicken Jalfrezi',3,'',22,4),(464,'2020-08-10 04:56:33.697819','114','114 Small Chicken Wings',3,'',22,4),(465,'2020-08-10 04:56:33.701471','113','113 Small Chicken Breast',3,'',22,4),(466,'2020-08-10 04:56:33.705066','112','112 10 pcs Chicken Legs',3,'',22,4),(467,'2020-08-10 04:56:33.707010','111','111 Chicken Gizzard',3,'',22,4),(468,'2020-08-10 04:56:33.710586','110','110 Chicken Liver',3,'',22,4),(469,'2020-08-10 04:56:33.712731','109','109 Chicken Keema',3,'',22,4),(470,'2020-08-10 04:56:33.714828','108','108 Chicken Wings',3,'',22,4),(471,'2020-08-10 04:56:33.718610','107','107 Chicken Thigh',3,'',22,4),(472,'2020-08-10 04:56:33.722139','106','106 Chicken Breast',3,'',22,4),(473,'2020-08-10 04:56:33.725704','105','105 Chicken Drumstick',3,'',22,4),(474,'2020-08-10 04:56:33.731850','104','104 Chicken Niblets',3,'',22,4),(475,'2020-08-10 04:56:33.735702','103','103 Lamb Shoulder',3,'',22,4),(476,'2020-08-10 04:56:33.739353','102','102 Lamb Leg',3,'',22,4),(477,'2020-08-10 04:56:33.743021','101','101 Whole Lamb',3,'',22,4),(478,'2020-08-10 04:56:33.746601','100','100 Chicken Drumstick',3,'',22,4),(479,'2020-08-10 04:56:33.748597','99','99 Chicken Niblets',3,'',22,4),(480,'2020-08-10 04:56:33.750647','98','98 Chicken Breast',3,'',22,4),(481,'2020-08-10 04:56:33.754158','97','97 Chicken Drumstick',3,'',22,4),(482,'2020-08-10 04:56:33.757733','96','96 Chicken Drumstick',3,'',22,4),(483,'2020-08-10 04:56:33.761320','95','95 Chicken Niblets',3,'',22,4),(484,'2020-08-10 04:56:33.763397','94','94 Chicken Thigh',3,'',22,4),(485,'2020-08-10 04:56:33.766668','93','93 Chicken Thigh',3,'',22,4),(486,'2020-08-10 04:56:33.770048','92','92 Chicken Breast',3,'',22,4),(487,'2020-08-10 04:56:33.773563','91','91 Hilsha',3,'',22,4),(488,'2020-08-10 04:56:33.777009','90','90 Chicken Breast',3,'',22,4),(489,'2020-08-10 04:56:33.779007','89','89 Chicken Thigh',3,'',22,4),(490,'2020-08-10 04:56:33.782396','88','88 Chicken Breast',3,'',22,4),(491,'2020-08-10 04:56:33.784273','87','87 Sea Bream',3,'',22,4),(492,'2020-08-10 04:56:33.786268','86','86 Chicken Niblets',3,'',22,4),(493,'2020-08-10 04:56:33.789716','85','85 Chicken Breast',3,'',22,4),(494,'2020-08-10 04:56:33.793125','84','84 Chicken Breast',3,'',22,4),(495,'2020-08-10 04:56:33.795272','83','83 Chicken Drumstick',3,'',22,4),(496,'2020-08-10 04:56:33.798633','82','82 Chicken Niblets',3,'',22,4),(497,'2020-08-10 04:56:33.800616','81','81 Whole Lamb',3,'',22,4),(498,'2020-08-10 04:56:33.802629','80','80 Whole Lamb',3,'',22,4),(499,'2020-08-10 04:56:33.806158','79','79 Lamb Back Chops',3,'',22,4),(500,'2020-08-10 04:56:33.810515','78','78 Lamb Ribs',3,'',22,4),(501,'2020-08-10 04:56:33.813982','77','77 Lamb Mince',3,'',22,4),(502,'2020-08-10 04:56:33.817512','76','76 Lamb Shoulder',3,'',22,4),(503,'2020-08-10 04:56:33.821227','75','75 Chicken Niblets',3,'',22,4),(504,'2020-08-10 04:56:33.823280','74','74 Chicken Breast',3,'',22,4),(505,'2020-08-10 04:56:33.827456','73','73 Whole Lamb',3,'',22,4),(506,'2020-08-10 04:56:33.831168','72','72 Chicken Thigh',3,'',22,4),(507,'2020-08-10 04:56:33.834902','71','71 Chicken Breast',3,'',22,4),(508,'2020-08-10 04:56:33.837095','70','70 Chicken Thigh',3,'',22,4),(509,'2020-08-10 04:56:33.839256','69','69 Chicken Breast',3,'',22,4),(510,'2020-08-10 04:56:33.842907','68','68 Prawns',3,'',22,4),(511,'2020-08-10 04:56:33.844919','67','67 Sea Bass',3,'',22,4),(512,'2020-08-10 04:56:33.846922','66','66 3 Pcs Sea Bass 300/400',3,'',22,4),(513,'2020-08-10 04:56:33.850584','65','65 Chicken Drumstick',3,'',22,4),(514,'2020-08-10 04:56:33.854316','64','64 Chicken Breast',3,'',22,4),(515,'2020-08-10 04:56:33.857890','63','63 Chicken Thigh',3,'',22,4),(516,'2020-08-10 04:56:33.861397','62','62 Chicken Breast',3,'',22,4),(517,'2020-08-10 04:56:33.864894','61','61 Lamb Shoulder',3,'',22,4),(518,'2020-08-10 04:56:33.866852','60','60 Lamb Leg',3,'',22,4),(519,'2020-08-10 04:56:40.865942','59','59 Whole Lamb',3,'',22,4),(520,'2020-08-10 04:56:40.869937','58','58 Chops',3,'',22,4),(521,'2020-08-10 04:56:40.873274','57','57 Tbone',3,'',22,4),(522,'2020-08-10 04:56:40.875154','56','56 10 pcs Chicken Legs',3,'',22,4),(523,'2020-08-10 04:56:40.878520','55','55 Chicken Keema',3,'',22,4),(524,'2020-08-10 04:56:40.880394','54','54 Chicken Drumstick',3,'',22,4),(525,'2020-08-10 04:56:40.882314','53','53 Chicken Wings',3,'',22,4),(526,'2020-08-10 04:56:40.885491','52','52 Chicken Breast',3,'',22,4),(527,'2020-08-10 04:56:40.888702','51','51 Chicken Breast',3,'',22,4),(528,'2020-08-10 04:56:40.890533','50','50 Chicken Breast',3,'',22,4),(529,'2020-08-10 04:56:40.893919','49','49 Chicken Breast',3,'',22,4),(530,'2020-08-10 04:56:40.897472','48','48 Chicken Breast',3,'',22,4),(531,'2020-08-10 04:56:40.900838','47','47 Rohu',3,'',22,4),(532,'2020-08-10 04:56:40.902778','46','46 Chicken Breast',3,'',22,4),(533,'2020-08-10 04:56:40.906295','45','45 Chicken Thigh',3,'',22,4),(534,'2020-08-10 04:56:40.909611','44','44 Chicken Breast',3,'',22,4),(535,'2020-08-10 04:56:40.913118','43','43 Chicken Breast',3,'',22,4),(536,'2020-08-10 04:56:40.915149','42','42 Chicken Thigh',3,'',22,4),(537,'2020-08-10 04:56:40.918697','41','41 Chicken Breast',3,'',22,4),(538,'2020-08-10 04:56:40.920832','40','40 Chicken Buffalo Wings',3,'',22,4),(539,'2020-08-10 04:56:40.922825','39','39 Rohu',3,'',22,4),(540,'2020-08-10 04:56:40.926405','38','38 Chicken Thigh',3,'',22,4),(541,'2020-08-10 04:56:40.930392','37','37 Chicken Breast',3,'',22,4),(542,'2020-08-10 04:56:40.933750','36','36 Chicken Thigh',3,'',22,4),(543,'2020-08-10 04:56:40.937257','35','35 Chicken Breast',3,'',22,4),(544,'2020-08-10 04:56:40.939260','34','34 Chicken Buffalo Wings',3,'',22,4),(545,'2020-08-10 04:56:40.943775','33','33 Chicken Breast',3,'',22,4),(546,'2020-08-10 04:56:40.945760','32','32 Chicken Thigh',3,'',22,4),(547,'2020-08-10 04:56:40.950007','31','31 Chicken Breast',3,'',22,4),(548,'2020-08-10 04:56:40.953402','30','30 Whole Lamb',3,'',22,4),(549,'2020-08-10 04:56:40.955312','29','29 Organic Chicken',3,'',22,4),(550,'2020-08-10 04:56:40.958651','28','28 Chicken Drumstick',3,'',22,4),(551,'2020-08-10 04:56:40.962127','27','27 Chicken Breast',3,'',22,4),(552,'2020-08-10 04:56:40.967255','26','26 Sea Bass',3,'',22,4),(553,'2020-08-10 04:56:40.970665','25','25 Salmon',3,'',22,4),(554,'2020-08-10 04:56:40.974333','24','24 Chicken Niblets',3,'',22,4),(555,'2020-08-10 04:56:40.978063','23','23 Chicken Liver',3,'',22,4),(556,'2020-08-10 04:56:40.981751','22','22 Chicken Breast',3,'',22,4),(557,'2020-08-10 04:56:40.985389','21','21 Chicken Buffalo Wings',3,'',22,4),(558,'2020-08-10 04:56:40.989113','20','20 Chicken Drumstick',3,'',22,4),(559,'2020-08-10 04:56:40.991216','19','19 Chicken Breast',3,'',22,4),(560,'2020-08-10 04:56:40.994781','18','18 Chicken Drumstick',3,'',22,4),(561,'2020-08-10 04:56:40.996810','17','17 Chicken Niblets',3,'',22,4),(562,'2020-08-10 04:56:40.998769','16','16 Chicken Breast',3,'',22,4),(563,'2020-08-10 04:56:41.002142','15','15 Chicken Drumstick',3,'',22,4),(564,'2020-08-10 04:56:41.005627','14','14 Chicken Niblets',3,'',22,4),(565,'2020-08-10 04:56:41.009224','13','13 Chicken Breast',3,'',22,4),(566,'2020-08-10 04:56:41.011105','12','12 Chicken Breast',3,'',22,4),(567,'2020-08-10 04:56:41.014887','11','11 Chicken Drumstick',3,'',22,4),(568,'2020-08-10 04:56:41.017090','10','10 Chicken Niblets',3,'',22,4),(569,'2020-08-10 04:56:41.019067','9','9 Chicken Liver',3,'',22,4),(570,'2020-08-10 04:56:41.022434','8','8 Chicken Breast',3,'',22,4),(571,'2020-08-10 04:56:41.024397','7','7 Chicken Breast',3,'',22,4),(572,'2020-08-10 04:56:41.026384','6','6 Chicken Breast',3,'',22,4),(573,'2020-08-10 04:56:41.032322','5','5 Chicken Niblets',3,'',22,4),(574,'2020-08-10 04:56:41.036206','4','4 Chicken Breast',3,'',22,4),(575,'2020-08-10 04:56:41.038312','3','3 Chicken Niblets',3,'',22,4),(576,'2020-08-10 04:56:41.042475','2','2 Chicken Breast',3,'',22,4),(577,'2020-08-10 04:56:41.046438','1','1 Chicken Niblets',3,'',22,4),(578,'2020-08-10 04:56:51.888936','248','248',3,'',21,4),(579,'2020-08-10 04:56:51.893120','247','247',3,'',21,4),(580,'2020-08-10 04:56:51.897169','246','246',3,'',21,4),(581,'2020-08-10 04:56:51.901243','245','245',3,'',21,4),(582,'2020-08-10 04:56:51.903283','244','244',3,'',21,4),(583,'2020-08-10 04:56:51.906755','243','243',3,'',21,4),(584,'2020-08-10 04:56:51.908721','242','242',3,'',21,4),(585,'2020-08-10 04:56:51.910596','241','241',3,'',21,4),(586,'2020-08-10 04:56:51.913828','240','240',3,'',21,4),(587,'2020-08-10 04:56:51.917228','239','239',3,'',21,4),(588,'2020-08-10 04:56:51.919118','238','238',3,'',21,4),(589,'2020-08-10 04:56:51.922402','237','237',3,'',21,4),(590,'2020-08-10 04:56:51.924427','236','236',3,'',21,4),(591,'2020-08-10 04:56:51.926468','235','235',3,'',21,4),(592,'2020-08-10 04:56:51.930171','234','234',3,'',21,4),(593,'2020-08-10 04:56:51.934765','233','233',3,'',21,4),(594,'2020-08-10 04:56:51.939132','232','232',3,'',21,4),(595,'2020-08-10 04:56:51.943288','231','231',3,'',21,4),(596,'2020-08-10 04:56:51.946625','230','230',3,'',21,4),(597,'2020-08-10 04:56:51.950657','229','229',3,'',21,4),(598,'2020-08-10 04:56:51.954035','228','228',3,'',21,4),(599,'2020-08-10 04:56:51.957393','227','227',3,'',21,4),(600,'2020-08-10 04:56:51.960957','226','226',3,'',21,4),(601,'2020-08-10 04:56:51.962829','225','225',3,'',21,4),(602,'2020-08-10 04:56:51.966350','224','224',3,'',21,4),(603,'2020-08-10 04:56:51.969634','223','223',3,'',21,4),(604,'2020-08-10 04:56:51.973089','222','222',3,'',21,4),(605,'2020-08-10 04:56:51.975118','221','221',3,'',21,4),(606,'2020-08-10 04:56:51.978601','220','220',3,'',21,4),(607,'2020-08-10 04:56:51.980713','219','219',3,'',21,4),(608,'2020-08-10 04:56:51.982840','218','218',3,'',21,4),(609,'2020-08-10 04:56:51.988767','217','217',3,'',21,4),(610,'2020-08-10 04:56:51.990741','216','216',3,'',21,4),(611,'2020-08-10 04:56:51.994317','215','215',3,'',21,4),(612,'2020-08-10 04:56:51.998253','214','214',3,'',21,4),(613,'2020-08-10 04:56:52.001894','213','213',3,'',21,4),(614,'2020-08-10 04:56:52.005694','212','212',3,'',21,4),(615,'2020-08-10 04:56:52.009105','211','211',3,'',21,4),(616,'2020-08-10 04:56:52.011014','210','210',3,'',21,4),(617,'2020-08-10 04:56:52.014500','209','209',3,'',21,4),(618,'2020-08-10 04:56:52.016546','208','208',3,'',21,4),(619,'2020-08-10 04:56:52.018454','207','207',3,'',21,4),(620,'2020-08-10 04:56:52.022035','206','206',3,'',21,4),(621,'2020-08-10 04:56:52.025573','205','205',3,'',21,4),(622,'2020-08-10 04:56:52.029043','204','204',3,'',21,4),(623,'2020-08-10 04:56:52.030855','203','203',3,'',21,4),(624,'2020-08-10 04:56:52.034482','202','202',3,'',21,4),(625,'2020-08-10 04:56:52.036350','201','201',3,'',21,4),(626,'2020-08-10 04:56:52.038329','200','200',3,'',21,4),(627,'2020-08-10 04:56:52.041674','199','199',3,'',21,4),(628,'2020-08-10 04:56:52.044968','198','198',3,'',21,4),(629,'2020-08-10 04:56:52.046762','197','197',3,'',21,4),(630,'2020-08-10 04:56:52.050759','196','196',3,'',21,4),(631,'2020-08-10 04:56:52.054279','195','195',3,'',21,4),(632,'2020-08-10 04:56:52.057729','194','194',3,'',21,4),(633,'2020-08-10 04:56:52.061530','193','193',3,'',21,4),(634,'2020-08-10 04:56:52.065092','192','192',3,'',21,4),(635,'2020-08-10 04:56:52.067051','191','191',3,'',21,4),(636,'2020-08-10 04:56:52.070419','190','190',3,'',21,4),(637,'2020-08-10 04:56:52.072382','189','189',3,'',21,4),(638,'2020-08-10 04:56:52.074403','188','188',3,'',21,4),(639,'2020-08-10 04:56:52.078345','187','187',3,'',21,4),(640,'2020-08-10 04:56:52.082049','186','186',3,'',21,4),(641,'2020-08-10 04:56:52.085510','185','185',3,'',21,4),(642,'2020-08-10 04:56:52.088979','184','184',3,'',21,4),(643,'2020-08-10 04:56:52.091058','183','183',3,'',21,4),(644,'2020-08-10 04:56:52.094697','182','182',3,'',21,4),(645,'2020-08-10 04:56:52.098156','181','181',3,'',21,4),(646,'2020-08-10 04:56:52.101742','180','180',3,'',21,4),(647,'2020-08-10 04:56:52.105147','179','179',3,'',21,4),(648,'2020-08-10 04:56:52.107127','178','178',3,'',21,4),(649,'2020-08-10 04:56:52.110551','177','177',3,'',21,4),(650,'2020-08-10 04:56:52.112427','176','176',3,'',21,4),(651,'2020-08-10 04:56:52.114337','175','175',3,'',21,4),(652,'2020-08-10 04:56:52.117779','174','174',3,'',21,4),(653,'2020-08-10 04:56:52.121315','173','173',3,'',21,4),(654,'2020-08-10 04:56:52.123199','172','172',3,'',21,4),(655,'2020-08-10 04:56:52.126640','171','171',3,'',21,4),(656,'2020-08-10 04:56:52.130082','170','170',3,'',21,4),(657,'2020-08-10 04:56:52.133562','169','169',3,'',21,4),(658,'2020-08-10 04:56:52.137100','168','168',3,'',21,4),(659,'2020-08-10 04:56:52.139124','167','167',3,'',21,4),(660,'2020-08-10 04:56:52.142635','166','166',3,'',21,4),(661,'2020-08-10 04:56:52.144860','165','165',3,'',21,4),(662,'2020-08-10 04:56:52.146792','164','164',3,'',21,4),(663,'2020-08-10 04:56:52.150360','163','163',3,'',21,4),(664,'2020-08-10 04:56:52.153860','162','162',3,'',21,4),(665,'2020-08-10 04:56:52.157912','161','161',3,'',21,4),(666,'2020-08-10 04:56:52.161321','160','160',3,'',21,4),(667,'2020-08-10 04:56:52.163156','159','159',3,'',21,4),(668,'2020-08-10 04:56:52.166404','158','158',3,'',21,4),(669,'2020-08-10 04:56:52.168313','157','157',3,'',21,4),(670,'2020-08-10 04:56:52.170349','156','156',3,'',21,4),(671,'2020-08-10 04:56:52.173808','155','155',3,'',21,4),(672,'2020-08-10 04:56:52.177344','154','154',3,'',21,4),(673,'2020-08-10 04:56:52.179272','153','153',3,'',21,4),(674,'2020-08-10 04:56:52.182805','152','152',3,'',21,4),(675,'2020-08-10 04:56:52.186422','151','151',3,'',21,4),(676,'2020-08-10 04:56:52.190049','150','150',3,'',21,4),(677,'2020-08-10 04:56:52.193682','149','149',3,'',21,4),(678,'2020-08-10 04:56:59.792708','148','148',3,'',21,4),(679,'2020-08-10 04:56:59.796580','147','147',3,'',21,4),(680,'2020-08-10 04:56:59.799982','146','146',3,'',21,4),(681,'2020-08-10 04:56:59.801945','145','145',3,'',21,4),(682,'2020-08-10 04:56:59.806120','144','144',3,'',21,4),(683,'2020-08-10 04:56:59.810264','143','143',3,'',21,4),(684,'2020-08-10 04:56:59.813678','142','142',3,'',21,4),(685,'2020-08-10 04:56:59.817099','141','141',3,'',21,4),(686,'2020-08-10 04:56:59.818994','140','140',3,'',21,4),(687,'2020-08-10 04:56:59.822349','139','139',3,'',21,4),(688,'2020-08-10 04:56:59.824198','138','138',3,'',21,4),(689,'2020-08-10 04:56:59.825948','137','137',3,'',21,4),(690,'2020-08-10 04:56:59.829150','136','136',3,'',21,4),(691,'2020-08-10 04:56:59.830968','135','135',3,'',21,4),(692,'2020-08-10 04:56:59.834665','134','134',3,'',21,4),(693,'2020-08-10 04:56:59.836492','133','133',3,'',21,4),(694,'2020-08-10 04:56:59.838376','132','132',3,'',21,4),(695,'2020-08-10 04:56:59.841616','131','131',3,'',21,4),(696,'2020-08-10 04:56:59.845059','130','130',3,'',21,4),(697,'2020-08-10 04:56:59.846777','129','129',3,'',21,4),(698,'2020-08-10 04:56:59.850426','128','128',3,'',21,4),(699,'2020-08-10 04:56:59.852737','127','127',3,'',21,4),(700,'2020-08-10 04:56:59.854592','126','126',3,'',21,4),(701,'2020-08-10 04:56:59.857961','125','125',3,'',21,4),(702,'2020-08-10 04:56:59.861404','124','124',3,'',21,4),(703,'2020-08-10 04:56:59.863278','123','123',3,'',21,4),(704,'2020-08-10 04:56:59.866567','122','122',3,'',21,4),(705,'2020-08-10 04:56:59.874292','121','121',3,'',21,4),(706,'2020-08-10 04:56:59.878074','120','120',3,'',21,4),(707,'2020-08-10 04:56:59.882053','119','119',3,'',21,4),(708,'2020-08-10 04:56:59.885465','118','118',3,'',21,4),(709,'2020-08-10 04:56:59.888903','117','117',3,'',21,4),(710,'2020-08-10 04:56:59.890796','116','116',3,'',21,4),(711,'2020-08-10 04:56:59.894150','115','115',3,'',21,4),(712,'2020-08-10 04:56:59.897519','114','114',3,'',21,4),(713,'2020-08-10 04:56:59.900910','113','113',3,'',21,4),(714,'2020-08-10 04:56:59.902692','112','112',3,'',21,4),(715,'2020-08-10 04:56:59.905885','111','111',3,'',21,4),(716,'2020-08-10 04:56:59.909448','110','110',3,'',21,4),(717,'2020-08-10 04:56:59.912903','109','109',3,'',21,4),(718,'2020-08-10 04:56:59.914717','108','108',3,'',21,4),(719,'2020-08-10 04:56:59.918391','107','107',3,'',21,4),(720,'2020-08-10 04:56:59.921787','106','106',3,'',21,4),(721,'2020-08-10 04:56:59.925359','105','105',3,'',21,4),(722,'2020-08-10 04:56:59.927135','104','104',3,'',21,4),(723,'2020-08-10 04:56:59.930381','103','103',3,'',21,4),(724,'2020-08-10 04:56:59.932265','102','102',3,'',21,4),(725,'2020-08-10 04:56:59.934112','101','101',3,'',21,4),(726,'2020-08-10 04:56:59.937626','100','100',3,'',21,4),(727,'2020-08-10 04:56:59.941009','99','99',3,'',21,4),(728,'2020-08-10 04:56:59.943536','98','98',3,'',21,4),(729,'2020-08-10 04:56:59.948347','97','97',3,'',21,4),(730,'2020-08-10 04:56:59.950311','96','96',3,'',21,4),(731,'2020-08-10 04:56:59.954273','95','95',3,'',21,4),(732,'2020-08-10 04:56:59.957622','94','94',3,'',21,4),(733,'2020-08-10 04:56:59.961171','93','93',3,'',21,4),(734,'2020-08-10 04:56:59.962942','92','92',3,'',21,4),(735,'2020-08-10 04:56:59.966282','91','91',3,'',21,4),(736,'2020-08-10 04:56:59.968132','90','90',3,'',21,4),(737,'2020-08-10 04:56:59.970068','89','89',3,'',21,4),(738,'2020-08-10 04:56:59.973522','88','88',3,'',21,4),(739,'2020-08-10 04:56:59.976938','87','87',3,'',21,4),(740,'2020-08-10 04:56:59.978832','86','86',3,'',21,4),(741,'2020-08-10 04:56:59.982233','85','85',3,'',21,4),(742,'2020-08-10 04:56:59.985510','84','84',3,'',21,4),(743,'2020-08-10 04:56:59.989210','83','83',3,'',21,4),(744,'2020-08-10 04:56:59.991067','82','82',3,'',21,4),(745,'2020-08-10 04:56:59.994468','81','81',3,'',21,4),(746,'2020-08-10 04:56:59.996307','80','80',3,'',21,4),(747,'2020-08-10 04:56:59.998059','79','79',3,'',21,4),(748,'2020-08-10 04:57:00.001517','78','78',3,'',21,4),(749,'2020-08-10 04:57:00.006055','77','77',3,'',21,4),(750,'2020-08-10 04:57:00.010468','76','76',3,'',21,4),(751,'2020-08-10 04:57:00.017435','75','75',3,'',21,4),(752,'2020-08-10 04:57:00.021462','74','74',3,'',21,4),(753,'2020-08-10 04:57:00.024663','73','73',3,'',21,4),(754,'2020-08-10 04:57:00.026574','72','72',3,'',21,4),(755,'2020-08-10 04:57:00.039030','71','71',3,'',21,4),(756,'2020-08-10 04:57:00.044665','70','70',3,'',21,4),(757,'2020-08-10 04:57:00.049062','69','69',3,'',21,4),(758,'2020-08-10 04:57:00.052986','68','68',3,'',21,4),(759,'2020-08-10 04:57:00.056189','67','67',3,'',21,4),(760,'2020-08-10 04:57:00.057962','66','66',3,'',21,4),(761,'2020-08-10 04:57:00.061155','65','65',3,'',21,4),(762,'2020-08-10 04:57:00.062917','64','64',3,'',21,4),(763,'2020-08-10 04:57:00.066839','63','63',3,'',21,4),(764,'2020-08-10 04:57:00.068640','62','62',3,'',21,4),(765,'2020-08-10 04:57:00.070588','61','61',3,'',21,4),(766,'2020-08-10 04:57:00.073817','60','60',3,'',21,4),(767,'2020-08-10 04:57:00.077086','59','59',3,'',21,4),(768,'2020-08-10 04:57:00.078872','58','58',3,'',21,4),(769,'2020-08-10 04:57:00.082348','57','57',3,'',21,4),(770,'2020-08-10 04:57:00.084202','56','56',3,'',21,4),(771,'2020-08-10 04:57:00.086059','55','55',3,'',21,4),(772,'2020-08-10 04:57:00.089348','54','54',3,'',21,4),(773,'2020-08-10 04:57:00.092726','53','53',3,'',21,4),(774,'2020-08-10 04:57:00.094560','52','52',3,'',21,4),(775,'2020-08-10 04:57:00.098402','51','51',3,'',21,4),(776,'2020-08-10 04:57:00.101832','50','50',3,'',21,4),(777,'2020-08-10 04:57:00.105378','49','49',3,'',21,4),(778,'2020-08-10 04:57:08.505899','48','48',3,'',21,4),(779,'2020-08-10 04:57:08.509675','47','47',3,'',21,4),(780,'2020-08-10 04:57:08.513182','46','46',3,'',21,4),(781,'2020-08-10 04:57:08.515112','45','45',3,'',21,4),(782,'2020-08-10 04:57:08.518405','44','44',3,'',21,4),(783,'2020-08-10 04:57:08.520364','43','43',3,'',21,4),(784,'2020-08-10 04:57:08.522334','42','42',3,'',21,4),(785,'2020-08-10 04:57:08.525978','41','41',3,'',21,4),(786,'2020-08-10 04:57:08.529609','40','40',3,'',21,4),(787,'2020-08-10 04:57:08.533060','39','39',3,'',21,4),(788,'2020-08-10 04:57:08.535093','38','38',3,'',21,4),(789,'2020-08-10 04:57:08.538532','37','37',3,'',21,4),(790,'2020-08-10 04:57:08.540486','36','36',3,'',21,4),(791,'2020-08-10 04:57:08.542389','35','35',3,'',21,4),(792,'2020-08-10 04:57:08.545677','34','34',3,'',21,4),(793,'2020-08-10 04:57:08.549063','33','33',3,'',21,4),(794,'2020-08-10 04:57:08.550844','32','32',3,'',21,4),(795,'2020-08-10 04:57:08.554173','31','31',3,'',21,4),(796,'2020-08-10 04:57:08.556049','30','30',3,'',21,4),(797,'2020-08-10 04:57:08.557997','29','29',3,'',21,4),(798,'2020-08-10 04:57:08.561680','28','28',3,'',21,4),(799,'2020-08-10 04:57:08.565299','27','27',3,'',21,4),(800,'2020-08-10 04:57:08.567226','26','26',3,'',21,4),(801,'2020-08-10 04:57:08.570510','25','25',3,'',21,4),(802,'2020-08-10 04:57:08.572303','24','24',3,'',21,4),(803,'2020-08-10 04:57:08.574341','23','23',3,'',21,4),(804,'2020-08-10 04:57:08.577732','22','22',3,'',21,4),(805,'2020-08-10 04:57:08.581124','21','21',3,'',21,4),(806,'2020-08-10 04:57:08.582952','20','20',3,'',21,4),(807,'2020-08-10 04:57:08.586407','19','19',3,'',21,4),(808,'2020-08-10 04:57:08.588596','18','18',3,'',21,4),(809,'2020-08-10 04:57:08.590436','17','17',3,'',21,4),(810,'2020-08-10 04:57:08.593779','16','16',3,'',21,4),(811,'2020-08-10 04:57:08.597164','15','15',3,'',21,4),(812,'2020-08-10 04:57:08.599017','14','14',3,'',21,4),(813,'2020-08-10 04:57:08.603637','13','13',3,'',21,4),(814,'2020-08-10 04:57:08.605428','12','12',3,'',21,4),(815,'2020-08-10 04:57:08.608994','11','11',3,'',21,4),(816,'2020-08-10 04:57:08.610878','10','10',3,'',21,4),(817,'2020-08-10 04:57:08.614275','9','9',3,'',21,4),(818,'2020-08-10 04:57:08.616417','8','8',3,'',21,4),(819,'2020-08-10 04:57:08.618252','7','7',3,'',21,4),(820,'2020-08-10 04:57:08.621507','6','6',3,'',21,4),(821,'2020-08-10 04:57:08.624899','5','5',3,'',21,4),(822,'2020-08-10 04:57:08.626677','4','4',3,'',21,4),(823,'2020-08-10 04:57:08.630002','3','3',3,'',21,4),(824,'2020-08-10 04:57:08.633389','2','2',3,'',21,4),(825,'2020-08-10 04:57:08.635198','1','1',3,'',21,4),(826,'2020-09-20 10:45:13.015519','1','admin',1,'[{\"added\": {}}]',24,4),(827,'2020-09-23 05:18:08.790561','3','admin',2,'[{\"changed\": {\"fields\": [\"isMobileVerified\"]}}]',6,4),(828,'2020-09-23 05:18:50.558352','134','4444444444',2,'[{\"changed\": {\"fields\": [\"is_staff\", \"gcm_token\", \"source\", \"latitude\", \"longitude\"]}}]',6,4),(829,'2020-09-23 05:40:01.276053','4','shivam',2,'[{\"changed\": {\"fields\": [\"isMobileVerified\", \"gcm_token\", \"gender\", \"source\", \"latitude\", \"longitude\", \"device_type\"]}}]',6,4),(830,'2020-09-27 12:20:54.291724','778','778 Lamb Neck',3,'',22,4),(831,'2020-09-27 12:20:54.295336','777','777 Lamb Back Chops',3,'',22,4),(832,'2020-09-27 12:20:54.297170','776','776 Lamb Chops',3,'',22,4),(833,'2020-09-27 12:20:54.298544','775','775 Lamb Shoulder',3,'',22,4),(834,'2020-09-27 12:20:54.300397','774','774 Lamb Leg',3,'',22,4),(835,'2020-09-27 12:20:54.301796','773','773 Whole Lamb',3,'',22,4),(836,'2020-09-27 12:20:54.303715','772','772 Lamb Neck',3,'',22,4),(837,'2020-09-27 12:20:54.305018','771','771 Lamb Back Chops',3,'',22,4),(838,'2020-09-27 12:20:54.306428','770','770 Lamb Chops',3,'',22,4),(839,'2020-09-27 12:20:54.308262','769','769 Lamb Shoulder',3,'',22,4),(840,'2020-09-27 12:20:54.309591','768','768 Lamb Leg',3,'',22,4),(841,'2020-09-27 12:20:54.311560','767','767 Whole Lamb',3,'',22,4),(842,'2020-09-27 12:20:54.312865','766','766 Chicken Thigh',3,'',22,4),(843,'2020-09-27 12:20:54.314160','765','765 Chicken Breast',3,'',22,4),(844,'2020-09-27 12:20:54.316078','764','764 Chicken Keema',3,'',22,4),(845,'2020-09-27 12:20:54.317450','763','763 Lamb Neck',3,'',22,4),(846,'2020-09-27 12:20:54.318958','762','762 Lamb Back Chops',3,'',22,4),(847,'2020-09-27 12:20:54.320774','761','761 Lamb Chops',3,'',22,4),(848,'2020-09-27 12:20:54.322070','760','760 Lamb Leg',3,'',22,4),(849,'2020-09-27 12:20:54.323847','759','759 Lamb Shoulder',3,'',22,4),(850,'2020-09-27 12:20:54.325112','758','758 Whole Lamb',3,'',22,4),(851,'2020-09-27 12:20:54.326405','757','757 Lamb Neck',3,'',22,4),(852,'2020-09-27 12:20:54.328603','756','756 Lamb Back Chops',3,'',22,4),(853,'2020-09-27 12:20:54.330139','755','755 Lamb Chops',3,'',22,4),(854,'2020-09-27 12:20:54.332618','754','754 Lamb Shoulder',3,'',22,4),(855,'2020-09-27 12:20:54.334512','753','753 Lamb Leg',3,'',22,4),(856,'2020-09-27 12:20:54.344664','752','752 Whole Lamb',3,'',22,4),(857,'2020-09-27 12:20:54.347569','751','751 Chicken Drumstick',3,'',22,4),(858,'2020-09-27 12:20:54.349372','750','750 Chicken Breast',3,'',22,4),(859,'2020-09-27 12:20:54.351242','749','749 Chicken Drumstick',3,'',22,4),(860,'2020-09-27 12:20:54.352552','748','748 Chicken Niblets',3,'',22,4),(861,'2020-09-27 12:20:54.353909','747','747 Lamb Shoulder',3,'',22,4),(862,'2020-09-27 12:20:54.355725','746','746 Lamb Leg',3,'',22,4),(863,'2020-09-27 12:20:54.357004','745','745 Whole Lamb',3,'',22,4),(864,'2020-09-27 12:20:54.358369','744','744 Chicken Thigh',3,'',22,4),(865,'2020-09-27 12:20:54.360243','743','743 Chicken Breast',3,'',22,4),(866,'2020-09-27 12:20:54.361827','742','742 Lamb Chops',3,'',22,4),(867,'2020-09-27 12:20:54.363750','741','741 Lamb Shoulder',3,'',22,4),(868,'2020-09-27 12:20:54.365191','740','740 Lamb Leg',3,'',22,4),(869,'2020-09-27 12:20:54.366595','739','739 Whole Lamb',3,'',22,4),(870,'2020-09-27 12:20:54.368488','738','738 Beef Sirloin',3,'',22,4),(871,'2020-09-27 12:20:54.369892','737','737 Beef Fillets',3,'',22,4),(872,'2020-09-27 12:20:54.371716','736','736 Pollock',3,'',22,4),(873,'2020-09-27 12:20:54.373216','735','735 Salmon',3,'',22,4),(874,'2020-09-27 12:20:54.374598','734','734 Sea Bream',3,'',22,4),(875,'2020-09-27 12:20:54.376366','733','733 Sheep Leg',3,'',22,4),(876,'2020-09-27 12:20:54.377743','732','732 Whole Sheep',3,'',22,4),(877,'2020-09-27 12:20:54.379488','731','731 Chicken Drumstick',3,'',22,4),(878,'2020-09-27 12:20:54.380796','730','730 Chicken Wings',3,'',22,4),(879,'2020-09-27 12:20:54.382057','729','729 Chicken Thigh',3,'',22,4),(880,'2020-09-27 12:20:54.383850','728','728 Chicken Breast',3,'',22,4),(881,'2020-09-27 12:20:54.385140','727','727 Lamb Shoulder',3,'',22,4),(882,'2020-09-27 12:20:54.386424','726','726 Lamb Leg',3,'',22,4),(883,'2020-09-27 12:20:54.388141','725','725 Whole Lamb',3,'',22,4),(884,'2020-09-27 12:20:54.389373','724','724 Chicken Drumstick',3,'',22,4),(885,'2020-09-27 12:20:54.390611','723','723 Chicken Wings',3,'',22,4),(886,'2020-09-27 12:20:54.392320','722','722 Chicken Thigh',3,'',22,4),(887,'2020-09-27 12:20:54.393630','721','721 Chicken Breast',3,'',22,4),(888,'2020-09-27 12:20:54.395400','720','720 3 Pcs Sea Bass 300/400',3,'',22,4),(889,'2020-09-27 12:20:54.396664','719','719 Fish Roes',3,'',22,4),(890,'2020-09-27 12:20:54.397918','718','718 Chicken Wings',3,'',22,4),(891,'2020-09-27 12:20:54.399690','717','717 Chicken Niblets',3,'',22,4),(892,'2020-09-27 12:20:54.400934','716','716 Chicken Thigh',3,'',22,4),(893,'2020-09-27 12:20:54.404322','715','715 Chicken Breast',3,'',22,4),(894,'2020-09-27 12:20:54.405653','714','714 Lamb Back Chops',3,'',22,4),(895,'2020-09-27 12:20:54.407462','713','713 Lamb Chops',3,'',22,4),(896,'2020-09-27 12:20:54.408712','712','712 Lamb Shoulder',3,'',22,4),(897,'2020-09-27 12:20:54.410023','711','711 Lamb Leg',3,'',22,4),(898,'2020-09-27 12:20:54.411915','710','710 Whole Lamb',3,'',22,4),(899,'2020-09-27 12:20:54.413244','709','709 Lamb Neck',3,'',22,4),(900,'2020-09-27 12:20:54.414940','708','708 Lamb Back Chops',3,'',22,4),(901,'2020-09-27 12:20:54.416806','707','707 Lamb Shoulder',3,'',22,4),(902,'2020-09-27 12:20:54.418297','706','706 Lamb Leg',3,'',22,4),(903,'2020-09-27 12:20:54.420253','705','705 Whole Lamb',3,'',22,4),(904,'2020-09-27 12:20:54.421623','704','704 Lamb Neck',3,'',22,4),(905,'2020-09-27 12:20:54.423719','703','703 Lamb Chops',3,'',22,4),(906,'2020-09-27 12:20:54.425187','702','702 Lamb Shoulder',3,'',22,4),(907,'2020-09-27 12:20:54.426634','701','701 Whole Lamb',3,'',22,4),(908,'2020-09-27 12:20:54.428641','700','700 Lamb Leg',3,'',22,4),(909,'2020-09-27 12:20:54.430096','699','699 Lamb Shoulder',3,'',22,4),(910,'2020-09-27 12:20:54.432243','698','698 Lamb Chops',3,'',22,4),(911,'2020-09-27 12:20:54.433748','697','697 Lamb Leg',3,'',22,4),(912,'2020-09-27 12:20:54.435689','696','696 Whole Lamb',3,'',22,4),(913,'2020-09-27 12:20:54.437128','695','695 Lamb Shoulder',3,'',22,4),(914,'2020-09-27 12:20:54.438797','694','694 Lamb Leg',3,'',22,4),(915,'2020-09-27 12:20:54.440937','693','693 Whole Lamb',3,'',22,4),(916,'2020-09-27 12:20:54.442327','692','692 Chicken Gizzard',3,'',22,4),(917,'2020-09-27 12:20:54.444234','691','691 Chicken Liver',3,'',22,4),(918,'2020-09-27 12:20:54.445677','690','690 Chicken Keema',3,'',22,4),(919,'2020-09-27 12:20:54.447635','689','689 Chicken Wings',3,'',22,4),(920,'2020-09-27 12:20:54.449409','688','688 Chicken Breast',3,'',22,4),(921,'2020-09-27 12:20:54.450691','687','687 Chicken Thigh',3,'',22,4),(922,'2020-09-27 12:20:54.452635','686','686 Lamb Shoulder',3,'',22,4),(923,'2020-09-27 12:20:54.454057','685','685 Lamb Leg',3,'',22,4),(924,'2020-09-27 12:20:54.455971','684','684 Whole Lamb',3,'',22,4),(925,'2020-09-27 12:20:54.457316','683','683 Chicken Keema',3,'',22,4),(926,'2020-09-27 12:20:54.458787','682','682 Chicken Drumstick',3,'',22,4),(927,'2020-09-27 12:20:54.460816','681','681 Chicken Wings',3,'',22,4),(928,'2020-09-27 12:20:54.462178','680','680 Chicken Thigh',3,'',22,4),(929,'2020-09-27 12:20:54.464190','679','679 Chicken Breast',3,'',22,4),(930,'2020-09-27 12:21:02.715182','678','678 Chicken Jalfrezi',3,'',22,4),(931,'2020-09-27 12:21:02.717372','677','677 3 Baby Chicken',3,'',22,4),(932,'2020-09-27 12:21:02.718880','676','676 3 Medium Chickens',3,'',22,4),(933,'2020-09-27 12:21:02.720816','675','675 3 Large Chicken',3,'',22,4),(934,'2020-09-27 12:21:02.722513','674','674 Small Chicken Breast',3,'',22,4),(935,'2020-09-27 12:21:02.724744','673','673 10 pcs Chicken Legs',3,'',22,4),(936,'2020-09-27 12:21:02.726342','672','672 Chicken Liver',3,'',22,4),(937,'2020-09-27 12:21:02.728494','671','671 Chicken Gizzard',3,'',22,4),(938,'2020-09-27 12:21:02.730002','670','670 Chicken Keema',3,'',22,4),(939,'2020-09-27 12:21:02.732014','669','669 Chicken Drumstick',3,'',22,4),(940,'2020-09-27 12:21:02.733407','668','668 Chicken Wings',3,'',22,4),(941,'2020-09-27 12:21:02.734796','667','667 Chicken Thigh',3,'',22,4),(942,'2020-09-27 12:21:02.736501','666','666 Whole Lamb',3,'',22,4),(943,'2020-09-27 12:21:02.737805','665','665 Chicken Wings',3,'',22,4),(944,'2020-09-27 12:21:02.739551','664','664 Chicken Thigh',3,'',22,4),(945,'2020-09-27 12:21:02.741139','663','663 Chicken Breast',3,'',22,4),(946,'2020-09-27 12:21:02.742598','662','662 Lamb Neck',3,'',22,4),(947,'2020-09-27 12:21:02.744656','661','661 Lamb Back Chops',3,'',22,4),(948,'2020-09-27 12:21:02.745987','660','660 Lamb Chops',3,'',22,4),(949,'2020-09-27 12:21:02.747729','659','659 Lamb Shoulder',3,'',22,4),(950,'2020-09-27 12:21:02.749179','658','658 Lamb Leg',3,'',22,4),(951,'2020-09-27 12:21:02.750733','657','657 Whole Lamb',3,'',22,4),(952,'2020-09-27 12:21:02.752582','656','656 Lamb Mince',3,'',22,4),(953,'2020-09-27 12:21:02.753917','655','655 Lamb Ribs',3,'',22,4),(954,'2020-09-27 12:21:02.755742','654','654 Lamb Neck',3,'',22,4),(955,'2020-09-27 12:21:02.757210','653','653 Lamb Back Chops',3,'',22,4),(956,'2020-09-27 12:21:02.758714','652','652 Lamb Chops',3,'',22,4),(957,'2020-09-27 12:21:02.760623','651','651 Lamb Leg',3,'',22,4),(958,'2020-09-27 12:21:02.762277','650','650 Lamb Shoulder',3,'',22,4),(959,'2020-09-27 12:21:02.764250','649','649 Whole Lamb',3,'',22,4),(960,'2020-09-27 12:21:02.765576','648','648 Lamb Ribs',3,'',22,4),(961,'2020-09-27 12:21:02.767339','647','647 Lamb Neck',3,'',22,4),(962,'2020-09-27 12:21:02.768590','646','646 Lamb Back Chops',3,'',22,4),(963,'2020-09-27 12:21:02.770025','645','645 Lamb Chops',3,'',22,4),(964,'2020-09-27 12:21:02.771792','644','644 Lamb Shoulder',3,'',22,4),(965,'2020-09-27 12:21:02.773317','643','643 Lamb Leg',3,'',22,4),(966,'2020-09-27 12:21:02.774777','642','642 Whole Lamb',3,'',22,4),(967,'2020-09-27 12:21:02.776731','641','641 Sheep Ribs',3,'',22,4),(968,'2020-09-27 12:21:02.778167','640','640 Sheep Back Chops',3,'',22,4),(969,'2020-09-27 12:21:02.780000','639','639 Sheep Neck',3,'',22,4),(970,'2020-09-27 12:21:02.781670','638','638 Sheep Shoulder',3,'',22,4),(971,'2020-09-27 12:21:02.783603','637','637 Sheep Chops',3,'',22,4),(972,'2020-09-27 12:21:02.784980','636','636 Sheep Leg',3,'',22,4),(973,'2020-09-27 12:21:02.786556','635','635 Whole Sheep',3,'',22,4),(974,'2020-09-27 12:21:02.788725','634','634 Lamb Neck',3,'',22,4),(975,'2020-09-27 12:21:02.790327','633','633 Lamb Back Chops',3,'',22,4),(976,'2020-09-27 12:21:02.792134','632','632 Lamb Chops',3,'',22,4),(977,'2020-09-27 12:21:02.793719','631','631 Lamb Shoulder',3,'',22,4),(978,'2020-09-27 12:21:02.795687','630','630 Lamb Leg',3,'',22,4),(979,'2020-09-27 12:21:02.797089','629','629 Whole Lamb',3,'',22,4),(980,'2020-09-27 12:21:02.798586','628','628 Lamb Ribs',3,'',22,4),(981,'2020-09-27 12:21:02.800369','627','627 Lamb Neck',3,'',22,4),(982,'2020-09-27 12:21:02.801826','626','626 Lamb Back Chops',3,'',22,4),(983,'2020-09-27 12:21:02.804028','625','625 Lamb Chops',3,'',22,4),(984,'2020-09-27 12:21:02.806420','624','624 Lamb Shoulder',3,'',22,4),(985,'2020-09-27 12:21:02.808500','623','623 Lamb Leg',3,'',22,4),(986,'2020-09-27 12:21:02.810312','622','622 Whole Lamb',3,'',22,4),(987,'2020-09-27 12:21:02.813353','621','621 Sheep Leg',3,'',22,4),(988,'2020-09-27 12:21:02.817142','620','620 Sheep Shoulder',3,'',22,4),(989,'2020-09-27 12:21:02.818753','619','619 Sheep Chops',3,'',22,4),(990,'2020-09-27 12:21:02.821833','618','618 Sheep Neck',3,'',22,4),(991,'2020-09-27 12:21:02.823806','617','617 Sheep Back Chops',3,'',22,4),(992,'2020-09-27 12:21:02.825503','616','616 Whole Sheep',3,'',22,4),(993,'2020-09-27 12:21:02.830393','615','615 Chicken Drumstick',3,'',22,4),(994,'2020-09-27 12:21:02.832662','614','614 Chicken Niblets',3,'',22,4),(995,'2020-09-27 12:21:02.834169','613','613 Chicken Breast',3,'',22,4),(996,'2020-09-27 12:21:02.836293','612','612 Chicken Thigh',3,'',22,4),(997,'2020-09-27 12:21:02.837961','611','611 Chicken Breast',3,'',22,4),(998,'2020-09-27 12:21:02.839926','610','610 Chicken Keema',3,'',22,4),(999,'2020-09-27 12:21:02.841639','609','609 Chicken Liver',3,'',22,4),(1000,'2020-09-27 12:21:02.843720','608','608 Chicken Drumstick',3,'',22,4),(1001,'2020-09-27 12:21:02.845135','607','607 Chicken Wings',3,'',22,4),(1002,'2020-09-27 12:21:02.846422','606','606 Chicken Breast',3,'',22,4),(1003,'2020-09-27 12:21:02.848055','605','605 Chicken Thigh',3,'',22,4),(1004,'2020-09-27 12:21:02.849519','604','604 Sheep Ribs',3,'',22,4),(1005,'2020-09-27 12:21:02.851352','603','603 Sheep Chops',3,'',22,4),(1006,'2020-09-27 12:21:02.853232','602','602 Sheep Shoulder',3,'',22,4),(1007,'2020-09-27 12:21:02.855433','601','601 Sheep Leg',3,'',22,4),(1008,'2020-09-27 12:21:02.857244','600','600 Whole Sheep',3,'',22,4),(1009,'2020-09-27 12:21:02.859395','599','599 Lamb Neck',3,'',22,4),(1010,'2020-09-27 12:21:02.860882','598','598 Lamb Chops',3,'',22,4),(1011,'2020-09-27 12:21:02.862381','597','597 3 Pcs Sea Bass 300/400',3,'',22,4),(1012,'2020-09-27 12:21:02.864618','596','596 Lamb Liver/Lungs/Heart',3,'',22,4),(1013,'2020-09-27 12:21:02.866407','595','595 Lamb Boneless',3,'',22,4),(1014,'2020-09-27 12:21:02.868690','594','594 Lamb Shoulder',3,'',22,4),(1015,'2020-09-27 12:21:02.870570','593','593 Whole Lamb',3,'',22,4),(1016,'2020-09-27 12:21:02.872732','592','592 Chicken Keema',3,'',22,4),(1017,'2020-09-27 12:21:02.874542','591','591 Chicken Wings',3,'',22,4),(1018,'2020-09-27 12:21:02.876732','590','590 Lamb Leg',3,'',22,4),(1019,'2020-09-27 12:21:02.878563','589','589 Whole Lamb',3,'',22,4),(1020,'2020-09-27 12:21:02.880687','588','588 Chicken Breast',3,'',22,4),(1021,'2020-09-27 12:21:02.882516','587','587 Whole Sheep',3,'',22,4),(1022,'2020-09-27 12:21:02.884684','586','586 Sheep Chops',3,'',22,4),(1023,'2020-09-27 12:21:02.886562','585','585 Chicken Drumstick',3,'',22,4),(1024,'2020-09-27 12:21:02.888976','584','584 Chicken Niblets',3,'',22,4),(1025,'2020-09-27 12:21:02.891405','583','583 Chicken Breast',3,'',22,4),(1026,'2020-09-27 12:21:02.893358','582','582 Lamb Neck',3,'',22,4),(1027,'2020-09-27 12:21:02.895825','581','581 Lamb Back Chops',3,'',22,4),(1028,'2020-09-27 12:21:02.897863','580','580 Lamb Chops',3,'',22,4),(1029,'2020-09-27 12:21:02.900412','579','579 Lamb Leg',3,'',22,4),(1030,'2020-09-27 12:21:11.311621','578','578 Whole Lamb',3,'',22,4),(1031,'2020-09-27 12:21:11.314285','577','577 Chicken Breast',3,'',22,4),(1032,'2020-09-27 12:21:11.316220','576','576 Chicken Drumstick',3,'',22,4),(1033,'2020-09-27 12:21:11.317487','575','575 Chicken Niblets',3,'',22,4),(1034,'2020-09-27 12:21:11.319348','574','574 Chicken Wings',3,'',22,4),(1035,'2020-09-27 12:21:11.320913','573','573 Chicken Breast',3,'',22,4),(1036,'2020-09-27 12:21:11.322226','572','572 Chicken Thigh',3,'',22,4),(1037,'2020-09-27 12:21:11.324736','571','571 Chicken Jalfrezi',3,'',22,4),(1038,'2020-09-27 12:21:11.326482','570','570 Small Chicken Breast',3,'',22,4),(1039,'2020-09-27 12:21:11.328367','569','569 Small Chicken Wings',3,'',22,4),(1040,'2020-09-27 12:21:11.329837','568','568 Chicken Gizzard',3,'',22,4),(1041,'2020-09-27 12:21:11.331908','567','567 10 pcs Chicken Legs',3,'',22,4),(1042,'2020-09-27 12:21:11.333325','566','566 Chicken Liver',3,'',22,4),(1043,'2020-09-27 12:21:11.335452','565','565 Chicken Keema',3,'',22,4),(1044,'2020-09-27 12:21:11.336909','564','564 Chicken Drumstick',3,'',22,4),(1045,'2020-09-27 12:21:11.338467','563','563 Chicken Wings',3,'',22,4),(1046,'2020-09-27 12:21:11.340986','562','562 Chicken Thigh',3,'',22,4),(1047,'2020-09-27 12:21:11.342963','561','561 Chicken Breast',3,'',22,4),(1048,'2020-09-27 12:21:11.345358','560','560 Chicken Breast',3,'',22,4),(1049,'2020-09-27 12:21:11.347820','559','559 Chicken Drumstick',3,'',22,4),(1050,'2020-09-27 12:21:11.349759','558','558 Chicken Wings',3,'',22,4),(1051,'2020-09-27 12:21:11.352328','557','557 Chicken Thigh',3,'',22,4),(1052,'2020-09-27 12:21:11.354282','556','556 Lamb Neck',3,'',22,4),(1053,'2020-09-27 12:21:11.356276','555','555 Lamb Back Chops',3,'',22,4),(1054,'2020-09-27 12:21:11.357751','554','554 Lamb Chops',3,'',22,4),(1055,'2020-09-27 12:21:11.359681','553','553 Lamb Shoulder',3,'',22,4),(1056,'2020-09-27 12:21:11.361091','552','552 Lamb Leg',3,'',22,4),(1057,'2020-09-27 12:21:11.362631','551','551 Whole Lamb',3,'',22,4),(1058,'2020-09-27 12:21:11.364644','550','550 Sheep Chops',3,'',22,4),(1059,'2020-09-27 12:21:11.366036','549','549 Chicken Drumstick',3,'',22,4),(1060,'2020-09-27 12:21:11.367926','548','548 Chicken Niblets',3,'',22,4),(1061,'2020-09-27 12:21:11.369237','547','547 Chicken Breast',3,'',22,4),(1062,'2020-09-27 12:21:11.370622','546','546 Chicken Keema',3,'',22,4),(1063,'2020-09-27 12:21:11.372431','545','545 Chicken Drumstick',3,'',22,4),(1064,'2020-09-27 12:21:11.373844','544','544 Chicken Niblets',3,'',22,4),(1065,'2020-09-27 12:21:11.375556','543','543 Chicken Breast',3,'',22,4),(1066,'2020-09-27 12:21:11.376793','542','542 Lamb Mix',3,'',22,4),(1067,'2020-09-27 12:21:11.378036','541','541 Lamb Mince',3,'',22,4),(1068,'2020-09-27 12:21:11.379755','540','540 Lamb Ribs',3,'',22,4),(1069,'2020-09-27 12:21:11.381139','539','539 Lamb Neck',3,'',22,4),(1070,'2020-09-27 12:21:11.382498','538','538 Lamb Back Chops',3,'',22,4),(1071,'2020-09-27 12:21:11.384328','537','537 Lamb Chops',3,'',22,4),(1072,'2020-09-27 12:21:11.385631','536','536 Lamb Shoulder',3,'',22,4),(1073,'2020-09-27 12:21:11.387447','535','535 Lamb Leg',3,'',22,4),(1074,'2020-09-27 12:21:11.388808','534','534 Whole Lamb',3,'',22,4),(1075,'2020-09-27 12:21:11.390230','533','533 Chicken Thigh',3,'',22,4),(1076,'2020-09-27 12:21:11.392112','532','532 Chicken Breast',3,'',22,4),(1077,'2020-09-27 12:21:11.393437','531','531 King Prawns 20/30',3,'',22,4),(1078,'2020-09-27 12:21:11.394712','530','530 Chicken Gizzard',3,'',22,4),(1079,'2020-09-27 12:21:11.396590','529','529 Chicken Liver',3,'',22,4),(1080,'2020-09-27 12:21:11.398153','528','528 Chicken Keema',3,'',22,4),(1081,'2020-09-27 12:21:11.399997','527','527 Chicken Wings',3,'',22,4),(1082,'2020-09-27 12:21:11.401272','526','526 Chicken Niblets',3,'',22,4),(1083,'2020-09-27 12:21:11.402539','525','525 Chicken Thigh',3,'',22,4),(1084,'2020-09-27 12:21:11.404230','524','524 Chicken Breast',3,'',22,4),(1085,'2020-09-27 12:21:11.405519','523','523 Chicken Niblets',3,'',22,4),(1086,'2020-09-27 12:21:11.407366','522','522 Chicken Thigh',3,'',22,4),(1087,'2020-09-27 12:21:11.408678','521','521 Chicken Breast',3,'',22,4),(1088,'2020-09-27 12:21:11.409976','520','520 Chicken Niblets',3,'',22,4),(1089,'2020-09-27 12:21:11.411900','519','519 Chicken Thigh',3,'',22,4),(1090,'2020-09-27 12:21:11.413306','518','518 Chicken Breast',3,'',22,4),(1091,'2020-09-27 12:21:11.414593','517','517 Amina Spice Large',3,'',22,4),(1092,'2020-09-27 12:21:11.416349','516','516 Amina Spice Small',3,'',22,4),(1093,'2020-09-27 12:21:11.417669','515','515 Beef Fillets',3,'',22,4),(1094,'2020-09-27 12:21:11.419564','514','514 Beef Sirloin',3,'',22,4),(1095,'2020-09-27 12:21:11.421077','513','513 Beef Chops',3,'',22,4),(1096,'2020-09-27 12:21:11.422400','512','512 Beef Ribeye',3,'',22,4),(1097,'2020-09-27 12:21:11.424223','511','511 Beef T Bone',3,'',22,4),(1098,'2020-09-27 12:21:11.425538','510','510 Sheep Leg',3,'',22,4),(1099,'2020-09-27 12:21:11.427409','509','509 1 Whole Chicken',3,'',22,4),(1100,'2020-09-27 12:21:11.428697','508','508 3 Baby Chicken',3,'',22,4),(1101,'2020-09-27 12:21:11.430003','507','507 Chicken Keema',3,'',22,4),(1102,'2020-09-27 12:21:11.431759','506','506 Chicken Drumstick',3,'',22,4),(1103,'2020-09-27 12:21:11.433015','505','505 Chicken Breast',3,'',22,4),(1104,'2020-09-27 12:21:11.434406','504','504 Lamb Steak',3,'',22,4),(1105,'2020-09-27 12:21:11.436280','503','503 Lamb Back Chops',3,'',22,4),(1106,'2020-09-27 12:21:11.437887','502','502 Chicken Breast',3,'',22,4),(1107,'2020-09-27 12:21:11.439691','501','501 Chicken Breast',3,'',22,4),(1108,'2020-09-27 12:21:11.440935','500','500 Chicken Breast',3,'',22,4),(1109,'2020-09-27 12:21:11.442435','499','499 Chicken Breast',3,'',22,4),(1110,'2020-09-27 12:21:11.444331','498','498 Chicken Breast',3,'',22,4),(1111,'2020-09-27 12:21:11.445690','497','497 Chicken Breast',3,'',22,4),(1112,'2020-09-27 12:21:11.447702','496','496 Chicken Breast',3,'',22,4),(1113,'2020-09-27 12:21:11.449121','495','495 Chicken Breast',3,'',22,4),(1114,'2020-09-27 12:21:11.450513','494','494 Chicken Breast',3,'',22,4),(1115,'2020-09-27 12:21:11.452439','493','493 Sheep Back Chops',3,'',22,4),(1116,'2020-09-27 12:21:11.453802','492','492 Sheep Chops',3,'',22,4),(1117,'2020-09-27 12:21:11.455602','491','491 Sheep Shoulder',3,'',22,4),(1118,'2020-09-27 12:21:11.456884','490','490 Sheep Leg',3,'',22,4),(1119,'2020-09-27 12:21:11.458311','489','489 Whole Sheep',3,'',22,4),(1120,'2020-09-27 12:21:11.460127','488','488 Whole Lamb',3,'',22,4),(1121,'2020-09-27 12:21:11.461635','487','487 Lamb Back Chops',3,'',22,4),(1122,'2020-09-27 12:21:11.463670','486','486 Lamb Chops',3,'',22,4),(1123,'2020-09-27 12:21:11.467677','485','485 Lamb Shoulder',3,'',22,4),(1124,'2020-09-27 12:21:11.469177','484','484 Lamb Leg',3,'',22,4),(1125,'2020-09-27 12:21:11.470635','483','483 Lamb Ribs',3,'',22,4),(1126,'2020-09-27 12:21:11.472643','482','482 Lamb Neck',3,'',22,4),(1127,'2020-09-27 12:21:11.474175','481','481 Lamb Chops',3,'',22,4),(1128,'2020-09-27 12:21:11.476164','480','480 Lamb Back Chops',3,'',22,4),(1129,'2020-09-27 12:21:11.477575','479','479 Lamb Shoulder',3,'',22,4),(1130,'2020-09-27 12:21:17.463546','478','478 Lamb Leg',3,'',22,4),(1131,'2020-09-27 12:21:17.465686','477','477 Whole Lamb',3,'',22,4),(1132,'2020-09-27 12:21:17.467372','476','476 Chicken Breast',3,'',22,4),(1133,'2020-09-27 12:21:17.468635','475','475 Chicken Breast',3,'',22,4),(1134,'2020-09-27 12:21:17.469849','474','474 Chicken Thigh',3,'',22,4),(1135,'2020-09-27 12:21:17.471667','473','473 Chicken Thigh',3,'',22,4),(1136,'2020-09-27 12:21:17.472957','472','472 Chicken Breast',3,'',22,4),(1137,'2020-09-27 12:21:17.474174','471','471 Chicken Breast',3,'',22,4),(1138,'2020-09-27 12:21:17.475851','470','470 Chicken Drumstick',3,'',22,4),(1139,'2020-09-27 12:21:17.477090','469','469 Chicken Wings',3,'',22,4),(1140,'2020-09-27 12:21:17.478430','468','468 Chicken Niblets',3,'',22,4),(1141,'2020-09-27 12:21:17.480115','467','467 Chicken Thigh',3,'',22,4),(1142,'2020-09-27 12:21:17.481301','466','466 Chicken Breast',3,'',22,4),(1143,'2020-09-27 12:21:17.482532','465','465 Chicken Thigh',3,'',22,4),(1144,'2020-09-27 12:21:17.484079','464','464 Chicken Breast',3,'',22,4),(1145,'2020-09-27 12:21:17.485271','463','463 Chicken Thigh',3,'',22,4),(1146,'2020-09-27 12:21:17.486530','462','462 Chicken Breast',3,'',22,4),(1147,'2020-09-27 12:21:33.054862','319','319',3,'',21,4),(1148,'2020-09-27 12:21:33.056839','318','318',3,'',21,4),(1149,'2020-09-27 12:21:33.058053','317','317',3,'',21,4),(1150,'2020-09-27 12:21:33.059601','316','316',3,'',21,4),(1151,'2020-09-27 12:21:33.060853','315','315',3,'',21,4),(1152,'2020-09-27 12:21:33.062048','314','314',3,'',21,4),(1153,'2020-09-27 12:21:33.063703','313','313',3,'',21,4),(1154,'2020-09-27 12:21:33.065013','312','312',3,'',21,4),(1155,'2020-09-27 12:21:33.066238','311','311',3,'',21,4),(1156,'2020-09-27 12:21:33.067805','310','310',3,'',21,4),(1157,'2020-09-27 12:21:33.068988','309','309',3,'',21,4),(1158,'2020-09-27 12:21:33.070186','308','308',3,'',21,4),(1159,'2020-09-27 12:21:33.071856','307','307',3,'',21,4),(1160,'2020-09-27 12:21:33.073078','306','306',3,'',21,4),(1161,'2020-09-27 12:21:33.074309','305','305',3,'',21,4),(1162,'2020-09-27 12:21:33.075941','304','304',3,'',21,4),(1163,'2020-09-27 12:21:33.077191','303','303',3,'',21,4),(1164,'2020-09-27 12:21:33.078425','302','302',3,'',21,4),(1165,'2020-09-27 12:21:33.079967','301','301',3,'',21,4),(1166,'2020-09-27 12:21:33.081176','300','300',3,'',21,4),(1167,'2020-09-27 12:21:33.082390','299','299',3,'',21,4),(1168,'2020-09-27 12:21:33.083897','298','298',3,'',21,4),(1169,'2020-09-27 12:21:33.085048','297','297',3,'',21,4),(1170,'2020-09-27 12:21:33.086317','296','296',3,'',21,4),(1171,'2020-09-27 12:21:33.087896','295','295',3,'',21,4),(1172,'2020-09-27 12:21:33.089066','294','294',3,'',21,4),(1173,'2020-09-27 12:21:33.090325','293','293',3,'',21,4),(1174,'2020-09-27 12:21:33.091883','292','292',3,'',21,4),(1175,'2020-09-27 12:21:33.095594','291','291',3,'',21,4),(1176,'2020-09-27 12:21:33.096936','290','290',3,'',21,4),(1177,'2020-09-27 12:21:33.098155','289','289',3,'',21,4),(1178,'2020-09-27 12:21:33.099843','288','288',3,'',21,4),(1179,'2020-09-27 12:21:33.101052','287','287',3,'',21,4),(1180,'2020-09-27 12:21:33.102312','286','286',3,'',21,4),(1181,'2020-09-27 12:21:33.103948','285','285',3,'',21,4),(1182,'2020-09-27 12:21:33.105198','284','284',3,'',21,4),(1183,'2020-09-27 12:21:33.106461','283','283',3,'',21,4),(1184,'2020-09-27 12:21:33.108087','282','282',3,'',21,4),(1185,'2020-09-27 12:21:33.109313','281','281',3,'',21,4),(1186,'2020-09-27 12:21:33.110556','280','280',3,'',21,4),(1187,'2020-09-27 12:21:33.112170','279','279',3,'',21,4),(1188,'2020-09-27 12:21:33.113391','278','278',3,'',21,4),(1189,'2020-09-27 12:21:33.114608','277','277',3,'',21,4),(1190,'2020-09-27 12:21:33.116317','276','276',3,'',21,4),(1191,'2020-09-27 12:21:33.117606','275','275',3,'',21,4),(1192,'2020-09-27 12:21:33.119289','274','274',3,'',21,4),(1193,'2020-09-27 12:21:33.120515','273','273',3,'',21,4),(1194,'2020-09-27 12:21:33.121754','272','272',3,'',21,4),(1195,'2020-09-27 12:21:33.123470','271','271',3,'',21,4),(1196,'2020-09-27 12:21:33.124703','270','270',3,'',21,4),(1197,'2020-09-27 12:21:33.125916','269','269',3,'',21,4),(1198,'2020-09-27 12:21:33.127601','268','268',3,'',21,4),(1199,'2020-09-27 12:21:33.128819','267','267',3,'',21,4),(1200,'2020-09-27 12:21:33.130073','266','266',3,'',21,4),(1201,'2020-09-27 12:21:33.131761','265','265',3,'',21,4),(1202,'2020-09-27 12:21:33.133000','264','264',3,'',21,4),(1203,'2020-09-27 12:21:33.134246','263','263',3,'',21,4),(1204,'2020-09-27 12:21:33.135936','262','262',3,'',21,4),(1205,'2020-09-27 12:21:33.137201','261','261',3,'',21,4),(1206,'2020-09-27 12:21:33.142679','260','260',3,'',21,4),(1207,'2020-09-27 12:21:33.143924','259','259',3,'',21,4),(1208,'2020-09-27 12:21:33.145105','258','258',3,'',21,4),(1209,'2020-09-27 12:21:33.146561','257','257',3,'',21,4),(1210,'2020-09-27 12:21:33.148268','256','256',3,'',21,4),(1211,'2020-09-27 12:21:33.149455','255','255',3,'',21,4),(1212,'2020-09-27 12:21:33.150616','254','254',3,'',21,4),(1213,'2020-09-27 12:21:33.152137','253','253',3,'',21,4),(1214,'2020-09-27 12:21:33.153441','252','252',3,'',21,4),(1215,'2020-09-27 12:21:33.154628','251','251',3,'',21,4),(1216,'2020-09-27 12:21:33.156229','250','250',3,'',21,4),(1217,'2020-10-17 11:55:39.693025','861','861 Lamb Chops',3,'',22,4),(1218,'2020-10-17 11:55:39.695983','860','860 Lamb Shoulder',3,'',22,4),(1219,'2020-10-17 11:55:39.697959','859','859 Lamb Leg',3,'',22,4),(1220,'2020-10-17 11:55:39.699860','858','858 Whole Lamb',3,'',22,4),(1221,'2020-10-17 11:55:39.701199','857','857 Chicken Liver',3,'',22,4),(1222,'2020-10-17 11:55:39.702548','856','856 Chicken Keema',3,'',22,4),(1223,'2020-10-17 11:55:39.704160','855','855 Chicken Drumstick',3,'',22,4),(1224,'2020-10-17 11:55:39.705543','854','854 Lamb Leg',3,'',22,4),(1225,'2020-10-17 11:55:39.707313','853','853 Whole Lamb',3,'',22,4),(1226,'2020-10-17 11:55:39.708577','852','852 Whole Sheep',3,'',22,4),(1227,'2020-10-17 11:55:39.709924','851','851 Sheep Leg',3,'',22,4),(1228,'2020-10-17 11:55:39.711966','850','850 Chicken Breast',3,'',22,4),(1229,'2020-10-17 11:55:39.713394','849','849 Lamb Leg',3,'',22,4),(1230,'2020-10-17 11:55:39.715149','848','848 Lamb Shoulder',3,'',22,4),(1231,'2020-10-17 11:55:39.716433','847','847 Whole Lamb',3,'',22,4),(1232,'2020-10-17 11:55:39.717742','846','846 Chicken Thigh',3,'',22,4),(1233,'2020-10-17 11:55:39.718985','845','845 Chicken Breast',3,'',22,4),(1234,'2020-10-17 11:55:39.720160','844','844 Lamb Back Chops',3,'',22,4),(1235,'2020-10-17 11:55:39.721510','843','843 Lamb Chops',3,'',22,4),(1236,'2020-10-17 11:55:39.723564','842','842 Lamb Shoulder',3,'',22,4),(1237,'2020-10-17 11:55:39.724968','841','841 Lamb Leg',3,'',22,4),(1238,'2020-10-17 11:55:39.726451','840','840 Whole Lamb',3,'',22,4),(1239,'2020-10-17 11:55:39.728159','839','839 Lamb Neck',3,'',22,4),(1240,'2020-10-17 11:55:39.729503','838','838 Lamb Back Chops',3,'',22,4),(1241,'2020-10-17 11:55:39.731407','837','837 Whole Lamb',3,'',22,4),(1242,'2020-10-17 11:55:39.732781','836','836 Lamb Leg',3,'',22,4),(1243,'2020-10-17 11:55:39.734342','835','835 Lamb Shoulder',3,'',22,4),(1244,'2020-10-17 11:55:39.736089','834','834 3 Medium Chickens',3,'',22,4),(1245,'2020-10-17 11:55:39.737509','833','833 Lamb Neck',3,'',22,4),(1246,'2020-10-17 11:55:39.739292','832','832 Lamb Back Chops',3,'',22,4),(1247,'2020-10-17 11:55:39.740814','831','831 Lamb Chops',3,'',22,4),(1248,'2020-10-17 11:55:39.742275','830','830 Lamb Shoulder',3,'',22,4),(1249,'2020-10-17 11:55:39.744056','829','829 Lamb Leg',3,'',22,4),(1250,'2020-10-17 11:55:39.745349','828','828 Whole Lamb',3,'',22,4),(1251,'2020-10-17 11:55:39.746572','827','827 Lamb Chops',3,'',22,4),(1252,'2020-10-17 11:55:39.748122','826','826 Lamb Shoulder',3,'',22,4),(1253,'2020-10-17 11:55:39.749324','825','825 Lamb Leg',3,'',22,4),(1254,'2020-10-17 11:55:39.750579','824','824 Whole Lamb',3,'',22,4),(1255,'2020-10-17 11:55:39.752236','823','823 Lamb Back Chops',3,'',22,4),(1256,'2020-10-17 11:55:39.753548','822','822 Lamb Chops',3,'',22,4),(1257,'2020-10-17 11:55:39.756313','821','821 Lamb Shoulder',3,'',22,4),(1258,'2020-10-17 11:55:39.757692','820','820 Lamb Leg',3,'',22,4),(1259,'2020-10-17 11:55:39.758981','819','819 Whole Lamb',3,'',22,4),(1260,'2020-10-17 11:55:39.760286','818','818 3 Pcs Sea Bass 300/400',3,'',22,4),(1261,'2020-10-17 11:55:39.761652','817','817 Chicken Breast',3,'',22,4),(1262,'2020-10-17 11:55:39.763462','816','816 Lamb Chops',3,'',22,4),(1263,'2020-10-17 11:55:39.764923','815','815 Lamb Shoulder',3,'',22,4),(1264,'2020-10-17 11:55:39.766442','814','814 Lamb Leg',3,'',22,4),(1265,'2020-10-17 11:55:39.767736','813','813 Whole Lamb',3,'',22,4),(1266,'2020-10-17 11:55:39.769135','812','812 Crab Claws',3,'',22,4),(1267,'2020-10-17 11:55:39.770539','811','811 Amina Spice Small',3,'',22,4),(1268,'2020-10-17 11:55:39.772212','810','810 Wings',3,'',22,4),(1269,'2020-10-17 11:55:39.773478','809','809 Chops',3,'',22,4),(1270,'2020-10-17 11:55:39.775154','808','808 Sheep Chops',3,'',22,4),(1271,'2020-10-17 11:55:39.776418','807','807 Chicken Niblets',3,'',22,4),(1272,'2020-10-17 11:55:39.777690','806','806 Chicken Thigh',3,'',22,4),(1273,'2020-10-17 11:55:39.779519','805','805 Chicken Breast',3,'',22,4),(1274,'2020-10-17 11:55:39.780792','804','804 Lamb Shoulder',3,'',22,4),(1275,'2020-10-17 11:55:39.781963','803','803 Lamb Leg',3,'',22,4),(1276,'2020-10-17 11:55:39.783630','802','802 Whole Lamb',3,'',22,4),(1277,'2020-10-17 11:55:39.784938','801','801 Chicken Niblets',3,'',22,4),(1278,'2020-10-17 11:55:39.786323','800','800 Chicken Breast',3,'',22,4),(1279,'2020-10-17 11:55:39.788093','799','799 Chicken Niblets',3,'',22,4),(1280,'2020-10-17 11:55:39.789516','798','798 Chicken Niblets',3,'',22,4),(1281,'2020-10-17 11:55:39.791483','797','797 Chicken Thigh',3,'',22,4),(1282,'2020-10-17 11:55:39.792841','796','796 Chicken Breast',3,'',22,4),(1283,'2020-10-17 11:55:39.794087','795','795 Lamb Shoulder',3,'',22,4),(1284,'2020-10-17 11:55:39.795370','794','794 Lamb Leg',3,'',22,4),(1285,'2020-10-17 11:55:39.796615','793','793 Whole Lamb',3,'',22,4),(1286,'2020-10-17 11:55:39.797879','792','792 Lamb Neck',3,'',22,4),(1287,'2020-10-17 11:55:39.799779','791','791 Lamb Chops',3,'',22,4),(1288,'2020-10-17 11:55:39.801126','790','790 Lamb Shoulder',3,'',22,4),(1289,'2020-10-17 11:55:39.802480','789','789 Lamb Leg',3,'',22,4),(1290,'2020-10-17 11:55:39.804219','788','788 Whole Lamb',3,'',22,4),(1291,'2020-10-17 11:55:39.805566','787','787 Chicken Breast',3,'',22,4),(1292,'2020-10-17 11:55:39.807287','786','786 Chicken Drumstick',3,'',22,4),(1293,'2020-10-17 11:55:39.808662','785','785 Chicken Niblets',3,'',22,4),(1294,'2020-10-17 11:55:39.809948','784','784 Chicken Breast',3,'',22,4),(1295,'2020-10-17 11:55:39.811836','783','783 Whole Lamb',3,'',22,4),(1296,'2020-10-17 11:55:39.813147','782','782 Pollock',3,'',22,4),(1297,'2020-10-17 11:55:39.814337','781','781 Chicken Thigh',3,'',22,4),(1298,'2020-10-17 11:55:39.815858','780','780 Chicken Drumstick',3,'',22,4),(1299,'2020-10-17 11:55:39.817093','779','779 Chicken Breast',3,'',22,4),(1300,'2020-10-17 11:55:48.811040','338','338',3,'',21,4),(1301,'2020-10-17 11:55:48.813093','337','337',3,'',21,4),(1302,'2020-10-17 11:55:48.814403','336','336',3,'',21,4),(1303,'2020-10-17 11:55:48.815983','335','335',3,'',21,4),(1304,'2020-10-17 11:55:48.817290','334','334',3,'',21,4),(1305,'2020-10-17 11:55:48.818586','333','333',3,'',21,4),(1306,'2020-10-17 11:55:48.820222','332','332',3,'',21,4),(1307,'2020-10-17 11:55:48.821438','331','331',3,'',21,4),(1308,'2020-10-17 11:55:48.822693','330','330',3,'',21,4),(1309,'2020-10-17 11:55:48.824205','329','329',3,'',21,4),(1310,'2020-10-17 11:55:48.825368','328','328',3,'',21,4),(1311,'2020-10-17 11:55:48.826635','327','327',3,'',21,4),(1312,'2020-10-17 11:55:48.828137','326','326',3,'',21,4),(1313,'2020-10-17 11:55:48.829367','325','325',3,'',21,4),(1314,'2020-10-17 11:55:48.830716','324','324',3,'',21,4),(1315,'2020-10-17 11:55:48.832328','323','323',3,'',21,4),(1316,'2020-10-17 11:55:48.833491','322','322',3,'',21,4),(1317,'2020-10-17 11:55:48.835010','321','321',3,'',21,4),(1318,'2020-10-17 11:55:48.836289','320','320',3,'',21,4),(1319,'2020-11-07 07:42:33.020556','1','Banner1',1,'[{\"added\": {}}]',26,4),(1320,'2020-11-07 07:43:07.396820','1','Banner1',2,'[{\"changed\": {\"fields\": [\"image\"]}}]',26,4),(1321,'2020-11-07 07:43:23.136782','2','Banner2',1,'[{\"added\": {}}]',26,4),(1322,'2020-11-07 07:43:43.264382','3','Banner3',1,'[{\"added\": {}}]',26,4),(1323,'2020-11-07 07:43:55.542408','4','Banner4',1,'[{\"added\": {}}]',26,4),(1324,'2020-11-07 07:44:08.026529','5','Banner5',1,'[{\"added\": {}}]',26,4),(1325,'2020-11-07 07:45:49.500023','144','7411295686',3,'',6,4),(1326,'2020-11-07 07:45:49.502749','143','7809287230847',3,'',6,4),(1327,'2020-11-07 07:45:49.504563','142','07411295655',3,'',6,4),(1328,'2020-11-07 07:45:49.505829','141','7808813135',3,'',6,4),(1329,'2020-11-07 07:45:49.507605','140','7455963366',3,'',6,4),(1330,'2020-11-07 07:45:49.508923','139','451237899',3,'',6,4),(1331,'2020-11-07 07:45:49.510423','138','6666',3,'',6,4),(1332,'2020-11-07 07:45:49.512253','137','855383535',3,'',6,4),(1333,'2020-11-07 07:45:49.513524','136','2342342342',3,'',6,4),(1334,'2020-11-07 07:45:49.515332','135','3764237846278',3,'',6,4),(1335,'2020-11-07 07:45:49.516907','134','4444444444',3,'',6,4),(1336,'2020-11-07 07:45:49.518608','133','983759823475',3,'',6,4),(1337,'2020-11-07 07:45:49.520765','132','9999999999',3,'',6,4),(1338,'2020-11-07 07:45:49.522387','125','1234567896',3,'',6,4),(1339,'2020-11-07 07:45:49.524458','124','789456123',3,'',6,4),(1340,'2020-11-07 07:45:49.526083','121','456789324',3,'',6,4),(1341,'2020-11-07 07:45:49.528385','120','7864532365',3,'',6,4),(1342,'2020-11-07 07:45:49.529966','119','786451239',3,'',6,4),(1343,'2020-11-07 07:45:49.531710','118','1121212121212',3,'',6,4),(1344,'2020-11-07 07:45:49.533015','117','1212121212',3,'',6,4),(1345,'2020-11-07 07:45:49.534407','115','7864531239',3,'',6,4),(1346,'2020-11-07 07:45:49.536192','114','9876541230',3,'',6,4),(1347,'2020-11-07 07:45:49.537536','110','7896541230',3,'',6,4),(1348,'2020-11-07 07:45:49.539303','109','25802580',3,'',6,4),(1349,'2020-11-07 07:45:49.540674','106','7854123697',3,'',6,4),(1350,'2020-11-07 07:45:49.541992','103','78546239',3,'',6,4),(1351,'2020-11-07 07:45:49.543930','94','6549871230',3,'',6,4),(1352,'2020-11-07 07:45:49.545307','93','12345670',3,'',6,4),(1353,'2020-11-07 07:45:49.546625','92','2345',3,'',6,4),(1354,'2020-11-07 07:45:49.548389','91','635',3,'',6,4),(1355,'2020-11-07 07:45:49.549879','90','87',3,'',6,4),(1356,'2020-11-07 07:45:49.551825','89','46',3,'',6,4),(1357,'2020-11-07 07:45:49.553346','88','123',3,'',6,4),(1358,'2020-11-07 07:45:49.555602','87','567',3,'',6,4),(1359,'2020-11-07 07:45:49.557010','84','6363636363',3,'',6,4),(1360,'2020-11-07 07:45:49.558437','83','323',3,'',6,4),(1361,'2020-11-07 07:45:49.560340','82','2323',3,'',6,4),(1362,'2020-11-07 07:45:49.561809','81','234',3,'',6,4),(1363,'2020-11-07 07:45:49.563675','75','8088636363',3,'',6,4),(1364,'2020-11-07 07:45:49.565308','74','8105703096',3,'',6,4),(1365,'2020-11-07 07:45:49.566869','71','7411258',3,'',6,4),(1366,'2020-11-07 07:45:49.568792','69','9876543211',3,'',6,4),(1367,'2020-11-07 07:45:49.570187','67','12121',3,'',6,4),(1368,'2020-11-07 07:45:49.572033','66','1',3,'',6,4),(1369,'2020-11-07 07:45:49.573418','65','3',3,'',6,4),(1370,'2020-11-07 07:45:49.575201','64','2',3,'',6,4),(1371,'2020-11-07 07:45:49.576610','63','66',3,'',6,4),(1372,'2020-11-07 07:45:49.577947','62','12',3,'',6,4),(1373,'2020-11-07 07:45:49.579950','61','44',3,'',6,4),(1374,'2020-11-07 07:45:49.581347','60','55',3,'',6,4),(1375,'2020-11-07 07:45:49.582819','59','33',3,'',6,4),(1376,'2020-11-07 07:45:49.585050','58','qq',3,'',6,4),(1377,'2020-11-07 07:45:49.586564','57','78',3,'',6,4),(1378,'2020-11-07 07:45:49.588404','56','d',3,'',6,4),(1379,'2020-11-07 07:45:49.589870','55','22',3,'',6,4),(1380,'2020-11-07 07:45:49.591760','54','77',3,'',6,4),(1381,'2020-11-07 07:45:49.593153','53','678',3,'',6,4),(1382,'2020-11-07 07:45:49.594651','52','3232',3,'',6,4),(1383,'2020-11-07 07:45:49.596589','51','565',3,'',6,4),(1384,'2020-11-07 07:45:49.597940','50','789',3,'',6,4),(1385,'2020-11-07 07:45:49.599767','49','7899',3,'',6,4),(1386,'2021-01-19 07:10:38.902699','247','247 Chicken Thigh',3,'',22,192),(1387,'2021-01-19 07:10:38.905805','246','246 Chicken Breast',3,'',22,192),(1388,'2021-01-19 07:10:38.907781','245','245 Free Range Chicken',3,'',22,192),(1389,'2021-01-19 07:10:38.909196','244','244 Chicken Thigh',3,'',22,192),(1390,'2021-01-19 07:10:38.910624','243','243 Chicken Breast',3,'',22,192),(1391,'2021-01-19 07:10:38.912377','242','242 Chicken Drumstick',3,'',22,192),(1392,'2021-01-19 07:10:38.913732','241','241 Chicken Niblets',3,'',22,192),(1393,'2021-01-19 07:10:38.915605','240','240 Chicken Breast',3,'',22,192),(1394,'2021-01-19 07:10:38.916908','239','239 Sheep Chops',3,'',22,192),(1395,'2021-01-19 07:10:38.918346','238','238 Whole Sheep',3,'',22,192),(1396,'2021-01-19 07:10:38.923007','237','237 Chicken Drumstick',3,'',22,192),(1397,'2021-01-19 07:10:38.924751','236','236 Chicken Niblets',3,'',22,192),(1398,'2021-01-19 07:10:38.926050','235','235 Chicken Breast',3,'',22,192),(1399,'2021-01-19 07:10:38.927751','234','234 Chicken Breast',3,'',22,192),(1400,'2021-01-19 07:10:38.929058','233','233 Chicken Niblets',3,'',22,192),(1401,'2021-01-19 07:10:38.930418','232','232 Chicken Thigh',3,'',22,192),(1402,'2021-01-19 07:10:38.932142','231','231 Chicken Breast',3,'',22,192),(1403,'2021-01-19 07:10:38.933427','230','230 Chicken Drumstick',3,'',22,192),(1404,'2021-01-19 07:10:38.934755','229','229 Chicken Wings',3,'',22,192),(1405,'2021-01-19 07:10:38.936461','228','228 Chicken Niblets',3,'',22,192),(1406,'2021-01-19 07:10:38.937773','227','227 Chicken Thigh',3,'',22,192),(1407,'2021-01-19 07:10:38.939561','226','226 Chicken Breast',3,'',22,192),(1408,'2021-01-19 07:10:38.940830','225','225 Chicken Breast',3,'',22,192),(1409,'2021-01-19 07:10:38.942071','224','224 Chicken Niblets',3,'',22,192),(1410,'2021-01-19 07:10:38.943792','223','223 Chicken Thigh',3,'',22,192),(1411,'2021-01-19 07:10:38.945008','222','222 Chicken Breast',3,'',22,192),(1412,'2021-01-19 07:10:38.946269','221','221 Chicken Niblets',3,'',22,192),(1413,'2021-01-19 07:10:38.948158','220','220 Chicken Thigh',3,'',22,192),(1414,'2021-01-19 07:10:38.949548','219','219 Chicken Breast',3,'',22,192),(1415,'2021-01-19 07:10:38.951239','218','218 Chicken Breast',3,'',22,192),(1416,'2021-01-19 07:10:38.952524','217','217 Whole Sheep',3,'',22,192),(1417,'2021-01-19 07:10:38.953886','216','216 Chicken Breast',3,'',22,192),(1418,'2021-01-19 07:10:38.955579','215','215 Chicken Niblets',3,'',22,192),(1419,'2021-01-19 07:10:38.956786','214','214 Chicken Thigh',3,'',22,192),(1420,'2021-01-19 07:10:38.958132','213','213 Chicken Breast',3,'',22,192),(1421,'2021-01-19 07:10:38.959924','212','212 Chicken Niblets',3,'',22,192),(1422,'2021-01-19 07:10:38.961307','211','211 Chicken Thigh',3,'',22,192),(1423,'2021-01-19 07:10:38.962562','210','210 Chicken Breast',3,'',22,192),(1424,'2021-01-19 07:10:38.964212','209','209 Chicken Niblets',3,'',22,192),(1425,'2021-01-19 07:10:38.965543','208','208 Chicken Thigh',3,'',22,192),(1426,'2021-01-19 07:10:38.967495','207','207 Chicken Breast',3,'',22,192),(1427,'2021-01-19 07:10:38.969072','206','206 Chicken Niblets',3,'',22,192),(1428,'2021-01-19 07:10:38.970794','205','205 Chicken Thigh',3,'',22,192),(1429,'2021-01-19 07:10:38.972936','204','204 Chicken Breast',3,'',22,192),(1430,'2021-01-19 07:10:38.974300','203','203 Chicken Niblets',3,'',22,192),(1431,'2021-01-19 07:10:38.976137','202','202 Chicken Thigh',3,'',22,192),(1432,'2021-01-19 07:10:38.977748','201','201 Chicken Breast',3,'',22,192),(1433,'2021-01-19 07:10:38.979446','200','200 Chicken Thigh',3,'',22,192),(1434,'2021-01-19 07:10:38.980776','199','199 Chicken Niblets',3,'',22,192),(1435,'2021-01-19 07:10:38.982048','198','198 Chicken Thigh',3,'',22,192),(1436,'2021-01-19 07:10:38.983946','197','197 Chicken Breast',3,'',22,192),(1437,'2021-01-19 07:10:38.985213','196','196 Chicken Thigh',3,'',22,192),(1438,'2021-01-19 07:10:38.986511','195','195 Chicken Breast',3,'',22,192),(1439,'2021-01-19 07:10:38.988153','194','194 Chicken Thigh',3,'',22,192),(1440,'2021-01-19 07:10:38.989487','193','193 Chicken Breast',3,'',22,192),(1441,'2021-01-19 07:10:38.991136','192','192 Chicken Thigh',3,'',22,192),(1442,'2021-01-19 07:10:38.992488','191','191 Chicken Breast',3,'',22,192),(1443,'2021-01-19 07:10:38.993816','190','190 Chicken Thigh',3,'',22,192),(1444,'2021-01-19 07:10:38.995797','189','189 Chicken Breast',3,'',22,192),(1445,'2021-01-19 07:10:38.997191','188','188 Chicken Thigh',3,'',22,192),(1446,'2021-01-19 07:10:38.998739','187','187 Chicken Breast',3,'',22,192),(1447,'2021-01-19 07:10:39.000528','186','186 Chicken Thigh',3,'',22,192),(1448,'2021-01-19 07:10:39.001821','185','185 Chicken Breast',3,'',22,192),(1449,'2021-01-19 07:10:39.003609','184','184 Chicken Thigh',3,'',22,192),(1450,'2021-01-19 07:10:39.005003','183','183 Chicken Breast',3,'',22,192),(1451,'2021-01-19 07:10:39.006487','182','182 Chicken Thigh',3,'',22,192),(1452,'2021-01-19 07:10:39.008501','181','181 Chicken Breast',3,'',22,192),(1453,'2021-01-19 07:10:39.009852','180','180 Chicken Breast',3,'',22,192),(1454,'2021-01-19 07:10:39.011680','179','179 Chicken Breast',3,'',22,192),(1455,'2021-01-19 07:10:39.013020','178','178 Chicken Breast',3,'',22,192),(1456,'2021-01-19 07:10:39.014412','177','177 Chicken Thigh',3,'',22,192),(1457,'2021-01-19 07:10:39.016138','176','176 Chicken Breast',3,'',22,192),(1458,'2021-01-19 07:10:39.017485','175','175 Lamb Shoulder',3,'',22,192),(1459,'2021-01-19 07:10:39.019220','174','174 Lamb Leg',3,'',22,192),(1460,'2021-01-19 07:10:39.021952','173','173 Whole Lamb',3,'',22,192),(1461,'2021-01-19 07:10:39.023848','172','172 Chicken Thigh',3,'',22,192),(1462,'2021-01-19 07:10:39.025212','171','171 Chicken Breast',3,'',22,192),(1463,'2021-01-19 07:10:39.026750','170','170 Chicken Thigh',3,'',22,192),(1464,'2021-01-19 07:10:39.028590','169','169 Chicken Breast',3,'',22,192),(1465,'2021-01-19 07:10:39.029954','168','168 Lamb Leg',3,'',22,192),(1466,'2021-01-19 07:10:39.032036','167','167 Whole Lamb',3,'',22,192),(1467,'2021-01-19 07:10:39.033355','166','166 Prawns',3,'',22,192),(1468,'2021-01-19 07:10:39.034638','165','165 White Prawns 40/50',3,'',22,192),(1469,'2021-01-19 07:10:39.036288','164','164 King Prawns 20/30',3,'',22,192),(1470,'2021-01-19 07:10:39.037650','163','163 Crab Claws',3,'',22,192),(1471,'2021-01-19 07:10:39.039363','162','162 Chicken Thigh',3,'',22,192),(1472,'2021-01-19 07:10:39.040565','161','161 Chicken Breast',3,'',22,192),(1473,'2021-01-19 07:10:39.041818','160','160 Chicken Thigh',3,'',22,192),(1474,'2021-01-19 07:10:39.043663','159','159 Chicken Breast',3,'',22,192),(1475,'2021-01-19 07:10:39.045035','158','158 Chicken Breast',3,'',22,192),(1476,'2021-01-19 07:10:39.046564','157','157 Chicken Thigh',3,'',22,192),(1477,'2021-01-19 07:10:39.048315','156','156 Chicken Breast',3,'',22,192),(1478,'2021-01-19 07:10:39.049677','155','155 Chicken Breast',3,'',22,192),(1479,'2021-01-19 07:10:39.051426','154','154 Chicken Breast',3,'',22,192),(1480,'2021-01-19 07:10:39.052795','153','153 Chops',3,'',22,192),(1481,'2021-01-19 07:10:39.054125','152','152 Chicken Thigh',3,'',22,192),(1482,'2021-01-19 07:10:39.055994','151','151 Chicken Breast',3,'',22,192),(1483,'2021-01-19 07:10:39.057373','150','150 Lamb Neck',3,'',22,192),(1484,'2021-01-19 07:10:39.058743','149','149 Lamb Back Chops',3,'',22,192),(1485,'2021-01-19 07:10:39.060449','148','148 Lamb Chops',3,'',22,192),(1486,'2021-01-19 07:10:48.236213','147','147 Lamb Shoulder',3,'',22,192),(1487,'2021-01-19 07:10:48.238777','146','146 Whole Lamb',3,'',22,192),(1488,'2021-01-19 07:10:48.240679','145','145 Lamb Leg',3,'',22,192),(1489,'2021-01-19 07:10:48.242022','144','144 Chicken Thigh',3,'',22,192),(1490,'2021-01-19 07:10:48.244048','143','143 Chicken Breast',3,'',22,192),(1491,'2021-01-19 07:10:48.246509','142','142 Lamb Shoulder',3,'',22,192),(1492,'2021-01-19 07:10:48.248335','141','141 Lamb Leg',3,'',22,192),(1493,'2021-01-19 07:10:48.249753','140','140 Whole Lamb',3,'',22,192),(1494,'2021-01-19 07:10:48.251658','139','139 Chicken Thigh',3,'',22,192),(1495,'2021-01-19 07:10:48.253143','138','138 Chicken Breast',3,'',22,192),(1496,'2021-01-19 07:10:48.254579','137','137 Chicken Thigh',3,'',22,192),(1497,'2021-01-19 07:10:48.256553','136','136 Chicken Breast',3,'',22,192),(1498,'2021-01-19 07:10:48.258115','135','135 Chicken Breast',3,'',22,192),(1499,'2021-01-19 07:10:48.259916','134','134 Chicken Thigh',3,'',22,192),(1500,'2021-01-19 07:10:48.261157','133','133 Chicken Breast',3,'',22,192),(1501,'2021-01-19 07:10:48.262486','132','132 Chicken Thigh',3,'',22,192),(1502,'2021-01-19 07:10:48.264183','131','131 Chicken Breast',3,'',22,192),(1503,'2021-01-19 07:10:48.265391','130','130 Lamb Leg',3,'',22,192),(1504,'2021-01-19 07:10:48.266725','129','129 Whole Lamb',3,'',22,192),(1505,'2021-01-19 07:10:48.268707','128','128 Lamb Shoulder',3,'',22,192),(1506,'2021-01-19 07:10:48.270139','127','127 Lamb Leg',3,'',22,192),(1507,'2021-01-19 07:10:48.271936','126','126 Whole Lamb',3,'',22,192),(1508,'2021-01-19 07:10:48.273174','125','125 Lamb Back Chops',3,'',22,192),(1509,'2021-01-19 07:10:48.274524','124','124 Lamb Chops',3,'',22,192),(1510,'2021-01-19 07:10:48.276128','123','123 Lamb Shoulder',3,'',22,192),(1511,'2021-01-19 07:10:48.277412','122','122 Lamb Leg',3,'',22,192),(1512,'2021-01-19 07:10:48.279151','121','121 Whole Lamb',3,'',22,192),(1513,'2021-01-19 07:10:48.280432','120','120 Whole Lamb',3,'',22,192),(1514,'2021-01-19 07:10:48.281707','119','119 Lamb Shoulder',3,'',22,192),(1515,'2021-01-19 07:10:48.283559','118','118 Lamb Leg',3,'',22,192),(1516,'2021-01-19 07:10:48.284816','117','117 Whole Lamb',3,'',22,192),(1517,'2021-01-19 07:10:48.286101','116','116 Chicken Thigh',3,'',22,192),(1518,'2021-01-19 07:10:48.287918','115','115 Chicken Breast',3,'',22,192),(1519,'2021-01-19 07:10:48.289241','114','114 Chicken Thigh',3,'',22,192),(1520,'2021-01-19 07:10:48.290607','113','113 Chicken Breast',3,'',22,192),(1521,'2021-01-19 07:10:48.292369','112','112 Lamb Leg',3,'',22,192),(1522,'2021-01-19 07:10:48.293711','111','111 Whole Lamb',3,'',22,192),(1523,'2021-01-19 07:10:48.295569','110','110 Chicken Buffalo Wings',3,'',22,192),(1524,'2021-01-19 07:10:48.296912','109','109 Chicken Buffalo Wings',3,'',22,192),(1525,'2021-01-19 07:10:48.298487','108','108 1 Whole Chicken',3,'',22,192),(1526,'2021-01-19 07:10:48.300280','107','107 Chicken Buffalo Wings',3,'',22,192),(1527,'2021-01-19 07:10:48.301701','106','106 Chicken Breast',3,'',22,192),(1528,'2021-01-19 07:10:48.303610','105','105 Lamb Shoulder',3,'',22,192),(1529,'2021-01-19 07:10:48.304930','104','104 Lamb Leg',3,'',22,192),(1530,'2021-01-19 07:10:48.306484','103','103 Whole Lamb',3,'',22,192),(1531,'2021-01-19 07:10:48.308242','102','102 1 Whole Chicken',3,'',22,192),(1532,'2021-01-19 07:10:48.309586','101','101 Chicken Buffalo Wings',3,'',22,192),(1533,'2021-01-19 07:10:48.311515','100','100 Chicken Buffalo Wings',3,'',22,192),(1534,'2021-01-19 07:10:48.312861','99','99 1 Whole Chicken',3,'',22,192),(1535,'2021-01-19 07:10:48.314395','98','98 Chicken Niblets',3,'',22,192),(1536,'2021-01-19 07:10:48.316345','97','97 Chicken Thigh',3,'',22,192),(1537,'2021-01-19 07:10:48.317789','96','96 Lamb Shoulder',3,'',22,192),(1538,'2021-01-19 07:10:48.319475','95','95 Lamb Leg',3,'',22,192),(1539,'2021-01-19 07:10:48.320729','94','94 Whole Lamb',3,'',22,192),(1540,'2021-01-19 07:10:48.322285','93','93 Sheep Shoulder',3,'',22,192),(1541,'2021-01-19 07:10:48.324435','92','92 Sheep Leg',3,'',22,192),(1542,'2021-01-19 07:10:48.325959','91','91 Whole Sheep',3,'',22,192),(1543,'2021-01-19 07:10:48.327736','90','90 Chicken Niblets',3,'',22,192),(1544,'2021-01-19 07:10:48.328971','89','89 Chicken Thigh',3,'',22,192),(1545,'2021-01-19 07:10:48.330353','88','88 Chicken Breast',3,'',22,192),(1546,'2021-01-19 07:10:48.331986','87','87 Prawns',3,'',22,192),(1547,'2021-01-19 07:10:48.333213','86','86 Chicken Drumstick',3,'',22,192),(1548,'2021-01-19 07:10:48.334450','85','85 Sheep Chops',3,'',22,192),(1549,'2021-01-19 07:10:48.336027','84','84 Sheep Shoulder',3,'',22,192),(1550,'2021-01-19 07:10:48.337328','83','83 Sheep Leg',3,'',22,192),(1551,'2021-01-19 07:10:48.338657','82','82 Chicken Drumstick',3,'',22,192),(1552,'2021-01-19 07:10:48.340376','81','81 Chicken Wings',3,'',22,192),(1553,'2021-01-19 07:10:48.341599','80','80 Chicken Niblets',3,'',22,192),(1554,'2021-01-19 07:10:48.343209','79','79 Chicken Thigh',3,'',22,192),(1555,'2021-01-19 07:10:48.344420','78','78 Chicken Breast',3,'',22,192),(1556,'2021-01-19 07:10:48.345668','77','77 Chicken Niblets',3,'',22,192),(1557,'2021-01-19 07:10:48.347702','76','76 Lamb Shoulder',3,'',22,192),(1558,'2021-01-19 07:10:48.349301','75','75 Lamb Leg',3,'',22,192),(1559,'2021-01-19 07:10:48.350578','74','74 Whole Lamb',3,'',22,192),(1560,'2021-01-19 07:10:48.352234','73','73 Lamb Chops',3,'',22,192),(1561,'2021-01-19 07:10:48.353601','72','72 Lamb Shoulder',3,'',22,192),(1562,'2021-01-19 07:10:48.355575','71','71 Lamb Leg',3,'',22,192),(1563,'2021-01-19 07:10:48.356920','70','70 Chicken Wings',3,'',22,192),(1564,'2021-01-19 07:10:48.358342','69','69 Chicken Niblets',3,'',22,192),(1565,'2021-01-19 07:10:48.360363','68','68 Chicken Thigh',3,'',22,192),(1566,'2021-01-19 07:10:48.361762','67','67 Chicken Breast',3,'',22,192),(1567,'2021-01-19 07:10:48.363426','66','66 Chicken Gizzard',3,'',22,192),(1568,'2021-01-19 07:10:48.364891','65','65 Chicken Keema',3,'',22,192),(1569,'2021-01-19 07:10:48.366361','64','64 Chicken Liver',3,'',22,192),(1570,'2021-01-19 07:10:48.368100','63','63 Chicken Niblets',3,'',22,192),(1571,'2021-01-19 07:10:48.369399','62','62 Lamb Leg',3,'',22,192),(1572,'2021-01-19 07:10:48.370785','61','61 Whole Lamb',3,'',22,192),(1573,'2021-01-19 07:10:48.372570','60','60 Lamb Shoulder',3,'',22,192),(1574,'2021-01-19 07:10:48.373854','59','59 Lamb Leg',3,'',22,192),(1575,'2021-01-19 07:10:48.375598','58','58 Whole Lamb',3,'',22,192),(1576,'2021-01-19 07:10:48.376844','57','57 10 pcs Chicken Legs',3,'',22,192),(1577,'2021-01-19 07:10:48.378107','56','56 Chicken Keema',3,'',22,192),(1578,'2021-01-19 07:10:48.379849','55','55 Chicken Niblets',3,'',22,192),(1579,'2021-01-19 07:10:48.381316','54','54 Lamb Chops',3,'',22,192),(1580,'2021-01-19 07:10:48.382658','53','53 Lamb Shoulder',3,'',22,192),(1581,'2021-01-19 07:10:48.384316','52','52 Lamb Leg',3,'',22,192),(1582,'2021-01-19 07:10:48.385787','51','51 Whole Lamb',3,'',22,192),(1583,'2021-01-19 07:10:48.387585','50','50 Chicken Niblets',3,'',22,192),(1584,'2021-01-19 07:10:48.389132','49','49 Chicken Thigh',3,'',22,192),(1585,'2021-01-19 07:10:48.390564','48','48 Chicken Breast',3,'',22,192),(1586,'2021-01-19 07:10:55.426743','47','47 Peeled Prawns',3,'',22,192),(1587,'2021-01-19 07:10:55.429150','46','46 Prawns',3,'',22,192),(1588,'2021-01-19 07:10:55.430760','45','45 Sea Bass',3,'',22,192),(1589,'2021-01-19 07:10:55.432751','44','44 Chicken Niblets',3,'',22,192),(1590,'2021-01-19 07:10:55.434406','43','43 Chicken Breast',3,'',22,192),(1591,'2021-01-19 07:10:55.436411','42','42 Chicken Niblets',3,'',22,192),(1592,'2021-01-19 07:10:55.437980','41','41 Chicken Breast',3,'',22,192),(1593,'2021-01-19 07:10:55.440019','40','40 Sheep Shoulder',3,'',22,192),(1594,'2021-01-19 07:10:55.441575','39','39 Sheep Leg',3,'',22,192),(1595,'2021-01-19 07:10:55.443641','38','38 Whole Sheep',3,'',22,192),(1596,'2021-01-19 07:10:55.445245','37','37 Chicken Keema',3,'',22,192),(1597,'2021-01-19 07:10:55.447328','36','36 Chicken Drumstick',3,'',22,192),(1598,'2021-01-19 07:10:55.448910','35','35 Chicken Niblets',3,'',22,192),(1599,'2021-01-19 07:10:55.450621','34','34 Chicken Thigh',3,'',22,192),(1600,'2021-01-19 07:10:55.452703','33','33 Lamb Leg',3,'',22,192),(1601,'2021-01-19 07:10:55.454354','32','32 Whole Lamb',3,'',22,192),(1602,'2021-01-19 07:10:55.456320','31','31 Chicken Niblets',3,'',22,192),(1603,'2021-01-19 07:10:55.457790','30','30 Chicken Breast',3,'',22,192),(1604,'2021-01-19 07:10:55.459515','29','29 Chicken Breast',3,'',22,192),(1605,'2021-01-19 07:10:55.460922','28','28 Chicken Niblets',3,'',22,192),(1606,'2021-01-19 07:10:55.462331','27','27 Chicken Breast',3,'',22,192),(1607,'2021-01-19 07:10:55.464071','26','26 Chicken Niblets',3,'',22,192),(1608,'2021-01-19 07:10:55.465325','25','25 Chicken Breast',3,'',22,192),(1609,'2021-01-19 07:10:55.467247','24','24 Chicken Niblets',3,'',22,192),(1610,'2021-01-19 07:10:55.468654','23','23 Chicken Breast',3,'',22,192),(1611,'2021-01-19 07:10:55.470173','22','22 Chicken Niblets',3,'',22,192),(1612,'2021-01-19 07:10:55.472086','21','21 Chicken Breast',3,'',22,192),(1613,'2021-01-19 07:10:55.473507','20','20 Sheep Shoulder',3,'',22,192),(1614,'2021-01-19 07:10:55.475521','19','19 Sheep Leg',3,'',22,192),(1615,'2021-01-19 07:10:55.476958','18','18 Whole Sheep',3,'',22,192),(1616,'2021-01-19 07:10:55.478474','17','17 Chicken Breast',3,'',22,192),(1617,'2021-01-19 07:10:55.480315','16','16 Lamb Chops',3,'',22,192),(1618,'2021-01-19 07:10:55.481709','15','15 Lamb Shoulder',3,'',22,192),(1619,'2021-01-19 07:10:55.483936','14','14 Lamb Leg',3,'',22,192),(1620,'2021-01-19 07:10:55.485262','13','13 Whole Lamb',3,'',22,192),(1621,'2021-01-19 07:10:55.486660','12','12 Chicken Wings',3,'',22,192),(1622,'2021-01-19 07:10:55.488656','11','11 Chicken Niblets',3,'',22,192),(1623,'2021-01-19 07:10:55.490162','10','10 Chicken Thigh',3,'',22,192),(1624,'2021-01-19 07:10:55.493261','9','9 Chicken Breast',3,'',22,192),(1625,'2021-01-19 07:10:55.494851','8','8 Chicken Breast',3,'',22,192),(1626,'2021-01-19 07:10:55.496591','7','7 Lamb Chops',3,'',22,192),(1627,'2021-01-19 07:10:55.498097','6','6 Whole Lamb',3,'',22,192),(1628,'2021-01-19 07:10:55.499997','5','5 1 Whole Chicken',3,'',22,192),(1629,'2021-01-19 07:10:55.501509','4','4 Chicken Buffalo Wings',3,'',22,192),(1630,'2021-01-19 07:10:55.503802','3','3 Chicken Niblets',3,'',22,192),(1631,'2021-01-19 07:10:55.505211','2','2 Chicken Thigh',3,'',22,192),(1632,'2021-01-19 07:10:55.506758','1','1 Chicken Breast',3,'',22,192),(1633,'2021-01-19 07:11:06.243225','88','88',3,'',21,192),(1634,'2021-01-19 07:11:06.245638','87','87',3,'',21,192),(1635,'2021-01-19 07:11:06.247625','86','86',3,'',21,192),(1636,'2021-01-19 07:11:06.250611','85','85',3,'',21,192),(1637,'2021-01-19 07:11:06.252513','84','84',3,'',21,192),(1638,'2021-01-19 07:11:06.253887','83','83',3,'',21,192),(1639,'2021-01-19 07:11:06.255699','82','82',3,'',21,192),(1640,'2021-01-19 07:11:06.257071','81','81',3,'',21,192),(1641,'2021-01-19 07:11:06.258478','80','80',3,'',21,192),(1642,'2021-01-19 07:11:06.260210','79','79',3,'',21,192),(1643,'2021-01-19 07:11:06.262038','78','78',3,'',21,192),(1644,'2021-01-19 07:11:06.263995','77','77',3,'',21,192),(1645,'2021-01-19 07:11:06.265399','76','76',3,'',21,192),(1646,'2021-01-19 07:11:06.267500','75','75',3,'',21,192),(1647,'2021-01-19 07:11:06.268903','74','74',3,'',21,192),(1648,'2021-01-19 07:11:06.270380','73','73',3,'',21,192),(1649,'2021-01-19 07:11:06.272595','72','72',3,'',21,192),(1650,'2021-01-19 07:11:06.274368','71','71',3,'',21,192),(1651,'2021-01-19 07:11:06.276276','70','70',3,'',21,192),(1652,'2021-01-19 07:11:06.277730','69','69',3,'',21,192),(1653,'2021-01-19 07:11:06.279749','68','68',3,'',21,192),(1654,'2021-01-19 07:11:06.281072','67','67',3,'',21,192),(1655,'2021-01-19 07:11:06.282539','66','66',3,'',21,192),(1656,'2021-01-19 07:11:06.284258','65','65',3,'',21,192),(1657,'2021-01-19 07:11:06.285614','64','64',3,'',21,192),(1658,'2021-01-19 07:11:06.287214','63','63',3,'',21,192),(1659,'2021-01-19 07:11:06.288464','62','62',3,'',21,192),(1660,'2021-01-19 07:11:06.289811','61','61',3,'',21,192),(1661,'2021-01-19 07:11:06.291576','60','60',3,'',21,192),(1662,'2021-01-19 07:11:06.292818','59','59',3,'',21,192),(1663,'2021-01-19 07:11:06.294046','58','58',3,'',21,192),(1664,'2021-01-19 07:11:06.295941','57','57',3,'',21,192),(1665,'2021-01-19 07:11:06.297316','56','56',3,'',21,192),(1666,'2021-01-19 07:11:06.298859','55','55',3,'',21,192),(1667,'2021-01-19 07:11:06.300572','54','54',3,'',21,192),(1668,'2021-01-19 07:11:06.301882','53','53',3,'',21,192),(1669,'2021-01-19 07:11:06.303840','52','52',3,'',21,192),(1670,'2021-01-19 07:11:06.305131','51','51',3,'',21,192),(1671,'2021-01-19 07:11:06.306513','50','50',3,'',21,192),(1672,'2021-01-19 07:11:06.308294','49','49',3,'',21,192),(1673,'2021-01-19 07:11:06.309548','48','48',3,'',21,192),(1674,'2021-01-19 07:11:06.311206','47','47',3,'',21,192),(1675,'2021-01-19 07:11:06.312402','46','46',3,'',21,192),(1676,'2021-01-19 07:11:06.313546','45','45',3,'',21,192),(1677,'2021-01-19 07:11:06.315221','44','44',3,'',21,192),(1678,'2021-01-19 07:11:06.316584','43','43',3,'',21,192),(1679,'2021-01-19 07:11:06.317852','42','42',3,'',21,192),(1680,'2021-01-19 07:11:06.319701','41','41',3,'',21,192),(1681,'2021-01-19 07:11:06.321495','40','40',3,'',21,192),(1682,'2021-01-19 07:11:06.323209','39','39',3,'',21,192),(1683,'2021-01-19 07:11:06.324582','38','38',3,'',21,192),(1684,'2021-01-19 07:11:06.325939','37','37',3,'',21,192),(1685,'2021-01-19 07:11:06.327559','36','36',3,'',21,192),(1686,'2021-01-19 07:11:06.329182','35','35',3,'',21,192),(1687,'2021-01-19 07:11:06.331422','34','34',3,'',21,192),(1688,'2021-01-19 07:11:06.332936','33','33',3,'',21,192),(1689,'2021-01-19 07:11:06.334172','32','32',3,'',21,192),(1690,'2021-01-19 07:11:06.335805','31','31',3,'',21,192),(1691,'2021-01-19 07:11:06.337026','30','30',3,'',21,192),(1692,'2021-01-19 07:11:06.338194','29','29',3,'',21,192),(1693,'2021-01-19 07:11:06.340016','28','28',3,'',21,192),(1694,'2021-01-19 07:11:06.341279','27','27',3,'',21,192),(1695,'2021-01-19 07:11:06.342539','26','26',3,'',21,192),(1696,'2021-01-19 07:11:06.344132','25','25',3,'',21,192),(1697,'2021-01-19 07:11:06.345574','24','24',3,'',21,192),(1698,'2021-01-19 07:11:06.347586','23','23',3,'',21,192),(1699,'2021-01-19 07:11:06.349152','22','22',3,'',21,192),(1700,'2021-01-19 07:11:06.350796','21','21',3,'',21,192),(1701,'2021-01-19 07:11:06.352507','20','20',3,'',21,192),(1702,'2021-01-19 07:11:06.353741','19','19',3,'',21,192),(1703,'2021-01-19 07:11:06.355342','18','18',3,'',21,192),(1704,'2021-01-19 07:11:06.356610','17','17',3,'',21,192),(1705,'2021-01-19 07:11:06.357914','16','16',3,'',21,192),(1706,'2021-01-19 07:11:06.359608','15','15',3,'',21,192),(1707,'2021-01-19 07:11:06.360843','14','14',3,'',21,192),(1708,'2021-01-19 07:11:06.362047','13','13',3,'',21,192),(1709,'2021-01-19 07:11:06.363791','12','12',3,'',21,192),(1710,'2021-01-19 07:11:06.365358','11','11',3,'',21,192),(1711,'2021-01-19 07:11:06.367336','10','10',3,'',21,192),(1712,'2021-01-19 07:11:06.368930','9','9',3,'',21,192),(1713,'2021-01-19 07:11:06.370666','8','8',3,'',21,192),(1714,'2021-01-19 07:11:06.372604','7','7',3,'',21,192),(1715,'2021-01-19 07:11:06.374158','6','6',3,'',21,192),(1716,'2021-01-19 07:11:06.376160','5','5',3,'',21,192),(1717,'2021-01-19 07:11:06.377724','4','4',3,'',21,192),(1718,'2021-01-19 07:11:06.379819','3','3',3,'',21,192),(1719,'2021-01-19 07:11:06.381377','2','2',3,'',21,192),(1720,'2021-01-19 07:11:06.383828','1','1',3,'',21,192),(1721,'2021-01-19 07:16:39.930933','191','+919731057693',3,'',6,192),(1722,'2021-01-19 07:16:39.933734','190','+919535600293',3,'',6,192),(1723,'2021-01-19 07:16:39.935580','189','+447411295655',3,'',6,192),(1724,'2021-01-19 07:16:39.936903','188','+447411295755',3,'',6,192),(1725,'2021-01-19 07:16:39.938306','187','+919759203030',3,'',6,192),(1726,'2021-01-19 07:16:39.939950','186','+918988131350',3,'',6,192),(1727,'2021-01-19 07:16:39.941242','185','+9156565656565',3,'',6,192),(1728,'2021-01-19 07:16:39.942544','184','+448088131350',3,'',6,192),(1729,'2021-01-19 07:16:39.944364','183','+9132323334434',3,'',6,192),(1730,'2021-01-19 07:16:39.945753','182','+91787878787878',3,'',6,192),(1731,'2021-01-19 07:16:39.947600','181','+9143434343434',3,'',6,192),(1732,'2021-01-19 07:16:39.948828','180','+918888888888',3,'',6,192),(1733,'2021-01-19 07:16:39.950131','179','+918888888',3,'',6,192),(1734,'2021-01-19 07:16:39.951956','178','+9167676767',3,'',6,192),(1735,'2021-01-19 07:16:39.953369','177','+913223232323',3,'',6,192),(1736,'2021-01-19 07:16:39.954752','176','+913213232323',3,'',6,192),(1737,'2021-01-19 07:16:39.956344','175','+911331211212',3,'',6,192),(1738,'2021-01-19 07:16:39.957594','174','+9176757565577',3,'',6,192),(1739,'2021-01-19 07:16:39.959097','173','+917866666666',3,'',6,192),(1740,'2021-01-19 07:16:39.960392','172','+912223232332',3,'',6,192),(1741,'2021-01-19 07:16:39.961678','171','+9146565575',3,'',6,192),(1742,'2021-01-19 07:16:39.963332','170','+1767576767676',3,'',6,192),(1743,'2021-01-19 07:16:39.964496','169','+914646464646',3,'',6,192),(1744,'2021-01-19 07:16:39.965729','168','+915656565656',3,'',6,192),(1745,'2021-01-19 07:16:39.967469','167','+441234567890',3,'',6,192),(1746,'2021-01-19 07:16:39.968753','166','+91464666464646',3,'',6,192),(1747,'2021-01-19 07:16:39.970146','165','+917878787878787',3,'',6,192),(1748,'2021-01-19 07:16:39.972017','164','+918892419060',3,'',6,192),(1749,'2021-01-19 07:16:39.973345','163','09980336600',3,'',6,192),(1750,'2021-01-19 07:16:39.974673','162','+918088131350',3,'',6,192),(1751,'2021-01-19 07:16:39.976552','161','+917892517113',3,'',6,192),(1752,'2021-01-19 07:16:39.977799','160','1234667890',3,'',6,192),(1753,'2021-01-19 07:16:39.979695','159','8970775340',3,'',6,192),(1754,'2021-01-19 07:16:39.980978','158','8999999999',3,'',6,192),(1755,'2021-01-19 07:16:39.982430','157','8088131351',3,'',6,192),(1756,'2021-01-19 07:16:39.984223','156','+919980336600',3,'',6,192),(1757,'2021-01-19 07:16:39.985762','155','91-9980336600',3,'',6,192),(1758,'2021-01-19 07:16:39.988285','154','918088131350',3,'',6,192),(1759,'2021-01-19 07:16:39.989944','153','+917017287776',3,'',6,192),(1760,'2021-01-19 07:16:39.991675','152','9988336601',3,'',6,192),(1761,'2021-01-19 07:16:39.993076','151','9988336600',3,'',6,192),(1762,'2021-01-19 07:16:39.994556','150','7411295755',3,'',6,192),(1763,'2021-01-19 07:16:39.996130','149','8904097824',3,'',6,192),(1764,'2021-01-19 07:16:39.997333','148','07411295655',3,'',6,192),(1765,'2021-01-19 07:16:39.998660','147','9999999999',3,'',6,192),(1766,'2021-01-19 07:16:40.000481','146','77774444',3,'',6,192),(1767,'2021-01-19 07:16:40.001848','145','777744444',3,'',6,192),(1768,'2021-01-19 07:16:40.003789','131','78456239',3,'',6,192),(1769,'2021-01-19 07:16:40.005112','130','784512336',3,'',6,192),(1770,'2021-01-19 07:16:40.006326','129','7453239',3,'',6,192),(1771,'2021-01-19 07:16:40.008110','128','1235567777',3,'',6,192),(1772,'2021-01-19 07:16:40.009658','127','23456889966',3,'',6,192),(1773,'2021-01-19 07:16:40.011722','126','122456799',3,'',6,192),(1774,'2021-01-19 07:16:40.013098','123','14785236',3,'',6,192),(1775,'2021-01-19 07:16:40.014702','122','2222222222',3,'',6,192),(1776,'2021-01-19 07:16:40.016906','116','7894561233',3,'',6,192),(1777,'2021-01-19 07:16:40.018439','113','3214569870',3,'',6,192),(1778,'2021-01-19 07:16:40.020170','112','7407442290',3,'',6,192),(1779,'2021-01-19 07:16:40.021546','111','7894561236',3,'',6,192),(1780,'2021-01-19 07:16:40.023720','108','11125896',3,'',6,192),(1781,'2021-01-19 07:16:40.025192','107','7896541239',3,'',6,192),(1782,'2021-01-19 07:16:40.026599','105','7466014455',3,'',6,192),(1783,'2021-01-19 07:16:40.028221','104','8888877777',3,'',6,192),(1784,'2021-01-19 07:16:40.029532','102','8888888888',3,'',6,192),(1785,'2021-01-19 07:16:40.031893','101','78546424649',3,'',6,192),(1786,'2021-01-19 07:16:40.033451','100','9090909090',3,'',6,192),(1787,'2021-01-19 07:16:40.035278','99','9080706050',3,'',6,192),(1788,'2021-01-19 07:16:40.036459','98','7451236',3,'',6,192),(1789,'2021-01-19 07:16:40.037659','97','74112536',3,'',6,192),(1790,'2021-01-19 07:16:40.039562','96','8015703095',3,'',6,192),(1791,'2021-01-19 07:16:40.041014','95','999999999',3,'',6,192),(1792,'2021-01-19 07:16:40.042448','86','6549873210',3,'',6,192),(1793,'2021-01-19 07:16:40.044068','85','6543219870',3,'',6,192),(1794,'2021-01-19 07:16:40.045437','80','753965866',3,'',6,192),(1795,'2021-01-19 07:16:40.047059','79','7901550020',3,'',6,192),(1796,'2021-01-19 07:16:40.048303','78','987654321',3,'',6,192),(1797,'2021-01-19 07:16:40.049537','77','1334567890',3,'',6,192),(1798,'2021-01-19 07:16:40.051297','76','2580258025',3,'',6,192),(1799,'2021-01-19 07:16:40.052593','73','8088243448',3,'',6,192),(1800,'2021-01-19 07:16:40.053891','72','74528',3,'',6,192),(1801,'2021-01-19 07:16:40.055792','70','8105703095',3,'',6,192),(1802,'2021-01-19 07:16:40.057157','68','7515788666',3,'',6,192),(1803,'2021-01-19 07:16:40.058580','48','1234598760',3,'',6,192),(1804,'2021-01-19 07:16:40.060220','47','7804254274',3,'',6,192),(1805,'2021-01-19 07:16:40.061548','46','7829120997',3,'',6,192),(1806,'2021-01-19 07:16:40.064488','45','8857000714',3,'',6,192),(1807,'2021-01-19 07:16:40.067745','44','8884441505',3,'',6,192),(1808,'2021-01-19 07:16:40.069129','43','99885522',3,'',6,192),(1809,'2021-01-19 07:16:40.070617','42','998877665544',3,'',6,192),(1810,'2021-01-19 07:16:40.072468','41','9988776655',3,'',6,192),(1811,'2021-01-19 07:16:40.074118','40','69696969',3,'',6,192),(1812,'2021-01-19 07:16:40.076419','39','1122334455',3,'',6,192),(1813,'2021-01-19 07:16:40.078057','38','7835790779',3,'',6,192),(1814,'2021-01-19 07:16:40.079939','37','1234567890',3,'',6,192),(1815,'2021-01-19 07:16:40.081477','36','9876543210',3,'',6,192),(1816,'2021-01-19 07:16:40.083392','35','12345679',3,'',6,192),(1817,'2021-01-19 07:16:40.084769','34','07515788666',3,'',6,192),(1818,'2021-01-19 07:16:40.086360','33','5699999',3,'',6,192),(1819,'2021-01-19 07:16:40.088251','32','8956231478',3,'',6,192),(1820,'2021-01-19 07:16:40.089675','31','7411295655',3,'',6,192),(1821,'2021-01-19 07:16:40.091695','30','9980336600',3,'',6,192),(1822,'2021-01-19 07:16:40.093231','29','6360875699',3,'',6,192),(1823,'2021-01-19 07:16:40.094672','28','8892419060',3,'',6,192),(1824,'2021-01-19 07:16:40.096497','27','8660828250',3,'',6,192),(1825,'2021-01-19 07:16:40.097778','26','1162730071',3,'',6,192),(1826,'2021-01-19 07:16:40.099677','25','12345689',3,'',6,192),(1827,'2021-01-19 07:16:40.101143','24','123456785',3,'',6,192),(1828,'2021-01-19 07:16:40.102578','23','7889635577',3,'',6,192),(1829,'2021-01-19 07:16:40.104222','22','7885666',3,'',6,192),(1830,'2021-01-19 07:16:40.105458','21','78945612',3,'',6,192),(1831,'2021-01-19 07:16:40.107337','20','456123789',3,'',6,192),(1832,'2021-01-19 07:16:40.108673','19','789456133',3,'',6,192),(1833,'2021-01-19 07:16:40.110384','18','12346789',3,'',6,192),(1834,'2021-01-19 07:16:40.112372','17','123456789',3,'',6,192),(1835,'2021-01-19 07:16:40.113798','16','4856328563',3,'',6,192),(1836,'2021-01-19 07:16:40.115642','15','45',3,'',6,192),(1837,'2021-01-19 07:16:40.117317','14','458',3,'',6,192),(1838,'2021-01-19 07:16:40.119198','13','7406352618',3,'',6,192),(1839,'2021-01-19 07:16:40.120556','12','7406352615',3,'',6,192),(1840,'2021-01-19 07:16:40.121949','11','7892517113',3,'',6,192),(1841,'2021-01-19 07:16:40.123879','10','8085131350',3,'',6,192),(1842,'2021-01-19 07:16:40.125258','9','dgfghbvbb',3,'',6,192),(1843,'2021-01-19 07:16:40.126711','8','678866888',3,'',6,192),(1844,'2021-01-19 07:16:40.128412','7','8088131350',3,'',6,192),(1845,'2021-01-19 07:16:40.129779','6','7417674755',3,'',6,192),(1846,'2021-01-19 07:16:40.131586','5','345',3,'',6,192),(1847,'2021-01-19 07:57:12.646414','194','9980336600',3,'',6,192),(1848,'2021-01-19 07:57:12.649881','193','9090944264',3,'',6,192),(1849,'2021-01-19 15:47:45.254891','199','9731057693',3,'',6,192),(1850,'2021-01-21 18:25:34.123217','5','Banner5',3,'',26,192),(1851,'2021-01-21 18:25:34.126300','3','Banner3',3,'',26,192),(1852,'2021-01-21 18:25:34.128066','2','Banner2',3,'',26,192),(1853,'2021-01-21 18:25:34.129345','1','Banner1',3,'',26,192),(1854,'2021-01-21 18:35:38.210791','6','Banner 1',1,'[{\"added\": {}}]',26,192),(1855,'2021-01-21 18:35:44.590132','4','Banner4',3,'',26,192),(1856,'2021-01-21 18:42:33.949379','7','Banner 2',1,'[{\"added\": {}}]',26,192),(1857,'2021-01-21 18:42:50.955415','8','Banner 3',1,'[{\"added\": {}}]',26,192),(1858,'2021-01-21 18:43:03.251035','9','Banner 4',1,'[{\"added\": {}}]',26,192),(1859,'2021-05-11 06:47:36.834863','494','494 Chicken Drumstick',3,'',22,4),(1860,'2021-05-11 06:47:36.840804','493','493 Chicken Wings',3,'',22,4),(1861,'2021-05-11 06:47:36.842514','492','492 Chicken Niblets',3,'',22,4),(1862,'2021-05-11 06:47:36.844567','491','491 Chicken Thigh',3,'',22,4),(1863,'2021-05-11 06:47:36.845955','490','490 Chicken Breast',3,'',22,4),(1864,'2021-05-11 06:47:36.847802','489','489 10 pcs Chicken Legs',3,'',22,4),(1865,'2021-05-11 06:47:36.849158','488','488 Chicken Gizzard',3,'',22,4),(1866,'2021-05-11 06:47:36.850731','487','487 Chicken Liver',3,'',22,4),(1867,'2021-05-11 06:47:36.852780','486','486 Chicken Keema',3,'',22,4),(1868,'2021-05-11 06:47:36.854482','485','485 Chicken Drumstick',3,'',22,4),(1869,'2021-05-11 06:47:36.856454','484','484 Chicken Wings',3,'',22,4),(1870,'2021-05-11 06:47:36.857972','483','483 Chicken Niblets',3,'',22,4),(1871,'2021-05-11 06:47:36.859818','482','482 Chicken Thigh',3,'',22,4),(1872,'2021-05-11 06:47:36.861482','481','481 Chicken Breast',3,'',22,4),(1873,'2021-05-11 06:47:36.863477','480','480 Chicken Gizzard',3,'',22,4),(1874,'2021-05-11 06:47:36.865055','479','479 Chicken Liver',3,'',22,4),(1875,'2021-05-11 06:47:36.866670','478','478 Chicken Keema',3,'',22,4),(1876,'2021-05-11 06:47:36.868503','477','477 Chicken Wings',3,'',22,4),(1877,'2021-05-11 06:47:36.869978','476','476 Chicken Niblets',3,'',22,4),(1878,'2021-05-11 06:47:36.871908','475','475 Chicken Thigh',3,'',22,4),(1879,'2021-05-11 06:47:36.873827','474','474 Chicken Breast',3,'',22,4),(1880,'2021-05-11 06:47:36.876029','473','473 Chicken Niblets',3,'',22,4),(1881,'2021-05-11 06:47:36.877671','472','472 Chicken Thigh',3,'',22,4),(1882,'2021-05-11 06:47:36.879527','471','471 Chicken Breast',3,'',22,4),(1883,'2021-05-11 06:47:36.880973','470','470 Chicken Thigh',3,'',22,4),(1884,'2021-05-11 06:47:36.882476','469','469 Chicken Breast',3,'',22,4),(1885,'2021-05-11 06:47:36.884442','468','468 Chicken Thigh',3,'',22,4),(1886,'2021-05-11 06:47:36.886007','467','467 Chicken Breast',3,'',22,4),(1887,'2021-05-11 06:47:36.887883','466','466 Chicken Thigh',3,'',22,4),(1888,'2021-05-11 06:47:36.889306','465','465 Chicken Breast',3,'',22,4),(1889,'2021-05-11 06:47:36.890740','464','464 Chicken Drumstick',3,'',22,4),(1890,'2021-05-11 06:47:36.892497','463','463 Chicken Wings',3,'',22,4),(1891,'2021-05-11 06:47:36.893947','462','462 Chicken Niblets',3,'',22,4),(1892,'2021-05-11 06:47:36.895781','461','461 Lamb Leg',3,'',22,4),(1893,'2021-05-11 06:47:36.897773','460','460 Whole Lamb',3,'',22,4),(1894,'2021-05-11 06:47:36.900157','459','459 Chicken Thigh',3,'',22,4),(1895,'2021-05-11 06:47:36.902063','458','458 Chicken Breast',3,'',22,4),(1896,'2021-05-11 06:47:36.904030','457','457 Chicken Wings',3,'',22,4),(1897,'2021-05-11 06:47:36.905609','456','456 Chicken Niblets',3,'',22,4),(1898,'2021-05-11 06:47:36.907813','455','455 Chicken Thigh',3,'',22,4),(1899,'2021-05-11 06:47:36.909415','454','454 Chicken Breast',3,'',22,4),(1900,'2021-05-11 06:47:36.911517','453','453 Chicken Thigh',3,'',22,4),(1901,'2021-05-11 06:47:36.913199','452','452 Chicken Breast',3,'',22,4),(1902,'2021-05-11 06:47:36.914707','451','451 Chicken Thigh',3,'',22,4),(1903,'2021-05-11 06:47:36.916572','450','450 Chicken Breast',3,'',22,4),(1904,'2021-05-11 06:47:36.917988','449','449 Amina Spice Large',3,'',22,4),(1905,'2021-05-11 06:47:36.919923','448','448 Amina Spice Small',3,'',22,4),(1906,'2021-05-11 06:47:36.921620','447','447 Chicken Leg',3,'',22,4),(1907,'2021-05-11 06:47:36.924065','446','446 Tbone',3,'',22,4),(1908,'2021-05-11 06:47:36.926672','445','445 Wings',3,'',22,4),(1909,'2021-05-11 06:47:36.928602','444','444 Chicken Niblets',3,'',22,4),(1910,'2021-05-11 06:47:36.930039','443','443 Chicken Wings',3,'',22,4),(1911,'2021-05-11 06:47:36.932248','442','442 Lamb Chops',3,'',22,4),(1912,'2021-05-11 06:47:36.933849','441','441 Lamb Shoulder',3,'',22,4),(1913,'2021-05-11 06:47:36.936051','440','440 Lamb Leg',3,'',22,4),(1914,'2021-05-11 06:47:36.937492','439','439 Whole Lamb',3,'',22,4),(1915,'2021-05-11 06:47:36.939398','438','438 Pollock',3,'',22,4),(1916,'2021-05-11 06:47:36.940815','437','437 Fresh Coley',3,'',22,4),(1917,'2021-05-11 06:47:36.942326','436','436 Chicken Niblets',3,'',22,4),(1918,'2021-05-11 06:47:36.944469','435','435 Chicken Thigh',3,'',22,4),(1919,'2021-05-11 06:47:36.946099','434','434 Chicken Breast',3,'',22,4),(1920,'2021-05-11 06:47:36.948023','433','433 Chicken Breast',3,'',22,4),(1921,'2021-05-11 06:47:36.949549','432','432 Chicken Breast',3,'',22,4),(1922,'2021-05-11 06:47:36.951621','431','431 Chicken Breast',3,'',22,4),(1923,'2021-05-11 06:47:36.953246','430','430 Chicken Breast',3,'',22,4),(1924,'2021-05-11 06:47:36.955144','429','429 Lamb Leg',3,'',22,4),(1925,'2021-05-11 06:47:36.956647','428','428 Whole Lamb',3,'',22,4),(1926,'2021-05-11 06:47:36.958469','427','427 Chicken Wings',3,'',22,4),(1927,'2021-05-11 06:47:36.960682','426','426 Chicken Niblets',3,'',22,4),(1928,'2021-05-11 06:47:36.962316','425','425 Chicken Thigh',3,'',22,4),(1929,'2021-05-11 06:47:36.964186','424','424 Chicken Breast',3,'',22,4),(1930,'2021-05-11 06:47:36.965908','423','423 Chicken Thigh',3,'',22,4),(1931,'2021-05-11 06:47:36.967933','422','422 Chicken Breast',3,'',22,4),(1932,'2021-05-11 06:47:36.969526','421','421 Chicken Wings',3,'',22,4),(1933,'2021-05-11 06:47:36.971558','420','420 Chicken Niblets',3,'',22,4),(1934,'2021-05-11 06:47:36.973077','419','419 Chicken Thigh',3,'',22,4),(1935,'2021-05-11 06:47:36.974608','418','418 Chicken Breast',3,'',22,4),(1936,'2021-05-11 06:47:36.976523','417','417 Chicken Niblets',3,'',22,4),(1937,'2021-05-11 06:47:36.978078','416','416 Chicken Thigh',3,'',22,4),(1938,'2021-05-11 06:47:36.980026','415','415 Chicken Breast',3,'',22,4),(1939,'2021-05-11 06:47:36.981573','414','414 Chicken Wings',3,'',22,4),(1940,'2021-05-11 06:47:36.983534','413','413 Chicken Drumstick',3,'',22,4),(1941,'2021-05-11 06:47:36.985020','412','412 Chicken Niblets',3,'',22,4),(1942,'2021-05-11 06:47:36.987334','411','411 Chicken Thigh',3,'',22,4),(1943,'2021-05-11 06:47:36.988826','410','410 Chicken Breast',3,'',22,4),(1944,'2021-05-11 06:47:36.990409','409','409 Chicken Drumstick',3,'',22,4),(1945,'2021-05-11 06:47:36.992244','408','408 Chicken Wings',3,'',22,4),(1946,'2021-05-11 06:47:36.993717','407','407 Chicken Niblets',3,'',22,4),(1947,'2021-05-11 06:47:36.995658','406','406 Chicken Thigh',3,'',22,4),(1948,'2021-05-11 06:47:36.997228','405','405 Chicken Breast',3,'',22,4),(1949,'2021-05-11 06:47:36.999030','404','404 Chicken Thigh',3,'',22,4),(1950,'2021-05-11 06:47:37.000504','403','403 Chicken Breast',3,'',22,4),(1951,'2021-05-11 06:47:37.002006','402','402 Chicken Thigh',3,'',22,4),(1952,'2021-05-11 06:47:37.003865','401','401 Chicken Breast',3,'',22,4),(1953,'2021-05-11 06:47:37.005350','400','400 Chicken Liver',3,'',22,4),(1954,'2021-05-11 06:47:37.007293','399','399 Chicken Keema',3,'',22,4),(1955,'2021-05-11 06:47:37.008860','398','398 Chicken Drumstick',3,'',22,4),(1956,'2021-05-11 06:47:37.010566','397','397 Chicken Wings',3,'',22,4),(1957,'2021-05-11 06:47:37.012469','396','396 Chicken Niblets',3,'',22,4),(1958,'2021-05-11 06:47:37.013980','395','395 Chicken Thigh',3,'',22,4),(1959,'2021-05-11 06:47:47.109966','394','394 Chicken Breast',3,'',22,4),(1960,'2021-05-11 06:47:47.112363','393','393 Chicken Thigh',3,'',22,4),(1961,'2021-05-11 06:47:47.113717','392','392 Chicken Breast',3,'',22,4),(1962,'2021-05-11 06:47:47.115489','391','391 Chicken Niblets',3,'',22,4),(1963,'2021-05-11 06:47:47.116737','390','390 Chicken Breast',3,'',22,4),(1964,'2021-05-11 06:47:47.118088','389','389 Chicken Breast',3,'',22,4),(1965,'2021-05-11 06:47:47.119794','388','388 Chicken Thigh',3,'',22,4),(1966,'2021-05-11 06:47:47.121057','387','387 Chicken Breast',3,'',22,4),(1967,'2021-05-11 06:47:47.122470','386','386 Chicken Thigh',3,'',22,4),(1968,'2021-05-11 06:47:47.124674','385','385 Chicken Breast',3,'',22,4),(1969,'2021-05-11 06:47:47.126546','384','384 Chicken Breast',3,'',22,4),(1970,'2021-05-11 06:47:47.128586','383','383 Chicken Thigh',3,'',22,4),(1971,'2021-05-11 06:47:47.130069','382','382 Chicken Breast',3,'',22,4),(1972,'2021-05-11 06:47:47.131771','381','381 Chicken Thigh',3,'',22,4),(1973,'2021-05-11 06:47:47.133676','380','380 Chicken Breast',3,'',22,4),(1974,'2021-05-11 06:47:47.135385','379','379 Chicken Breast',3,'',22,4),(1975,'2021-05-11 06:47:47.136728','378','378 Chicken Breast',3,'',22,4),(1976,'2021-05-11 06:47:47.138262','377','377 Chicken Thigh',3,'',22,4),(1977,'2021-05-11 06:47:47.140315','376','376 Chicken Breast',3,'',22,4),(1978,'2021-05-11 06:47:47.141745','375','375 Chicken Breast',3,'',22,4),(1979,'2021-05-11 06:47:47.143565','374','374 Lamb Chops',3,'',22,4),(1980,'2021-05-11 06:47:47.144910','373','373 Lamb Shoulder',3,'',22,4),(1981,'2021-05-11 06:47:47.146277','372','372 Lamb Leg',3,'',22,4),(1982,'2021-05-11 06:47:47.148426','371','371 Whole Lamb',3,'',22,4),(1983,'2021-05-11 06:47:47.150375','370','370 Lamb Leg',3,'',22,4),(1984,'2021-05-11 06:47:47.152480','369','369 Whole Lamb',3,'',22,4),(1985,'2021-05-11 06:47:47.153866','368','368 Chicken Niblets',3,'',22,4),(1986,'2021-05-11 06:47:47.155594','367','367 Chicken Thigh',3,'',22,4),(1987,'2021-05-11 06:47:47.156971','366','366 Chicken Breast',3,'',22,4),(1988,'2021-05-11 06:47:47.158422','365','365 Chicken Thigh',3,'',22,4),(1989,'2021-05-11 06:47:47.160307','364','364 Chicken Breast',3,'',22,4),(1990,'2021-05-11 06:47:47.161681','363','363 Chicken Breast',3,'',22,4),(1991,'2021-05-11 06:47:47.163379','362','362 Chicken Breast',3,'',22,4),(1992,'2021-05-11 06:47:47.164666','361','361 Chicken Breast',3,'',22,4),(1993,'2021-05-11 06:47:47.166004','360','360 Chicken Thigh',3,'',22,4),(1994,'2021-05-11 06:47:47.167881','359','359 Chicken Breast',3,'',22,4),(1995,'2021-05-11 06:47:47.169133','358','358 Chicken Niblets',3,'',22,4),(1996,'2021-05-11 06:47:47.170574','357','357 Chicken Thigh',3,'',22,4),(1997,'2021-05-11 06:47:47.172347','356','356 Chicken Breast',3,'',22,4),(1998,'2021-05-11 06:47:47.174165','355','355 Chicken Breast',3,'',22,4),(1999,'2021-05-11 06:47:47.176368','354','354 Chicken Liver',3,'',22,4),(2000,'2021-05-11 06:47:47.177980','353','353 Chicken Keema',3,'',22,4),(2001,'2021-05-11 06:47:47.179806','352','352 Chicken Drumstick',3,'',22,4),(2002,'2021-05-11 06:47:47.181112','351','351 Chicken Wings',3,'',22,4),(2003,'2021-05-11 06:47:47.182516','350','350 Chicken Niblets',3,'',22,4),(2004,'2021-05-11 06:47:47.184239','349','349 Chicken Thigh',3,'',22,4),(2005,'2021-05-11 06:47:47.185571','348','348 Chicken Breast',3,'',22,4),(2006,'2021-05-11 06:47:47.187218','347','347 Chicken Thigh',3,'',22,4),(2007,'2021-05-11 06:47:47.188604','346','346 Chicken Breast',3,'',22,4),(2008,'2021-05-11 06:47:47.190126','345','345 Chicken Thigh',3,'',22,4),(2009,'2021-05-11 06:47:47.192056','344','344 Chicken Breast',3,'',22,4),(2010,'2021-05-11 06:47:47.193473','343','343 Chicken Thigh',3,'',22,4),(2011,'2021-05-11 06:47:47.195361','342','342 Chicken Breast',3,'',22,4),(2012,'2021-05-11 06:47:47.196896','341','341 Chicken Keema',3,'',22,4),(2013,'2021-05-11 06:47:47.198746','340','340 Chicken Niblets',3,'',22,4),(2014,'2021-05-11 06:47:47.200932','339','339 Chicken Thigh',3,'',22,4),(2015,'2021-05-11 06:47:47.202610','338','338 Chicken Breast',3,'',22,4),(2016,'2021-05-11 06:47:47.204418','337','337 Salmon',3,'',22,4),(2017,'2021-05-11 06:47:47.205852','336','336 Sea Bass',3,'',22,4),(2018,'2021-05-11 06:47:47.207747','335','335 Chicken Thigh',3,'',22,4),(2019,'2021-05-11 06:47:47.209071','334','334 Chicken Breast',3,'',22,4),(2020,'2021-05-11 06:47:47.210427','333','333 Lamb Chops',3,'',22,4),(2021,'2021-05-11 06:47:47.212222','332','332 Lamb Shoulder',3,'',22,4),(2022,'2021-05-11 06:47:47.213525','331','331 Lamb Leg',3,'',22,4),(2023,'2021-05-11 06:47:47.215213','330','330 Whole Lamb',3,'',22,4),(2024,'2021-05-11 06:47:47.216459','329','329 Chicken Wings',3,'',22,4),(2025,'2021-05-11 06:47:47.217982','328','328 Chicken Niblets',3,'',22,4),(2026,'2021-05-11 06:47:47.219678','327','327 Chicken Thigh',3,'',22,4),(2027,'2021-05-11 06:47:47.221029','326','326 Chicken Breast',3,'',22,4),(2028,'2021-05-11 06:47:47.222415','325','325 Chicken Leg',3,'',22,4),(2029,'2021-05-11 06:47:47.224152','324','324 Tbone',3,'',22,4),(2030,'2021-05-11 06:47:47.225489','323','323 Wings',3,'',22,4),(2031,'2021-05-11 06:47:47.227349','322','322 Chops',3,'',22,4),(2032,'2021-05-11 06:47:47.228725','321','321 Chicken Thigh',3,'',22,4),(2033,'2021-05-11 06:47:47.230147','320','320 Chicken Breast',3,'',22,4),(2034,'2021-05-11 06:47:47.232085','319','319 Chicken Breast',3,'',22,4),(2035,'2021-05-11 06:47:47.233509','318','318 Chicken Thigh',3,'',22,4),(2036,'2021-05-11 06:47:47.235402','317','317 Chicken Breast',3,'',22,4),(2037,'2021-05-11 06:47:47.236853','316','316 Chicken Breast',3,'',22,4),(2038,'2021-05-11 06:47:47.238337','315','315 Chicken Thigh',3,'',22,4),(2039,'2021-05-11 06:47:47.240140','314','314 Chicken Breast',3,'',22,4),(2040,'2021-05-11 06:47:47.241698','313','313 Chicken Breast',3,'',22,4),(2041,'2021-05-11 06:47:47.243830','312','312 Chicken Breast',3,'',22,4),(2042,'2021-05-11 06:47:47.245351','311','311 Chicken Breast',3,'',22,4),(2043,'2021-05-11 06:47:47.247320','310','310 Sea Bass',3,'',22,4),(2044,'2021-05-11 06:47:47.248822','309','309 Lamb Leg',3,'',22,4),(2045,'2021-05-11 06:47:47.250582','308','308 Chicken Niblets',3,'',22,4),(2046,'2021-05-11 06:47:47.252485','307','307 Chicken Thigh',3,'',22,4),(2047,'2021-05-11 06:47:47.253851','306','306 Chicken Breast',3,'',22,4),(2048,'2021-05-11 06:47:47.255784','305','305 Chicken Liver',3,'',22,4),(2049,'2021-05-11 06:47:47.257414','304','304 Sea Bass',3,'',22,4),(2050,'2021-05-11 06:47:47.261626','303','303 Lamb Leg',3,'',22,4),(2051,'2021-05-11 06:47:47.264362','302','302 Chicken Niblets',3,'',22,4),(2052,'2021-05-11 06:47:47.265756','301','301 Chicken Thigh',3,'',22,4),(2053,'2021-05-11 06:47:47.267476','300','300 Chicken Breast',3,'',22,4),(2054,'2021-05-11 06:47:47.268897','299','299 Chicken Thigh',3,'',22,4),(2055,'2021-05-11 06:47:47.270311','298','298 Chicken Breast',3,'',22,4),(2056,'2021-05-11 06:47:47.272261','297','297 Chicken Breast',3,'',22,4),(2057,'2021-05-11 06:47:47.273731','296','296 Chicken Breast',3,'',22,4),(2058,'2021-05-11 06:47:47.275622','295','295 Chicken Thigh',3,'',22,4),(2059,'2021-05-11 06:47:56.693780','294','294 Chicken Breast',3,'',22,4),(2060,'2021-05-11 06:47:56.697066','293','293 Chicken Thigh',3,'',22,4),(2061,'2021-05-11 06:47:56.700623','292','292 Chicken Breast',3,'',22,4),(2062,'2021-05-11 06:47:56.702361','291','291 Chicken Breast',3,'',22,4),(2063,'2021-05-11 06:47:56.704273','290','290 Chicken Thigh',3,'',22,4),(2064,'2021-05-11 06:47:56.705792','289','289 Chicken Breast',3,'',22,4),(2065,'2021-05-11 06:47:56.707654','288','288 Chicken Thigh',3,'',22,4),(2066,'2021-05-11 06:47:56.709450','287','287 Chicken Breast',3,'',22,4),(2067,'2021-05-11 06:47:56.711624','286','286 Lamb Chops',3,'',22,4),(2068,'2021-05-11 06:47:56.713580','285','285 Lamb Shoulder',3,'',22,4),(2069,'2021-05-11 06:47:56.715754','284','284 Whole Lamb',3,'',22,4),(2070,'2021-05-11 06:47:56.717518','283','283 Chicken Niblets',3,'',22,4),(2071,'2021-05-11 06:47:56.719601','282','282 Chicken Thigh',3,'',22,4),(2072,'2021-05-11 06:47:56.721213','281','281 Chicken Breast',3,'',22,4),(2073,'2021-05-11 06:47:56.723657','280','280 King Prawns 20/30',3,'',22,4),(2074,'2021-05-11 06:47:56.725446','279','279 Beef Sirloin',3,'',22,4),(2075,'2021-05-11 06:47:56.727594','278','278 Wings',3,'',22,4),(2076,'2021-05-11 06:47:56.729239','277','277 Fresh Coley',3,'',22,4),(2077,'2021-05-11 06:47:56.731394','276','276 Lamb Chops',3,'',22,4),(2078,'2021-05-11 06:47:56.732897','275','275 Lamb Shoulder',3,'',22,4),(2079,'2021-05-11 06:47:56.734340','274','274 Lamb Leg',3,'',22,4),(2080,'2021-05-11 06:47:56.736145','273','273 Whole Lamb',3,'',22,4),(2081,'2021-05-11 06:47:56.737621','272','272 Chicken Niblets',3,'',22,4),(2082,'2021-05-11 06:47:56.739549','271','271 Chicken Thigh',3,'',22,4),(2083,'2021-05-11 06:47:56.741256','270','270 Chicken Breast',3,'',22,4),(2084,'2021-05-11 06:47:56.743249','269','269 Whole Lamb',3,'',22,4),(2085,'2021-05-11 06:47:56.744839','268','268 Chicken Breast',3,'',22,4),(2086,'2021-05-11 06:47:56.746602','267','267 Chicken Thigh',3,'',22,4),(2087,'2021-05-11 06:47:56.748795','266','266 Chicken Breast',3,'',22,4),(2088,'2021-05-11 06:47:56.750190','265','265 Chicken Breast',3,'',22,4),(2089,'2021-05-11 06:47:56.751951','264','264 Sea Bass',3,'',22,4),(2090,'2021-05-11 06:47:56.753461','263','263 Lamb Leg',3,'',22,4),(2091,'2021-05-11 06:47:56.755476','262','262 Chicken Niblets',3,'',22,4),(2092,'2021-05-11 06:47:56.756884','261','261 Chicken Thigh',3,'',22,4),(2093,'2021-05-11 06:47:56.758471','260','260 Chicken Breast',3,'',22,4),(2094,'2021-05-11 06:47:56.760269','259','259 Sea Bass',3,'',22,4),(2095,'2021-05-11 06:47:56.761879','258','258 Lamb Leg',3,'',22,4),(2096,'2021-05-11 06:47:56.763778','257','257 Chicken Niblets',3,'',22,4),(2097,'2021-05-11 06:47:56.765185','256','256 Chicken Thigh',3,'',22,4),(2098,'2021-05-11 06:47:56.766699','255','255 Chicken Breast',3,'',22,4),(2099,'2021-05-11 06:47:56.768494','254','254 Chicken Breast',3,'',22,4),(2100,'2021-05-11 06:47:56.769841','253','253 Chicken Breast',3,'',22,4),(2101,'2021-05-11 06:47:56.772004','252','252 Sea Bass',3,'',22,4),(2102,'2021-05-11 06:47:56.774033','251','251 Lamb Leg',3,'',22,4),(2103,'2021-05-11 06:47:56.776668','250','250 Chicken Niblets',3,'',22,4),(2104,'2021-05-11 06:47:56.778346','249','249 Chicken Thigh',3,'',22,4),(2105,'2021-05-11 06:47:56.780186','248','248 Chicken Breast',3,'',22,4),(2106,'2021-05-11 06:48:12.791740','172','172',3,'',21,4),(2107,'2021-05-11 06:48:12.794274','171','171',3,'',21,4),(2108,'2021-05-11 06:48:12.795944','170','170',3,'',21,4),(2109,'2021-05-11 06:48:12.797268','169','169',3,'',21,4),(2110,'2021-05-11 06:48:12.798537','168','168',3,'',21,4),(2111,'2021-05-11 06:48:12.800213','167','167',3,'',21,4),(2112,'2021-05-11 06:48:12.801503','166','166',3,'',21,4),(2113,'2021-05-11 06:48:12.803210','165','165',3,'',21,4),(2114,'2021-05-11 06:48:12.804469','164','164',3,'',21,4),(2115,'2021-05-11 06:48:12.805825','163','163',3,'',21,4),(2116,'2021-05-11 06:48:12.807707','162','162',3,'',21,4),(2117,'2021-05-11 06:48:12.809007','161','161',3,'',21,4),(2118,'2021-05-11 06:48:12.810569','160','160',3,'',21,4),(2119,'2021-05-11 06:48:12.812381','159','159',3,'',21,4),(2120,'2021-05-11 06:48:12.813663','158','158',3,'',21,4),(2121,'2021-05-11 06:48:12.815363','157','157',3,'',21,4),(2122,'2021-05-11 06:48:12.816700','156','156',3,'',21,4),(2123,'2021-05-11 06:48:12.818063','155','155',3,'',21,4),(2124,'2021-05-11 06:48:12.819730','154','154',3,'',21,4),(2125,'2021-05-11 06:48:12.820998','153','153',3,'',21,4),(2126,'2021-05-11 06:48:12.822331','152','152',3,'',21,4),(2127,'2021-05-11 06:48:12.824092','151','151',3,'',21,4),(2128,'2021-05-11 06:48:12.825311','150','150',3,'',21,4),(2129,'2021-05-11 06:48:12.826594','149','149',3,'',21,4),(2130,'2021-05-11 06:48:12.828243','148','148',3,'',21,4),(2131,'2021-05-11 06:48:12.829492','147','147',3,'',21,4),(2132,'2021-05-11 06:48:12.831223','146','146',3,'',21,4),(2133,'2021-05-11 06:48:12.832457','145','145',3,'',21,4),(2134,'2021-05-11 06:48:12.833779','144','144',3,'',21,4),(2135,'2021-05-11 06:48:12.835557','143','143',3,'',21,4),(2136,'2021-05-11 06:48:12.836803','142','142',3,'',21,4),(2137,'2021-05-11 06:48:12.838182','141','141',3,'',21,4),(2138,'2021-05-11 06:48:12.839943','140','140',3,'',21,4),(2139,'2021-05-11 06:48:12.841237','139','139',3,'',21,4),(2140,'2021-05-11 06:48:12.842703','138','138',3,'',21,4),(2141,'2021-05-11 06:48:12.844340','137','137',3,'',21,4),(2142,'2021-05-11 06:48:12.845615','136','136',3,'',21,4),(2143,'2021-05-11 06:48:12.847323','135','135',3,'',21,4),(2144,'2021-05-11 06:48:12.848663','134','134',3,'',21,4),(2145,'2021-05-11 06:48:12.849945','133','133',3,'',21,4),(2146,'2021-05-11 06:48:12.851665','132','132',3,'',21,4),(2147,'2021-05-11 06:48:12.852886','131','131',3,'',21,4),(2148,'2021-05-11 06:48:12.854233','130','130',3,'',21,4),(2149,'2021-05-11 06:48:12.857544','129','129',3,'',21,4),(2150,'2021-05-11 06:48:12.859247','128','128',3,'',21,4),(2151,'2021-05-11 06:48:12.860566','127','127',3,'',21,4),(2152,'2021-05-11 06:48:12.861829','126','126',3,'',21,4),(2153,'2021-05-11 06:48:12.863550','125','125',3,'',21,4),(2154,'2021-05-11 06:48:12.864924','124','124',3,'',21,4),(2155,'2021-05-11 06:48:12.867864','123','123',3,'',21,4),(2156,'2021-05-11 06:48:12.869115','122','122',3,'',21,4),(2157,'2021-05-11 06:48:12.870426','121','121',3,'',21,4),(2158,'2021-05-11 06:48:12.872181','120','120',3,'',21,4),(2159,'2021-05-11 06:48:12.873477','119','119',3,'',21,4),(2160,'2021-05-11 06:48:12.875173','118','118',3,'',21,4),(2161,'2021-05-11 06:48:12.876479','117','117',3,'',21,4),(2162,'2021-05-11 06:48:12.877830','116','116',3,'',21,4),(2163,'2021-05-11 06:48:12.879530','115','115',3,'',21,4),(2164,'2021-05-11 06:48:12.880787','114','114',3,'',21,4),(2165,'2021-05-11 06:48:12.882052','113','113',3,'',21,4),(2166,'2021-05-11 06:48:12.883864','112','112',3,'',21,4),(2167,'2021-05-11 06:48:12.885261','111','111',3,'',21,4),(2168,'2021-05-11 06:48:12.887183','110','110',3,'',21,4),(2169,'2021-05-11 06:48:12.888539','109','109',3,'',21,4),(2170,'2021-05-11 06:48:12.890024','108','108',3,'',21,4),(2171,'2021-05-11 06:48:12.891903','107','107',3,'',21,4),(2172,'2021-05-11 06:48:12.893235','106','106',3,'',21,4),(2173,'2021-05-11 06:48:12.894631','105','105',3,'',21,4),(2174,'2021-05-11 06:48:12.896319','104','104',3,'',21,4),(2175,'2021-05-11 06:48:12.897637','103','103',3,'',21,4),(2176,'2021-05-11 06:48:12.899466','102','102',3,'',21,4),(2177,'2021-05-11 06:48:12.900854','101','101',3,'',21,4),(2178,'2021-05-11 06:48:12.902330','100','100',3,'',21,4),(2179,'2021-05-11 06:48:12.904030','99','99',3,'',21,4),(2180,'2021-05-11 06:48:12.905350','98','98',3,'',21,4),(2181,'2021-05-11 06:48:12.907146','97','97',3,'',21,4),(2182,'2021-05-11 06:48:12.908430','96','96',3,'',21,4),(2183,'2021-05-11 06:48:12.909731','95','95',3,'',21,4),(2184,'2021-05-11 06:48:12.911409','94','94',3,'',21,4),(2185,'2021-05-11 06:48:12.912753','93','93',3,'',21,4),(2186,'2021-05-11 06:48:12.914019','92','92',3,'',21,4),(2187,'2021-05-11 06:48:12.915735','91','91',3,'',21,4),(2188,'2021-05-11 06:48:12.916976','90','90',3,'',21,4),(2189,'2021-05-11 06:48:12.918307','89','89',3,'',21,4),(2190,'2021-05-14 09:05:09.495261','179','179',2,'[{\"changed\": {\"fields\": [\"status\", \"delivery_boy\"]}}]',21,4),(2191,'2021-05-14 14:57:42.572849','179','179',2,'[{\"changed\": {\"fields\": [\"assigned_executive\"]}}]',21,4),(2192,'2021-05-31 06:00:22.523488','242','+44Airline',3,'',6,192),(2193,'2021-05-31 06:00:22.527150','241','+917032208571',3,'',6,192),(2194,'2021-05-31 06:00:22.529239','240','+447411295755',3,'',6,192),(2195,'2021-05-31 06:00:22.530776','239','+919154191554',3,'',6,192),(2196,'2021-05-31 06:00:22.532743','238','+447735907661',3,'',6,192),(2197,'2021-05-31 06:00:22.534326','237','+441234567890',3,'',6,192),(2198,'2021-05-31 06:00:22.536446','236','+911234',3,'',6,192),(2199,'2021-05-31 06:00:22.537838','235','+440896666566',3,'',6,192),(2200,'2021-05-31 06:00:22.539967','234','+917780238571',3,'',6,192),(2201,'2021-05-31 06:00:22.541583','233','+447894669054',3,'',6,192),(2202,'2021-05-31 06:00:22.544696','232','+917017287776',3,'',6,192),(2203,'2021-05-31 06:00:22.546347','231','+919052402273',3,'',6,192),(2204,'2021-05-31 06:00:22.548344','230','+919456227835',3,'',6,192),(2205,'2021-05-31 06:00:22.549766','229','+9199980336600',3,'',6,192),(2206,'2021-05-31 06:00:22.551693','228','+919449134083',3,'',6,192),(2207,'2021-05-31 06:00:22.553096','227','+448888888885',3,'',6,192),(2208,'2021-05-31 06:00:22.555512','226','+448888888880',3,'',6,192),(2209,'2021-05-31 06:00:22.557037','225','+919831057693',3,'',6,192),(2210,'2021-05-31 06:00:22.558539','224','+917777777777',3,'',6,192),(2211,'2021-05-31 06:00:22.560390','223','+919759203030',3,'',6,192),(2212,'2021-05-31 06:00:22.561768','222','+919148278005',3,'',6,192),(2213,'2021-05-31 06:00:22.563665','221','+919751057693',3,'',6,192),(2214,'2021-05-31 06:00:22.565175','220','+91973157693',3,'',6,192),(2215,'2021-05-31 06:00:22.567419','219','9999999990',3,'',6,192),(2216,'2021-05-31 06:00:22.568921','218','+91878787878',3,'',6,192),(2217,'2021-05-31 06:00:22.570469','217','7466014455',3,'',6,192),(2218,'2021-05-31 06:00:22.572470','216','+919731057693',3,'',6,192),(2219,'2021-05-31 06:00:22.573864','215','+917892517113',3,'',6,192),(2220,'2021-05-31 06:00:22.575773','214','+448088131350',3,'',6,192),(2221,'2021-05-31 06:00:22.577289','213','+9180881131350',3,'',6,192),(2222,'2021-05-31 06:00:22.578706','212','+447406352615',3,'',6,192),(2223,'2021-05-31 06:00:22.580656','211','+917406352615',3,'',6,192),(2224,'2021-05-31 06:00:22.582360','210','+918892419060',3,'',6,192),(2225,'2021-05-31 06:00:22.584319','209','+911234567890',3,'',6,192),(2226,'2021-05-31 06:00:22.585797','208','+917417674755',3,'',6,192),(2227,'2021-05-31 06:00:22.588091','207','+91222222222222',3,'',6,192),(2228,'2021-05-31 06:00:22.589584','206','+919535600293',3,'',6,192),(2229,'2021-05-31 06:00:22.591578','205','+447466014455',3,'',6,192),(2230,'2021-05-31 06:00:22.593009','204','+447835790779',3,'',6,192),(2231,'2021-05-31 06:00:22.594658','203','+918888888888',3,'',6,192),(2232,'2021-05-31 06:00:22.596787','202','+919999999999',3,'',6,192),(2233,'2021-05-31 06:00:22.598189','201','+918080808080',3,'',6,192),(2234,'2021-05-31 06:00:22.600224','200','+919090909090',3,'',6,192),(2235,'2021-05-31 06:00:22.601675','198','+447411295655',3,'',6,192),(2236,'2021-05-31 06:00:22.603693','197','+918088131350',3,'',6,192),(2237,'2021-05-31 06:00:22.605260','196','+919090944264',3,'',6,192),(2238,'2021-05-31 06:00:22.606858','195','+919980336600',3,'',6,192),(2239,'2021-05-31 06:01:03.760413','591','591 Chicken Thigh',3,'',22,192),(2240,'2021-05-31 06:01:03.762925','590','590 Chicken Breast',3,'',22,192),(2241,'2021-05-31 06:01:03.764953','589','589 Wings',3,'',22,192),(2242,'2021-05-31 06:01:03.766531','588','588 Sea Bass',3,'',22,192),(2243,'2021-05-31 06:01:03.768677','587','587 Whole Lamb',3,'',22,192),(2244,'2021-05-31 06:01:03.770172','586','586 Chicken Keema',3,'',22,192),(2245,'2021-05-31 06:01:03.772528','585','585 Chicken Breast',3,'',22,192),(2246,'2021-05-31 06:01:03.773973','584','584 Chicken Thigh',3,'',22,192),(2247,'2021-05-31 06:01:03.775963','583','583 Chicken Breast',3,'',22,192),(2248,'2021-05-31 06:01:03.777487','582','582 Chicken Breast',3,'',22,192),(2249,'2021-05-31 06:01:03.779507','581','581 Chicken Thigh',3,'',22,192),(2250,'2021-05-31 06:01:03.780899','580','580 Chicken Breast',3,'',22,192),(2251,'2021-05-31 06:01:03.782456','579','579 Chicken Thigh',3,'',22,192),(2252,'2021-05-31 06:01:03.784500','578','578 Chicken Breast',3,'',22,192),(2253,'2021-05-31 06:01:03.785963','577','577 Chicken Thigh',3,'',22,192),(2254,'2021-05-31 06:01:03.787988','576','576 Chicken Breast',3,'',22,192),(2255,'2021-05-31 06:01:03.789603','575','575 Chicken Breast',3,'',22,192),(2256,'2021-05-31 06:01:03.791763','574','574 Chicken Breast',3,'',22,192),(2257,'2021-05-31 06:01:03.793167','573','573 Wings',3,'',22,192),(2258,'2021-05-31 06:01:03.794691','572','572 Chicken Thigh',3,'',22,192),(2259,'2021-05-31 06:01:03.796673','571','571 Chicken Thigh',3,'',22,192),(2260,'2021-05-31 06:01:03.798043','570','570 Chicken Breast',3,'',22,192),(2261,'2021-05-31 06:01:03.800002','569','569 Chicken Niblets',3,'',22,192),(2262,'2021-05-31 06:01:03.801434','568','568 Chicken Thigh',3,'',22,192),(2263,'2021-05-31 06:01:03.803991','567','567 Chicken Thigh',3,'',22,192),(2264,'2021-05-31 06:01:03.805642','566','566 Chicken Thigh',3,'',22,192),(2265,'2021-05-31 06:01:03.807619','565','565 Chicken Breast',3,'',22,192),(2266,'2021-05-31 06:01:03.809225','564','564 Chicken Thigh',3,'',22,192),(2267,'2021-05-31 06:01:03.810872','563','563 Chicken Niblets',3,'',22,192),(2268,'2021-05-31 06:01:03.812950','562','562 Chicken Wings',3,'',22,192),(2269,'2021-05-31 06:01:03.814495','561','561 Chops',3,'',22,192),(2270,'2021-05-31 06:01:03.816467','560','560 Salmon',3,'',22,192),(2271,'2021-05-31 06:01:03.817933','559','559 Sea Bass',3,'',22,192),(2272,'2021-05-31 06:01:03.820128','558','558 Amina Spice Small',3,'',22,192),(2273,'2021-05-31 06:01:03.821768','557','557 Chicken Drumstick',3,'',22,192),(2274,'2021-05-31 06:01:03.823904','556','556 Chicken Niblets',3,'',22,192),(2275,'2021-05-31 06:01:03.825833','555','555 Chicken Breast',3,'',22,192),(2276,'2021-05-31 06:01:03.827970','554','554 Chicken Thigh',3,'',22,192),(2277,'2021-05-31 06:01:03.829574','553','553 Chicken Breast',3,'',22,192),(2278,'2021-05-31 06:01:03.831609','552','552 Chicken Breast',3,'',22,192),(2279,'2021-05-31 06:01:03.833303','551','551 Chicken Thigh',3,'',22,192),(2280,'2021-05-31 06:01:03.835513','550','550 Chicken Niblets',3,'',22,192),(2281,'2021-05-31 06:01:03.837340','549','549 Chicken Thigh',3,'',22,192),(2282,'2021-05-31 06:01:03.839566','548','548 Chicken Thigh',3,'',22,192),(2283,'2021-05-31 06:01:03.841395','547','547 Chicken Breast',3,'',22,192),(2284,'2021-05-31 06:01:03.843558','546','546 Chicken Wings',3,'',22,192),(2285,'2021-05-31 06:01:03.845136','545','545 Chicken Niblets',3,'',22,192),(2286,'2021-05-31 06:01:03.846750','544','544 Chicken Thigh',3,'',22,192),(2287,'2021-05-31 06:01:03.848825','543','543 Chicken Breast',3,'',22,192),(2288,'2021-05-31 06:01:03.850461','542','542 Chicken Thigh',3,'',22,192),(2289,'2021-05-31 06:01:03.852453','541','541 Chicken Breast',3,'',22,192),(2290,'2021-05-31 06:01:03.853973','540','540 Amina Spice Small',3,'',22,192),(2291,'2021-05-31 06:01:03.855958','539','539 Chops',3,'',22,192),(2292,'2021-05-31 06:01:03.857584','538','538 Salmon',3,'',22,192),(2293,'2021-05-31 06:01:03.859658','537','537 Lamb Shoulder',3,'',22,192),(2294,'2021-05-31 06:01:03.861360','536','536 Chicken Breast',3,'',22,192),(2295,'2021-05-31 06:01:03.863572','535','535 Beef T Bone',3,'',22,192),(2296,'2021-05-31 06:01:03.865205','534','534 Chicken Thigh',3,'',22,192),(2297,'2021-05-31 06:01:03.867435','533','533 Chicken Breast',3,'',22,192),(2298,'2021-05-31 06:01:03.868993','532','532 Chicken Niblets',3,'',22,192),(2299,'2021-05-31 06:01:03.870659','531','531 Chicken Thigh',3,'',22,192),(2300,'2021-05-31 06:01:03.872521','530','530 Chicken Breast',3,'',22,192),(2301,'2021-05-31 06:01:03.874000','529','529 Chicken Wings',3,'',22,192),(2302,'2021-05-31 06:01:03.875932','528','528 Chicken Niblets',3,'',22,192),(2303,'2021-05-31 06:01:03.877458','527','527 Chicken Thigh',3,'',22,192),(2304,'2021-05-31 06:01:03.879488','526','526 Chicken Breast',3,'',22,192),(2305,'2021-05-31 06:01:03.880963','525','525 Chicken Thigh',3,'',22,192),(2306,'2021-05-31 06:01:03.882523','524','524 Chicken Breast',3,'',22,192),(2307,'2021-05-31 06:01:03.884626','523','523 Chicken Niblets',3,'',22,192),(2308,'2021-05-31 06:01:03.886306','522','522 Chicken Thigh',3,'',22,192),(2309,'2021-05-31 06:01:03.888497','521','521 Chicken Breast',3,'',22,192),(2310,'2021-05-31 06:01:03.890235','520','520 Chicken Niblets',3,'',22,192),(2311,'2021-05-31 06:01:03.892285','519','519 Chicken Thigh',3,'',22,192),(2312,'2021-05-31 06:01:03.893946','518','518 Chicken Breast',3,'',22,192),(2313,'2021-05-31 06:01:03.896172','517','517 Chicken Thigh',3,'',22,192),(2314,'2021-05-31 06:01:03.897986','516','516 Chicken Breast',3,'',22,192),(2315,'2021-05-31 06:01:03.900049','515','515 Wings',3,'',22,192),(2316,'2021-05-31 06:01:03.901586','514','514 Chops',3,'',22,192),(2317,'2021-05-31 06:01:03.903887','513','513 Chicken Niblets',3,'',22,192),(2318,'2021-05-31 06:01:03.905758','512','512 Chicken Breast',3,'',22,192),(2319,'2021-05-31 06:01:03.908044','511','511 Chicken Niblets',3,'',22,192),(2320,'2021-05-31 06:01:03.909636','510','510 Chicken Breast',3,'',22,192),(2321,'2021-05-31 06:01:03.911789','509','509 Half Chicken',3,'',22,192),(2322,'2021-05-31 06:01:03.913523','508','508 Chicken Niblets',3,'',22,192),(2323,'2021-05-31 06:01:03.915826','507','507 Chicken Thigh',3,'',22,192),(2324,'2021-05-31 06:01:03.917613','506','506 Chicken Breast',3,'',22,192),(2325,'2021-05-31 06:01:03.919886','505','505 Chicken Liver',3,'',22,192),(2326,'2021-05-31 06:01:03.921504','504','504 Chicken Keema',3,'',22,192),(2327,'2021-05-31 06:01:03.923551','503','503 Chicken Drumstick',3,'',22,192),(2328,'2021-05-31 06:01:03.925155','502','502 Chicken Wings',3,'',22,192),(2329,'2021-05-31 06:01:03.926790','501','501 Chicken Niblets',3,'',22,192),(2330,'2021-05-31 06:01:03.928834','500','500 Chicken Thigh',3,'',22,192),(2331,'2021-05-31 06:01:03.930509','499','499 Chicken Drumstick',3,'',22,192),(2332,'2021-05-31 06:01:03.932634','498','498 Chicken Wings',3,'',22,192),(2333,'2021-05-31 06:01:03.934563','497','497 Chicken Niblets',3,'',22,192),(2334,'2021-05-31 06:01:03.936851','496','496 Chicken Thigh',3,'',22,192),(2335,'2021-05-31 06:01:03.938567','495','495 Chicken Breast',3,'',22,192),(2336,'2021-05-31 06:01:24.475724','209','209',3,'',21,192),(2337,'2021-05-31 06:01:24.478791','208','208',3,'',21,192),(2338,'2021-05-31 06:01:24.480830','207','207',3,'',21,192),(2339,'2021-05-31 06:01:24.482319','206','206',3,'',21,192),(2340,'2021-05-31 06:01:24.484256','205','205',3,'',21,192),(2341,'2021-05-31 06:01:24.485675','204','204',3,'',21,192),(2342,'2021-05-31 06:01:24.487920','203','203',3,'',21,192),(2343,'2021-05-31 06:01:24.489312','202','202',3,'',21,192),(2344,'2021-05-31 06:01:24.490719','201','201',3,'',21,192),(2345,'2021-05-31 06:01:24.492587','200','200',3,'',21,192),(2346,'2021-05-31 06:01:24.494473','199','199',3,'',21,192),(2347,'2021-05-31 06:01:24.496299','198','198',3,'',21,192),(2348,'2021-05-31 06:01:24.497793','197','197',3,'',21,192),(2349,'2021-05-31 06:01:24.499889','196','196',3,'',21,192),(2350,'2021-05-31 06:01:24.501362','195','195',3,'',21,192),(2351,'2021-05-31 06:01:24.502837','194','194',3,'',21,192),(2352,'2021-05-31 06:01:24.504847','193','193',3,'',21,192),(2353,'2021-05-31 06:01:24.506275','192','192',3,'',21,192),(2354,'2021-05-31 06:01:24.508324','191','191',3,'',21,192),(2355,'2021-05-31 06:01:24.509742','190','190',3,'',21,192),(2356,'2021-05-31 06:01:24.511760','189','189',3,'',21,192),(2357,'2021-05-31 06:01:24.513327','188','188',3,'',21,192),(2358,'2021-05-31 06:01:24.514719','187','187',3,'',21,192),(2359,'2021-05-31 06:01:24.516767','186','186',3,'',21,192),(2360,'2021-05-31 06:01:24.518249','185','185',3,'',21,192),(2361,'2021-05-31 06:01:24.520311','184','184',3,'',21,192),(2362,'2021-05-31 06:01:24.521787','183','183',3,'',21,192),(2363,'2021-05-31 06:01:24.527120','182','182',3,'',21,192),(2364,'2021-05-31 06:01:24.529154','181','181',3,'',21,192),(2365,'2021-05-31 06:01:24.530572','180','180',3,'',21,192),(2366,'2021-05-31 06:01:24.532461','179','179',3,'',21,192),(2367,'2021-05-31 06:01:24.533836','178','178',3,'',21,192),(2368,'2021-05-31 06:01:24.535842','177','177',3,'',21,192),(2369,'2021-05-31 06:01:24.537376','176','176',3,'',21,192),(2370,'2021-05-31 06:01:24.538830','175','175',3,'',21,192),(2371,'2021-05-31 06:01:24.540719','174','174',3,'',21,192),(2372,'2021-05-31 06:01:24.542183','173','173',3,'',21,192),(2373,'2021-05-31 06:02:51.941560','242','+44Airline',3,'',6,192),(2374,'2021-05-31 06:02:51.944822','241','+917032208571',3,'',6,192),(2375,'2021-05-31 06:02:51.946446','240','+447411295755',3,'',6,192),(2376,'2021-05-31 06:02:51.948319','239','+919154191554',3,'',6,192),(2377,'2021-05-31 06:02:51.949778','238','+447735907661',3,'',6,192),(2378,'2021-05-31 06:02:51.951931','237','+441234567890',3,'',6,192),(2379,'2021-05-31 06:02:51.953429','236','+911234',3,'',6,192),(2380,'2021-05-31 06:02:51.955514','235','+440896666566',3,'',6,192),(2381,'2021-05-31 06:02:51.957017','234','+917780238571',3,'',6,192),(2382,'2021-05-31 06:02:51.958567','233','+447894669054',3,'',6,192),(2383,'2021-05-31 06:02:51.960642','232','+917017287776',3,'',6,192),(2384,'2021-05-31 06:02:51.962171','231','+919052402273',3,'',6,192),(2385,'2021-05-31 06:02:51.964312','230','+919456227835',3,'',6,192),(2386,'2021-05-31 06:02:51.965892','229','+9199980336600',3,'',6,192),(2387,'2021-05-31 06:02:51.968234','228','+919449134083',3,'',6,192),(2388,'2021-05-31 06:02:51.970089','227','+448888888885',3,'',6,192),(2389,'2021-05-31 06:02:51.972316','226','+448888888880',3,'',6,192),(2390,'2021-05-31 06:02:51.974059','225','+919831057693',3,'',6,192),(2391,'2021-05-31 06:02:51.976236','224','+917777777777',3,'',6,192),(2392,'2021-05-31 06:02:51.977723','223','+919759203030',3,'',6,192),(2393,'2021-05-31 06:02:51.979669','222','+919148278005',3,'',6,192),(2394,'2021-05-31 06:02:51.981004','221','+919751057693',3,'',6,192),(2395,'2021-05-31 06:02:51.982397','220','+91973157693',3,'',6,192),(2396,'2021-05-31 06:02:51.984376','219','9999999990',3,'',6,192),(2397,'2021-05-31 06:02:51.985928','218','+91878787878',3,'',6,192),(2398,'2021-05-31 06:02:51.988025','217','7466014455',3,'',6,192),(2399,'2021-05-31 06:02:51.989472','216','+919731057693',3,'',6,192),(2400,'2021-05-31 06:02:51.991347','215','+917892517113',3,'',6,192),(2401,'2021-05-31 06:02:51.992780','214','+448088131350',3,'',6,192),(2402,'2021-05-31 06:02:51.994371','213','+9180881131350',3,'',6,192),(2403,'2021-05-31 06:02:51.996649','212','+447406352615',3,'',6,192),(2404,'2021-05-31 06:02:51.998308','211','+917406352615',3,'',6,192),(2405,'2021-05-31 06:02:52.000301','210','+918892419060',3,'',6,192),(2406,'2021-05-31 06:02:52.001719','209','+911234567890',3,'',6,192),(2407,'2021-05-31 06:02:52.003781','208','+917417674755',3,'',6,192),(2408,'2021-05-31 06:02:52.005139','207','+91222222222222',3,'',6,192),(2409,'2021-05-31 06:02:52.006775','206','+919535600293',3,'',6,192),(2410,'2021-05-31 06:02:52.008904','205','+447466014455',3,'',6,192),(2411,'2021-05-31 06:02:52.012605','204','+447835790779',3,'',6,192),(2412,'2021-05-31 06:02:52.014105','203','+918888888888',3,'',6,192),(2413,'2021-05-31 06:02:52.016238','202','+919999999999',3,'',6,192),(2414,'2021-05-31 06:02:52.017797','201','+918080808080',3,'',6,192),(2415,'2021-05-31 06:02:52.020022','200','+919090909090',3,'',6,192),(2416,'2021-05-31 06:02:52.021431','198','+447411295655',3,'',6,192),(2417,'2021-05-31 06:02:52.023367','197','+918088131350',3,'',6,192),(2418,'2021-05-31 06:02:52.025024','196','+919090944264',3,'',6,192),(2419,'2021-05-31 06:02:52.026671','195','+919980336600',3,'',6,192),(2420,'2021-05-31 06:13:39.837580','6','Banner 1',2,'[{\"changed\": {\"fields\": [\"image\"]}}]',26,192),(2421,'2021-05-31 06:14:54.412977','9','Banner 4',2,'[{\"changed\": {\"fields\": [\"image\"]}}]',26,192),(2422,'2021-05-31 06:15:06.996190','8','Banner 3',2,'[{\"changed\": {\"fields\": [\"image\"]}}]',26,192),(2423,'2021-05-31 06:15:19.324238','7','Banner 2',2,'[{\"changed\": {\"fields\": [\"image\"]}}]',26,192),(2424,'2021-06-02 02:59:19.945029','248','07835790779',3,'',6,192),(2425,'2021-06-02 02:59:19.948926','247','+44Doctor',3,'',6,192),(2426,'2021-06-02 02:59:19.950563','246','+44iPhone',3,'',6,192),(2427,'2021-06-02 02:59:19.952716','245','+918088131350',3,'',6,192),(2428,'2021-06-02 02:59:19.954371','244','+91808813150',3,'',6,192),(2429,'2021-06-02 03:06:31.538777','252','+918088131350',3,'',6,192),(2430,'2021-06-03 10:24:37.233821','254','+44Airline',3,'',6,192),(2431,'2021-06-03 10:25:41.831944','8','Banner 3',2,'[{\"changed\": {\"fields\": [\"image\"]}}]',26,192),(2432,'2021-06-03 10:26:11.939888','6','Banner 1',2,'[{\"changed\": {\"fields\": [\"image\"]}}]',26,192),(2433,'2021-06-06 04:16:44.999566','260','+447466014455',3,'',6,192),(2434,'2021-06-06 04:16:52.754136','257','+44Airline',3,'',6,192),(2435,'2021-06-06 04:26:33.188527','264','+919980336600',3,'',6,192),(2436,'2021-06-06 04:27:03.492263','10','Home page banner',1,'[{\"added\": {}}]',26,192),(2437,'2021-06-06 04:27:32.783263','10','Home page banner',3,'',26,192),(2438,'2021-11-23 14:48:05.007511','6','Banner 1',2,'[{\"changed\": {\"fields\": [\"image\"]}}]',26,192);
/*!40000 ALTER TABLE `django_admin_log` ENABLE KEYS */;
UNLOCK TABLES;

--
-- Table structure for table `django_content_type`
--

DROP TABLE IF EXISTS `django_content_type`;
/*!40101 SET @saved_cs_client     = @@character_set_client */;
/*!50503 SET character_set_client = utf8mb4 */;
CREATE TABLE `django_content_type` (
  `id` int NOT NULL AUTO_INCREMENT,
  `app_label` varchar(100) NOT NULL,
  `model` varchar(100) NOT NULL,
  PRIMARY KEY (`id`),
  UNIQUE KEY `django_content_type_app_label_model_76bd3d3b_uniq` (`app_label`,`model`)
) ENGINE=InnoDB AUTO_INCREMENT=27 DEFAULT CHARSET=latin1;
/*!40101 SET character_set_client = @saved_cs_client */;

--
-- Dumping data for table `django_content_type`
--

LOCK TABLES `django_content_type` WRITE;
/*!40000 ALTER TABLE `django_content_type` DISABLE KEYS */;
INSERT INTO `django_content_type` VALUES (1,'admin','logentry'),(3,'auth','group'),(2,'auth','permission'),(9,'category','booking'),(10,'category','categorydata'),(21,'category','orderdata'),(22,'category','orderservices'),(18,'category','settingdata'),(11,'category','subcategorydata'),(12,'category','vendorcategorydata'),(19,'category','vendorofferdata'),(17,'category','vendorsubcategorydata'),(4,'contenttypes','contenttype'),(13,'payment','invoice'),(5,'sessions','session'),(23,'user','addressdata'),(24,'user','adminuserdata'),(26,'user','bannerdata'),(25,'user','chargesettingdata'),(14,'user','executivedata'),(20,'user','optiondata'),(7,'user','otpdata'),(6,'user','user'),(16,'user','vendorcertificatedata'),(8,'user','vendordata'),(15,'user','vendorimagedata');
/*!40000 ALTER TABLE `django_content_type` ENABLE KEYS */;
UNLOCK TABLES;

--
-- Table structure for table `django_migrations`
--

DROP TABLE IF EXISTS `django_migrations`;
/*!40101 SET @saved_cs_client     = @@character_set_client */;
/*!50503 SET character_set_client = utf8mb4 */;
CREATE TABLE `django_migrations` (
  `id` int NOT NULL AUTO_INCREMENT,
  `app` varchar(255) NOT NULL,
  `name` varchar(255) NOT NULL,
  `applied` datetime(6) NOT NULL,
  PRIMARY KEY (`id`)
) ENGINE=InnoDB AUTO_INCREMENT=71 DEFAULT CHARSET=latin1;
/*!40101 SET character_set_client = @saved_cs_client */;

--
-- Dumping data for table `django_migrations`
--

LOCK TABLES `django_migrations` WRITE;
/*!40000 ALTER TABLE `django_migrations` DISABLE KEYS */;
INSERT INTO `django_migrations` VALUES (1,'contenttypes','0001_initial','2020-05-22 07:48:18.433023'),(2,'contenttypes','0002_remove_content_type_name','2020-05-22 07:48:18.516637'),(3,'auth','0001_initial','2020-05-22 07:48:18.854789'),(4,'auth','0002_alter_permission_name_max_length','2020-05-22 07:48:18.872091'),(5,'auth','0003_alter_user_email_max_length','2020-05-22 07:48:18.883586'),(6,'auth','0004_alter_user_username_opts','2020-05-22 07:48:18.894444'),(7,'auth','0005_alter_user_last_login_null','2020-05-22 07:48:18.905397'),(8,'auth','0006_require_contenttypes_0002','2020-05-22 07:48:18.910062'),(9,'auth','0007_alter_validators_add_error_messages','2020-05-22 07:48:18.921097'),(10,'auth','0008_alter_user_username_max_length','2020-05-22 07:48:18.931717'),(11,'auth','0009_alter_user_last_name_max_length','2020-05-22 07:48:18.942410'),(12,'user','0001_initial','2020-05-22 07:48:19.343147'),(13,'admin','0001_initial','2020-05-22 07:48:19.463674'),(14,'admin','0002_logentry_remove_auto_add','2020-05-22 07:48:19.478907'),(15,'user','0002_auto_20200519_0735','2020-05-22 07:48:19.588229'),(16,'user','0003_vendordata','2020-05-22 07:48:19.722024'),(17,'payment','0001_initial','2020-05-22 07:48:19.753123'),(18,'category','0001_initial','2020-05-22 07:48:20.756820'),(19,'category','0002_auto_20200521_0533','2020-05-22 07:48:20.788484'),(20,'category','0003_auto_20200521_0555','2020-05-22 07:48:20.801934'),(21,'sessions','0001_initial','2020-05-22 07:48:20.880711'),(22,'user','0004_auto_20200521_0643','2020-05-22 07:48:21.079255'),(23,'user','0005_auto_20200524_0553','2020-05-24 05:53:23.914859'),(24,'user','0006_user_gender','2020-05-26 13:51:30.533254'),(25,'user','0007_auto_20200527_1546','2020-05-27 15:46:52.350869'),(26,'user','0008_auto_20200529_1147','2020-05-29 11:47:18.728341'),(27,'category','0004_auto_20200602_0909','2020-06-02 09:09:43.047934'),(28,'category','0005_settingdata','2020-06-07 12:21:32.244035'),(29,'user','0009_auto_20200607_1221','2020-06-07 12:21:32.503073'),(30,'user','0010_executivedata_rating','2020-06-07 14:56:39.943124'),(31,'category','0006_vendorsubcategorydata_offer_price','2020-06-09 05:22:20.573324'),(32,'user','0011_auto_20200609_0522','2020-06-09 05:22:20.749015'),(33,'user','0012_auto_20200609_0904','2020-06-09 09:04:37.628063'),(34,'category','0007_vendorofferdata','2020-06-10 14:57:09.131353'),(35,'category','0008_vendorofferdata_description','2020-06-10 15:29:33.064559'),(36,'user','0013_auto_20200623_0747','2020-06-23 07:47:17.886683'),(37,'category','0009_auto_20200626_1212','2020-06-26 12:12:27.890543'),(38,'category','0010_auto_20200629_1207','2020-06-29 12:07:24.322620'),(39,'category','0011_auto_20200703_1351','2020-07-03 12:51:45.447547'),(40,'category','0012_auto_20200704_1326','2020-07-04 12:26:29.304809'),(41,'user','0014_user_is_profile_completed','2020-07-04 12:26:29.400425'),(42,'user','0015_addressdata','2020-07-09 07:23:52.958189'),(43,'user','0016_addressdata_landmark','2020-07-09 10:11:46.224748'),(44,'user','0017_executivedata_is_available','2020-07-14 12:54:40.932170'),(45,'category','0013_auto_20200715_1356','2020-07-15 12:56:24.799990'),(46,'category','0014_auto_20200722_1708','2020-07-22 16:08:51.652365'),(47,'category','0015_auto_20200722_1715','2020-07-22 16:15:24.729841'),(48,'category','0016_auto_20200723_0946','2020-07-23 08:46:10.160026'),(49,'category','0017_orderdata_delivery_image','2020-07-29 12:57:27.617291'),(50,'category','0018_orderdata_assigned_executive','2020-08-07 12:06:18.256048'),(51,'category','0019_auto_20200810_0710','2020-08-10 06:10:58.331526'),(52,'category','0020_auto_20200813_1206','2020-08-13 11:06:25.306786'),(53,'user','0018_auto_20200813_1206','2020-08-13 11:06:25.755207'),(54,'user','0019_auto_20200817_0829','2020-08-17 07:29:36.716588'),(55,'user','0020_auto_20200920_1144','2020-09-20 10:44:28.370482'),(56,'category','0021_auto_20201015_1321','2020-10-15 12:21:26.631822'),(57,'user','0021_chargesettingdata','2020-10-15 12:21:26.648150'),(58,'user','0022_auto_20201017_0742','2020-10-17 06:43:07.494305'),(59,'user','0023_bannerdata','2020-11-07 06:48:59.091866'),(60,'user','0024_user_stripe_customer_id','2021-04-14 04:16:51.810048'),(61,'category','0022_orderdata_payment_status','2021-04-14 05:38:47.001410'),(62,'category','0023_auto_20210510_0705','2021-05-10 06:06:02.697070'),(63,'category','0024_auto_20210511_0459','2021-05-11 03:59:46.226383'),(64,'user','0025_vendordata_meat4all_per','2021-05-11 03:59:46.299730'),(65,'category','0025_orderdata_meat4all_driver_amount','2021-05-11 04:16:39.448348'),(66,'category','0026_orderdata_stripe_payment_id','2021-05-13 13:41:22.136036'),(67,'admin','0003_logentry_add_action_flag_choices','2021-11-25 21:17:29.186512'),(68,'auth','0010_alter_group_name_max_length','2021-11-25 21:17:29.224288'),(69,'auth','0011_update_proxy_permissions','2021-11-25 21:17:29.268022'),(70,'auth','0012_alter_user_first_name_max_length','2021-11-25 21:49:29.896803');
/*!40000 ALTER TABLE `django_migrations` ENABLE KEYS */;
UNLOCK TABLES;

--
-- Table structure for table `django_session`
--

DROP TABLE IF EXISTS `django_session`;
/*!40101 SET @saved_cs_client     = @@character_set_client */;
/*!50503 SET character_set_client = utf8mb4 */;
CREATE TABLE `django_session` (
  `session_key` varchar(40) NOT NULL,
  `session_data` longtext NOT NULL,
  `expire_date` datetime(6) NOT NULL,
  PRIMARY KEY (`session_key`),
  KEY `django_session_expire_date_a5c62663` (`expire_date`)
) ENGINE=InnoDB DEFAULT CHARSET=latin1;
/*!40101 SET character_set_client = @saved_cs_client */;

--
-- Dumping data for table `django_session`
--

LOCK TABLES `django_session` WRITE;
/*!40000 ALTER TABLE `django_session` DISABLE KEYS */;
INSERT INTO `django_session` VALUES ('0k79nicl6j4k4r8ds2eobqr52wu9yukb','NzJkNDU3OTM1MjE2MDZiYjcxZTBjMDk2YjQ1MGM4OTA2ODdjMDgxMDp7Il9hdXRoX3VzZXJfaWQiOiIzIiwiX2F1dGhfdXNlcl9iYWNrZW5kIjoiZGphbmdvLmNvbnRyaWIuYXV0aC5iYWNrZW5kcy5Nb2RlbEJhY2tlbmQiLCJfYXV0aF91c2VyX2hhc2giOiJmOTQ5NWUzMTM5Mjg5YTQ4MzdjY2RlZmQyOWQ5MmQ5OGJmNzhhYjdiIn0=','2020-09-02 06:21:00.552754'),('0q38iqtm8rcze9kk9p8wagobei9lu2ev','NzJkNDU3OTM1MjE2MDZiYjcxZTBjMDk2YjQ1MGM4OTA2ODdjMDgxMDp7Il9hdXRoX3VzZXJfaWQiOiIzIiwiX2F1dGhfdXNlcl9iYWNrZW5kIjoiZGphbmdvLmNvbnRyaWIuYXV0aC5iYWNrZW5kcy5Nb2RlbEJhY2tlbmQiLCJfYXV0aF91c2VyX2hhc2giOiJmOTQ5NWUzMTM5Mjg5YTQ4MzdjY2RlZmQyOWQ5MmQ5OGJmNzhhYjdiIn0=','2021-07-21 15:53:31.716761'),('0z03blq6w9zu1ew3feu3iudywt0mxi2t','NzJkNDU3OTM1MjE2MDZiYjcxZTBjMDk2YjQ1MGM4OTA2ODdjMDgxMDp7Il9hdXRoX3VzZXJfaWQiOiIzIiwiX2F1dGhfdXNlcl9iYWNrZW5kIjoiZGphbmdvLmNvbnRyaWIuYXV0aC5iYWNrZW5kcy5Nb2RlbEJhY2tlbmQiLCJfYXV0aF91c2VyX2hhc2giOiJmOTQ5NWUzMTM5Mjg5YTQ4MzdjY2RlZmQyOWQ5MmQ5OGJmNzhhYjdiIn0=','2020-06-12 05:08:48.677513'),('103pdiyeuc2fgeoa3tpidrqz6oljf0ws','MTI5MTU3YmM5MzlhNWM5ZmY0NzkyYmUzZmFmMDQ1NzRhZmIxYTc0MDp7Il9hdXRoX3VzZXJfaWQiOiI0IiwiX2F1dGhfdXNlcl9iYWNrZW5kIjoiZGphbmdvLmNvbnRyaWIuYXV0aC5iYWNrZW5kcy5Nb2RlbEJhY2tlbmQiLCJfYXV0aF91c2VyX2hhc2giOiI0ODA5OGM3OTAyY2Y4N2IzYzU3ZmIzZGEzODJiMjlhNjQ1ZTZhNTUzIn0=','2020-10-31 11:55:25.523953'),('1bxihyejwsj41ow37z08uiryy4fvssis','ZWFlYTg2NTU5YTMwOGJjNGNhZTQzMzEzNjQwNDdmNGQ5NjUzOTQxNTp7Il9hdXRoX3VzZXJfaWQiOiIzIiwiX2F1dGhfdXNlcl9iYWNrZW5kIjoiZGphbmdvLmNvbnRyaWIuYXV0aC5iYWNrZW5kcy5Nb2RlbEJhY2tlbmQiLCJfYXV0aF91c2VyX2hhc2giOiI2N2NkZDAzNTc5YWRkMGJjNTE5Y2M4YzJjOWQ1NWQ5MmZjYTUwMjJhIn0=','2021-12-09 21:09:53.388860'),('1c1jxkyascqp4uef7xlai03rsd9np8o7','NzJkNDU3OTM1MjE2MDZiYjcxZTBjMDk2YjQ1MGM4OTA2ODdjMDgxMDp7Il9hdXRoX3VzZXJfaWQiOiIzIiwiX2F1dGhfdXNlcl9iYWNrZW5kIjoiZGphbmdvLmNvbnRyaWIuYXV0aC5iYWNrZW5kcy5Nb2RlbEJhY2tlbmQiLCJfYXV0aF91c2VyX2hhc2giOiJmOTQ5NWUzMTM5Mjg5YTQ4MzdjY2RlZmQyOWQ5MmQ5OGJmNzhhYjdiIn0=','2020-12-06 08:09:28.926756'),('1jsv32nn9s5iw4ikk5sf6yeajdnd5zqc','MTI5MTU3YmM5MzlhNWM5ZmY0NzkyYmUzZmFmMDQ1NzRhZmIxYTc0MDp7Il9hdXRoX3VzZXJfaWQiOiI0IiwiX2F1dGhfdXNlcl9iYWNrZW5kIjoiZGphbmdvLmNvbnRyaWIuYXV0aC5iYWNrZW5kcy5Nb2RlbEJhY2tlbmQiLCJfYXV0aF91c2VyX2hhc2giOiI0ODA5OGM3OTAyY2Y4N2IzYzU3ZmIzZGEzODJiMjlhNjQ1ZTZhNTUzIn0=','2020-06-23 09:05:44.292054'),('1lw37nzhlt19syeyzkm68ropqcal537e','NzJkNDU3OTM1MjE2MDZiYjcxZTBjMDk2YjQ1MGM4OTA2ODdjMDgxMDp7Il9hdXRoX3VzZXJfaWQiOiIzIiwiX2F1dGhfdXNlcl9iYWNrZW5kIjoiZGphbmdvLmNvbnRyaWIuYXV0aC5iYWNrZW5kcy5Nb2RlbEJhY2tlbmQiLCJfYXV0aF91c2VyX2hhc2giOiJmOTQ5NWUzMTM5Mjg5YTQ4MzdjY2RlZmQyOWQ5MmQ5OGJmNzhhYjdiIn0=','2020-07-08 09:37:10.278450'),('2d32b03ynyvrq8v1f8anhpuecrhg0jgx','NzJkNDU3OTM1MjE2MDZiYjcxZTBjMDk2YjQ1MGM4OTA2ODdjMDgxMDp7Il9hdXRoX3VzZXJfaWQiOiIzIiwiX2F1dGhfdXNlcl9iYWNrZW5kIjoiZGphbmdvLmNvbnRyaWIuYXV0aC5iYWNrZW5kcy5Nb2RlbEJhY2tlbmQiLCJfYXV0aF91c2VyX2hhc2giOiJmOTQ5NWUzMTM5Mjg5YTQ4MzdjY2RlZmQyOWQ5MmQ5OGJmNzhhYjdiIn0=','2021-04-28 07:50:43.764065'),('2dfng3hhpuj5e2osjc96x217jkxxxu9x','NzJkNDU3OTM1MjE2MDZiYjcxZTBjMDk2YjQ1MGM4OTA2ODdjMDgxMDp7Il9hdXRoX3VzZXJfaWQiOiIzIiwiX2F1dGhfdXNlcl9iYWNrZW5kIjoiZGphbmdvLmNvbnRyaWIuYXV0aC5iYWNrZW5kcy5Nb2RlbEJhY2tlbmQiLCJfYXV0aF91c2VyX2hhc2giOiJmOTQ5NWUzMTM5Mjg5YTQ4MzdjY2RlZmQyOWQ5MmQ5OGJmNzhhYjdiIn0=','2020-08-24 16:53:22.290945'),('2n9jv671qy80hj1dqd2nfg7ef115g2y4','MTI5MTU3YmM5MzlhNWM5ZmY0NzkyYmUzZmFmMDQ1NzRhZmIxYTc0MDp7Il9hdXRoX3VzZXJfaWQiOiI0IiwiX2F1dGhfdXNlcl9iYWNrZW5kIjoiZGphbmdvLmNvbnRyaWIuYXV0aC5iYWNrZW5kcy5Nb2RlbEJhY2tlbmQiLCJfYXV0aF91c2VyX2hhc2giOiI0ODA5OGM3OTAyY2Y4N2IzYzU3ZmIzZGEzODJiMjlhNjQ1ZTZhNTUzIn0=','2020-08-24 06:16:28.084847'),('2sdzl16agl8va64zukto6pwqkt09n7bw','NzJkNDU3OTM1MjE2MDZiYjcxZTBjMDk2YjQ1MGM4OTA2ODdjMDgxMDp7Il9hdXRoX3VzZXJfaWQiOiIzIiwiX2F1dGhfdXNlcl9iYWNrZW5kIjoiZGphbmdvLmNvbnRyaWIuYXV0aC5iYWNrZW5kcy5Nb2RlbEJhY2tlbmQiLCJfYXV0aF91c2VyX2hhc2giOiJmOTQ5NWUzMTM5Mjg5YTQ4MzdjY2RlZmQyOWQ5MmQ5OGJmNzhhYjdiIn0=','2021-07-12 13:44:09.876605'),('2t3wt5jp8amz6qp8abkirl9wplbsvapy','NzJkNDU3OTM1MjE2MDZiYjcxZTBjMDk2YjQ1MGM4OTA2ODdjMDgxMDp7Il9hdXRoX3VzZXJfaWQiOiIzIiwiX2F1dGhfdXNlcl9iYWNrZW5kIjoiZGphbmdvLmNvbnRyaWIuYXV0aC5iYWNrZW5kcy5Nb2RlbEJhY2tlbmQiLCJfYXV0aF91c2VyX2hhc2giOiJmOTQ5NWUzMTM5Mjg5YTQ4MzdjY2RlZmQyOWQ5MmQ5OGJmNzhhYjdiIn0=','2021-10-27 19:14:37.168315'),('2uueikw2wuium0yn0o0qvzgbog6v9pyp','YzcyZTIwZTVlYTgxZGRjN2MzZjUxYjVjZWRhMDc3YWU1NGU5NzFkMDp7Il9hdXRoX3VzZXJfaWQiOiI0IiwiX2F1dGhfdXNlcl9iYWNrZW5kIjoiZGphbmdvLmNvbnRyaWIuYXV0aC5iYWNrZW5kcy5Nb2RlbEJhY2tlbmQiLCJfYXV0aF91c2VyX2hhc2giOiI3N2UyYTM3MTQ0NWZmOGNmZTAwZmY0MjdiOTZkODI0ZjUyMzlmYmY1In0=','2020-11-21 06:54:15.787558'),('2zo02fmch99nff30xo2vdp3v4hq4djoi','NzJkNDU3OTM1MjE2MDZiYjcxZTBjMDk2YjQ1MGM4OTA2ODdjMDgxMDp7Il9hdXRoX3VzZXJfaWQiOiIzIiwiX2F1dGhfdXNlcl9iYWNrZW5kIjoiZGphbmdvLmNvbnRyaWIuYXV0aC5iYWNrZW5kcy5Nb2RlbEJhY2tlbmQiLCJfYXV0aF91c2VyX2hhc2giOiJmOTQ5NWUzMTM5Mjg5YTQ4MzdjY2RlZmQyOWQ5MmQ5OGJmNzhhYjdiIn0=','2021-09-07 08:30:05.927869'),('3ahhebzfi5zht6a2uo7xfhwzz5lbphn0','.eJxVjMsOwiAQRf-FtSEMjAO4dN9vaAaY2qqBpI-V8d-1SRe6veec-1I9b-vYb4vM_VTURTl1-t0S54fUHZQ711vTudV1npLeFX3QRXetyPN6uH8HIy_jtwYfJSDbQJA4WPEMGFA8mcFmF40NmVwZKGGEQmdH4A0NYDIjRrSi3h--kTa6:1mqU2m:yy5vyl8i-HW5X856_TrMwZTQkvSOWlv--AzZIldd5Sg','2021-12-10 05:45:08.674149'),('3bj5hfgbv9xqmtv0vd9cr8u2iem9vc0w','MTI5MTU3YmM5MzlhNWM5ZmY0NzkyYmUzZmFmMDQ1NzRhZmIxYTc0MDp7Il9hdXRoX3VzZXJfaWQiOiI0IiwiX2F1dGhfdXNlcl9iYWNrZW5kIjoiZGphbmdvLmNvbnRyaWIuYXV0aC5iYWNrZW5kcy5Nb2RlbEJhY2tlbmQiLCJfYXV0aF91c2VyX2hhc2giOiI0ODA5OGM3OTAyY2Y4N2IzYzU3ZmIzZGEzODJiMjlhNjQ1ZTZhNTUzIn0=','2020-06-20 17:08:13.945421'),('3d3jha7cnyu865vm0gr35v2ghxhnhglz','NzJkNDU3OTM1MjE2MDZiYjcxZTBjMDk2YjQ1MGM4OTA2ODdjMDgxMDp7Il9hdXRoX3VzZXJfaWQiOiIzIiwiX2F1dGhfdXNlcl9iYWNrZW5kIjoiZGphbmdvLmNvbnRyaWIuYXV0aC5iYWNrZW5kcy5Nb2RlbEJhY2tlbmQiLCJfYXV0aF91c2VyX2hhc2giOiJmOTQ5NWUzMTM5Mjg5YTQ4MzdjY2RlZmQyOWQ5MmQ5OGJmNzhhYjdiIn0=','2020-08-03 07:21:50.398304'),('3gsae52nust1e4goy5462nw8px9wozsc','MTI5MTU3YmM5MzlhNWM5ZmY0NzkyYmUzZmFmMDQ1NzRhZmIxYTc0MDp7Il9hdXRoX3VzZXJfaWQiOiI0IiwiX2F1dGhfdXNlcl9iYWNrZW5kIjoiZGphbmdvLmNvbnRyaWIuYXV0aC5iYWNrZW5kcy5Nb2RlbEJhY2tlbmQiLCJfYXV0aF91c2VyX2hhc2giOiI0ODA5OGM3OTAyY2Y4N2IzYzU3ZmIzZGEzODJiMjlhNjQ1ZTZhNTUzIn0=','2020-10-07 05:40:13.217154'),('3iksjkyehk7j24r94wyhsp0ft017piti','NzJkNDU3OTM1MjE2MDZiYjcxZTBjMDk2YjQ1MGM4OTA2ODdjMDgxMDp7Il9hdXRoX3VzZXJfaWQiOiIzIiwiX2F1dGhfdXNlcl9iYWNrZW5kIjoiZGphbmdvLmNvbnRyaWIuYXV0aC5iYWNrZW5kcy5Nb2RlbEJhY2tlbmQiLCJfYXV0aF91c2VyX2hhc2giOiJmOTQ5NWUzMTM5Mjg5YTQ4MzdjY2RlZmQyOWQ5MmQ5OGJmNzhhYjdiIn0=','2021-05-23 08:14:26.528371'),('3laqvc0430lvva7d7h0k79t4t6424zjd','NWI1NjVlN2RlMTQ2MjE1OTQyZGMwNWM4OTNkYzZjMGUzMDQwNzUyNjp7Il9hdXRoX3VzZXJfaWQiOiIxOTIiLCJfYXV0aF91c2VyX2JhY2tlbmQiOiJkamFuZ28uY29udHJpYi5hdXRoLmJhY2tlbmRzLk1vZGVsQmFja2VuZCIsIl9hdXRoX3VzZXJfaGFzaCI6IjljNWJhZDhiYzc0MjU5ZmE1M2I5MDI4YWNiN2UxNDU4NGY0YTdiMWUifQ==','2021-06-14 06:04:08.927561'),('3nipli5s51jzgi3zxc5ttk1pbiq14nzx','NzJkNDU3OTM1MjE2MDZiYjcxZTBjMDk2YjQ1MGM4OTA2ODdjMDgxMDp7Il9hdXRoX3VzZXJfaWQiOiIzIiwiX2F1dGhfdXNlcl9iYWNrZW5kIjoiZGphbmdvLmNvbnRyaWIuYXV0aC5iYWNrZW5kcy5Nb2RlbEJhY2tlbmQiLCJfYXV0aF91c2VyX2hhc2giOiJmOTQ5NWUzMTM5Mjg5YTQ4MzdjY2RlZmQyOWQ5MmQ5OGJmNzhhYjdiIn0=','2020-08-28 17:45:10.589157'),('42m6krl9wpkvsgoq1lysozz3xwemvtkh','YzcyZTIwZTVlYTgxZGRjN2MzZjUxYjVjZWRhMDc3YWU1NGU5NzFkMDp7Il9hdXRoX3VzZXJfaWQiOiI0IiwiX2F1dGhfdXNlcl9iYWNrZW5kIjoiZGphbmdvLmNvbnRyaWIuYXV0aC5iYWNrZW5kcy5Nb2RlbEJhY2tlbmQiLCJfYXV0aF91c2VyX2hhc2giOiI3N2UyYTM3MTQ0NWZmOGNmZTAwZmY0MjdiOTZkODI0ZjUyMzlmYmY1In0=','2021-05-25 03:25:26.866163'),('46tsk4kyldcl5kpzi1tsavdd186os71k','MTI5MTU3YmM5MzlhNWM5ZmY0NzkyYmUzZmFmMDQ1NzRhZmIxYTc0MDp7Il9hdXRoX3VzZXJfaWQiOiI0IiwiX2F1dGhfdXNlcl9iYWNrZW5kIjoiZGphbmdvLmNvbnRyaWIuYXV0aC5iYWNrZW5kcy5Nb2RlbEJhY2tlbmQiLCJfYXV0aF91c2VyX2hhc2giOiI0ODA5OGM3OTAyY2Y4N2IzYzU3ZmIzZGEzODJiMjlhNjQ1ZTZhNTUzIn0=','2020-10-04 07:44:41.347150'),('4hyhgkzdvv52z6l6qh9uwri2igtln4xy','NWI1NjVlN2RlMTQ2MjE1OTQyZGMwNWM4OTNkYzZjMGUzMDQwNzUyNjp7Il9hdXRoX3VzZXJfaWQiOiIxOTIiLCJfYXV0aF91c2VyX2JhY2tlbmQiOiJkamFuZ28uY29udHJpYi5hdXRoLmJhY2tlbmRzLk1vZGVsQmFja2VuZCIsIl9hdXRoX3VzZXJfaGFzaCI6IjljNWJhZDhiYzc0MjU5ZmE1M2I5MDI4YWNiN2UxNDU4NGY0YTdiMWUifQ==','2021-04-29 06:37:43.552621'),('4ljuivrlhjlur2dsrza9dsxnxh2z7zmr','NzJkNDU3OTM1MjE2MDZiYjcxZTBjMDk2YjQ1MGM4OTA2ODdjMDgxMDp7Il9hdXRoX3VzZXJfaWQiOiIzIiwiX2F1dGhfdXNlcl9iYWNrZW5kIjoiZGphbmdvLmNvbnRyaWIuYXV0aC5iYWNrZW5kcy5Nb2RlbEJhY2tlbmQiLCJfYXV0aF91c2VyX2hhc2giOiJmOTQ5NWUzMTM5Mjg5YTQ4MzdjY2RlZmQyOWQ5MmQ5OGJmNzhhYjdiIn0=','2020-06-06 05:15:44.043785'),('4tcgd3q1ilh5fpc40yx6ichcnpkza4ds','.eJxVjMsOwiAQRf-FtSEMjAO4dN9vaAaY2qqBpI-V8d-1SRe6veec-1I9b-vYb4vM_VTURTl1-t0S54fUHZQ711vTudV1npLeFX3QRXetyPN6uH8HIy_jtwYfJSDbQJA4WPEMGFA8mcFmF40NmVwZKGGEQmdH4A0NYDIjRrSi3h--kTa6:1msNxv:ZM00Is6i7bEmkRPx9ldfC9JTzY-3Ho3u6V4hO4aFuLI','2021-12-15 11:39:59.993596'),('51o3vfoiutpbzmuew493f6rmpi7a7eup','NzJkNDU3OTM1MjE2MDZiYjcxZTBjMDk2YjQ1MGM4OTA2ODdjMDgxMDp7Il9hdXRoX3VzZXJfaWQiOiIzIiwiX2F1dGhfdXNlcl9iYWNrZW5kIjoiZGphbmdvLmNvbnRyaWIuYXV0aC5iYWNrZW5kcy5Nb2RlbEJhY2tlbmQiLCJfYXV0aF91c2VyX2hhc2giOiJmOTQ5NWUzMTM5Mjg5YTQ4MzdjY2RlZmQyOWQ5MmQ5OGJmNzhhYjdiIn0=','2021-05-28 06:53:06.759411'),('54duz7n3ykf7wengoh4p2rqje3r7dfjz','NzJkNDU3OTM1MjE2MDZiYjcxZTBjMDk2YjQ1MGM4OTA2ODdjMDgxMDp7Il9hdXRoX3VzZXJfaWQiOiIzIiwiX2F1dGhfdXNlcl9iYWNrZW5kIjoiZGphbmdvLmNvbnRyaWIuYXV0aC5iYWNrZW5kcy5Nb2RlbEJhY2tlbmQiLCJfYXV0aF91c2VyX2hhc2giOiJmOTQ5NWUzMTM5Mjg5YTQ4MzdjY2RlZmQyOWQ5MmQ5OGJmNzhhYjdiIn0=','2021-02-23 14:53:18.422356'),('58ckak72ubdeqnvy1u74mhrbmv1xhpa0','MTI5MTU3YmM5MzlhNWM5ZmY0NzkyYmUzZmFmMDQ1NzRhZmIxYTc0MDp7Il9hdXRoX3VzZXJfaWQiOiI0IiwiX2F1dGhfdXNlcl9iYWNrZW5kIjoiZGphbmdvLmNvbnRyaWIuYXV0aC5iYWNrZW5kcy5Nb2RlbEJhY2tlbmQiLCJfYXV0aF91c2VyX2hhc2giOiI0ODA5OGM3OTAyY2Y4N2IzYzU3ZmIzZGEzODJiMjlhNjQ1ZTZhNTUzIn0=','2020-09-02 07:58:39.432360'),('59a0o3bae4k7aefsp5wawkfqots8e1ae','NzJkNDU3OTM1MjE2MDZiYjcxZTBjMDk2YjQ1MGM4OTA2ODdjMDgxMDp7Il9hdXRoX3VzZXJfaWQiOiIzIiwiX2F1dGhfdXNlcl9iYWNrZW5kIjoiZGphbmdvLmNvbnRyaWIuYXV0aC5iYWNrZW5kcy5Nb2RlbEJhY2tlbmQiLCJfYXV0aF91c2VyX2hhc2giOiJmOTQ5NWUzMTM5Mjg5YTQ4MzdjY2RlZmQyOWQ5MmQ5OGJmNzhhYjdiIn0=','2021-04-29 06:28:40.332700'),('5erajpsx57d3fnwb2pijhpcn5dyrt3jo','NzJkNDU3OTM1MjE2MDZiYjcxZTBjMDk2YjQ1MGM4OTA2ODdjMDgxMDp7Il9hdXRoX3VzZXJfaWQiOiIzIiwiX2F1dGhfdXNlcl9iYWNrZW5kIjoiZGphbmdvLmNvbnRyaWIuYXV0aC5iYWNrZW5kcy5Nb2RlbEJhY2tlbmQiLCJfYXV0aF91c2VyX2hhc2giOiJmOTQ5NWUzMTM5Mjg5YTQ4MzdjY2RlZmQyOWQ5MmQ5OGJmNzhhYjdiIn0=','2020-07-25 13:57:45.707178'),('5nkwzhjuvbwbh1t7nbs3ugmkpbdzv5fk','NzJkNDU3OTM1MjE2MDZiYjcxZTBjMDk2YjQ1MGM4OTA2ODdjMDgxMDp7Il9hdXRoX3VzZXJfaWQiOiIzIiwiX2F1dGhfdXNlcl9iYWNrZW5kIjoiZGphbmdvLmNvbnRyaWIuYXV0aC5iYWNrZW5kcy5Nb2RlbEJhY2tlbmQiLCJfYXV0aF91c2VyX2hhc2giOiJmOTQ5NWUzMTM5Mjg5YTQ4MzdjY2RlZmQyOWQ5MmQ5OGJmNzhhYjdiIn0=','2020-06-16 10:22:23.827667'),('67ayec9wfkz3vypi3x0nfzf22iwgvioo','NzJkNDU3OTM1MjE2MDZiYjcxZTBjMDk2YjQ1MGM4OTA2ODdjMDgxMDp7Il9hdXRoX3VzZXJfaWQiOiIzIiwiX2F1dGhfdXNlcl9iYWNrZW5kIjoiZGphbmdvLmNvbnRyaWIuYXV0aC5iYWNrZW5kcy5Nb2RlbEJhY2tlbmQiLCJfYXV0aF91c2VyX2hhc2giOiJmOTQ5NWUzMTM5Mjg5YTQ4MzdjY2RlZmQyOWQ5MmQ5OGJmNzhhYjdiIn0=','2021-05-13 11:40:09.122837'),('6bb55afu0q9lfvx8v2kwa9weoz56fyh2','NzJkNDU3OTM1MjE2MDZiYjcxZTBjMDk2YjQ1MGM4OTA2ODdjMDgxMDp7Il9hdXRoX3VzZXJfaWQiOiIzIiwiX2F1dGhfdXNlcl9iYWNrZW5kIjoiZGphbmdvLmNvbnRyaWIuYXV0aC5iYWNrZW5kcy5Nb2RlbEJhY2tlbmQiLCJfYXV0aF91c2VyX2hhc2giOiJmOTQ5NWUzMTM5Mjg5YTQ4MzdjY2RlZmQyOWQ5MmQ5OGJmNzhhYjdiIn0=','2020-12-18 15:31:03.236190'),('70gtshpe944t9nptfongrk027s9c9lmi','NzJkNDU3OTM1MjE2MDZiYjcxZTBjMDk2YjQ1MGM4OTA2ODdjMDgxMDp7Il9hdXRoX3VzZXJfaWQiOiIzIiwiX2F1dGhfdXNlcl9iYWNrZW5kIjoiZGphbmdvLmNvbnRyaWIuYXV0aC5iYWNrZW5kcy5Nb2RlbEJhY2tlbmQiLCJfYXV0aF91c2VyX2hhc2giOiJmOTQ5NWUzMTM5Mjg5YTQ4MzdjY2RlZmQyOWQ5MmQ5OGJmNzhhYjdiIn0=','2021-05-25 04:00:23.078980'),('70pxfptxi8hzsq2bszd470z2n212g171','NzJkNDU3OTM1MjE2MDZiYjcxZTBjMDk2YjQ1MGM4OTA2ODdjMDgxMDp7Il9hdXRoX3VzZXJfaWQiOiIzIiwiX2F1dGhfdXNlcl9iYWNrZW5kIjoiZGphbmdvLmNvbnRyaWIuYXV0aC5iYWNrZW5kcy5Nb2RlbEJhY2tlbmQiLCJfYXV0aF91c2VyX2hhc2giOiJmOTQ5NWUzMTM5Mjg5YTQ4MzdjY2RlZmQyOWQ5MmQ5OGJmNzhhYjdiIn0=','2021-06-17 05:44:51.721186'),('71fhaeqiiigxtzg0ospeadu59420w58z','NzJkNDU3OTM1MjE2MDZiYjcxZTBjMDk2YjQ1MGM4OTA2ODdjMDgxMDp7Il9hdXRoX3VzZXJfaWQiOiIzIiwiX2F1dGhfdXNlcl9iYWNrZW5kIjoiZGphbmdvLmNvbnRyaWIuYXV0aC5iYWNrZW5kcy5Nb2RlbEJhY2tlbmQiLCJfYXV0aF91c2VyX2hhc2giOiJmOTQ5NWUzMTM5Mjg5YTQ4MzdjY2RlZmQyOWQ5MmQ5OGJmNzhhYjdiIn0=','2020-07-08 08:37:49.513046'),('73dg3wi6as53z1xhuvk9xxvae5ltl37v','MTI5MTU3YmM5MzlhNWM5ZmY0NzkyYmUzZmFmMDQ1NzRhZmIxYTc0MDp7Il9hdXRoX3VzZXJfaWQiOiI0IiwiX2F1dGhfdXNlcl9iYWNrZW5kIjoiZGphbmdvLmNvbnRyaWIuYXV0aC5iYWNrZW5kcy5Nb2RlbEJhY2tlbmQiLCJfYXV0aF91c2VyX2hhc2giOiI0ODA5OGM3OTAyY2Y4N2IzYzU3ZmIzZGEzODJiMjlhNjQ1ZTZhNTUzIn0=','2020-06-06 05:15:28.695750'),('7e0an4lhqfoud28pbor0ulzz9xh64gdr','NzJkNDU3OTM1MjE2MDZiYjcxZTBjMDk2YjQ1MGM4OTA2ODdjMDgxMDp7Il9hdXRoX3VzZXJfaWQiOiIzIiwiX2F1dGhfdXNlcl9iYWNrZW5kIjoiZGphbmdvLmNvbnRyaWIuYXV0aC5iYWNrZW5kcy5Nb2RlbEJhY2tlbmQiLCJfYXV0aF91c2VyX2hhc2giOiJmOTQ5NWUzMTM5Mjg5YTQ4MzdjY2RlZmQyOWQ5MmQ5OGJmNzhhYjdiIn0=','2021-07-29 11:55:47.264129'),('7pzfi6cyvgyzl9rwelgisqtx3skkk2wu','NzJkNDU3OTM1MjE2MDZiYjcxZTBjMDk2YjQ1MGM4OTA2ODdjMDgxMDp7Il9hdXRoX3VzZXJfaWQiOiIzIiwiX2F1dGhfdXNlcl9iYWNrZW5kIjoiZGphbmdvLmNvbnRyaWIuYXV0aC5iYWNrZW5kcy5Nb2RlbEJhY2tlbmQiLCJfYXV0aF91c2VyX2hhc2giOiJmOTQ5NWUzMTM5Mjg5YTQ4MzdjY2RlZmQyOWQ5MmQ5OGJmNzhhYjdiIn0=','2021-06-25 09:06:01.308825'),('7thf6as28u2p3dt4ghgf757y6g07md6p','NzJkNDU3OTM1MjE2MDZiYjcxZTBjMDk2YjQ1MGM4OTA2ODdjMDgxMDp7Il9hdXRoX3VzZXJfaWQiOiIzIiwiX2F1dGhfdXNlcl9iYWNrZW5kIjoiZGphbmdvLmNvbnRyaWIuYXV0aC5iYWNrZW5kcy5Nb2RlbEJhY2tlbmQiLCJfYXV0aF91c2VyX2hhc2giOiJmOTQ5NWUzMTM5Mjg5YTQ4MzdjY2RlZmQyOWQ5MmQ5OGJmNzhhYjdiIn0=','2020-06-10 10:47:25.378647'),('7x3ampi6yvitc1f0eusezisnmiywtjh1','NzJkNDU3OTM1MjE2MDZiYjcxZTBjMDk2YjQ1MGM4OTA2ODdjMDgxMDp7Il9hdXRoX3VzZXJfaWQiOiIzIiwiX2F1dGhfdXNlcl9iYWNrZW5kIjoiZGphbmdvLmNvbnRyaWIuYXV0aC5iYWNrZW5kcy5Nb2RlbEJhY2tlbmQiLCJfYXV0aF91c2VyX2hhc2giOiJmOTQ5NWUzMTM5Mjg5YTQ4MzdjY2RlZmQyOWQ5MmQ5OGJmNzhhYjdiIn0=','2020-06-23 16:33:53.540826'),('801gve6vm5ltwj9sx8bnlyk9x4zwtghm','NzJkNDU3OTM1MjE2MDZiYjcxZTBjMDk2YjQ1MGM4OTA2ODdjMDgxMDp7Il9hdXRoX3VzZXJfaWQiOiIzIiwiX2F1dGhfdXNlcl9iYWNrZW5kIjoiZGphbmdvLmNvbnRyaWIuYXV0aC5iYWNrZW5kcy5Nb2RlbEJhY2tlbmQiLCJfYXV0aF91c2VyX2hhc2giOiJmOTQ5NWUzMTM5Mjg5YTQ4MzdjY2RlZmQyOWQ5MmQ5OGJmNzhhYjdiIn0=','2021-05-28 08:35:17.589477'),('83r23thwpeufn72hmwfgjg5ck41n0bee','NzJkNDU3OTM1MjE2MDZiYjcxZTBjMDk2YjQ1MGM4OTA2ODdjMDgxMDp7Il9hdXRoX3VzZXJfaWQiOiIzIiwiX2F1dGhfdXNlcl9iYWNrZW5kIjoiZGphbmdvLmNvbnRyaWIuYXV0aC5iYWNrZW5kcy5Nb2RlbEJhY2tlbmQiLCJfYXV0aF91c2VyX2hhc2giOiJmOTQ5NWUzMTM5Mjg5YTQ4MzdjY2RlZmQyOWQ5MmQ5OGJmNzhhYjdiIn0=','2021-10-11 15:11:21.026448'),('84qy6v00xgetff2o6s9aoy3jclhc3x0q','MTI5MTU3YmM5MzlhNWM5ZmY0NzkyYmUzZmFmMDQ1NzRhZmIxYTc0MDp7Il9hdXRoX3VzZXJfaWQiOiI0IiwiX2F1dGhfdXNlcl9iYWNrZW5kIjoiZGphbmdvLmNvbnRyaWIuYXV0aC5iYWNrZW5kcy5Nb2RlbEJhY2tlbmQiLCJfYXV0aF91c2VyX2hhc2giOiI0ODA5OGM3OTAyY2Y4N2IzYzU3ZmIzZGEzODJiMjlhNjQ1ZTZhNTUzIn0=','2020-10-02 11:26:47.302069'),('8c2guzt73vhzpzpj8qxjetslzqy1aafa','NzJkNDU3OTM1MjE2MDZiYjcxZTBjMDk2YjQ1MGM4OTA2ODdjMDgxMDp7Il9hdXRoX3VzZXJfaWQiOiIzIiwiX2F1dGhfdXNlcl9iYWNrZW5kIjoiZGphbmdvLmNvbnRyaWIuYXV0aC5iYWNrZW5kcy5Nb2RlbEJhY2tlbmQiLCJfYXV0aF91c2VyX2hhc2giOiJmOTQ5NWUzMTM5Mjg5YTQ4MzdjY2RlZmQyOWQ5MmQ5OGJmNzhhYjdiIn0=','2021-02-02 07:28:24.786120'),('8jxvjhbp7u3sib3ccn7ugl1qmmk5ve53','NzJkNDU3OTM1MjE2MDZiYjcxZTBjMDk2YjQ1MGM4OTA2ODdjMDgxMDp7Il9hdXRoX3VzZXJfaWQiOiIzIiwiX2F1dGhfdXNlcl9iYWNrZW5kIjoiZGphbmdvLmNvbnRyaWIuYXV0aC5iYWNrZW5kcy5Nb2RlbEJhY2tlbmQiLCJfYXV0aF91c2VyX2hhc2giOiJmOTQ5NWUzMTM5Mjg5YTQ4MzdjY2RlZmQyOWQ5MmQ5OGJmNzhhYjdiIn0=','2021-05-27 05:33:09.352093'),('8kr97c8esw5aswctsdcpuocihb8l7f8h','NzJkNDU3OTM1MjE2MDZiYjcxZTBjMDk2YjQ1MGM4OTA2ODdjMDgxMDp7Il9hdXRoX3VzZXJfaWQiOiIzIiwiX2F1dGhfdXNlcl9iYWNrZW5kIjoiZGphbmdvLmNvbnRyaWIuYXV0aC5iYWNrZW5kcy5Nb2RlbEJhY2tlbmQiLCJfYXV0aF91c2VyX2hhc2giOiJmOTQ5NWUzMTM5Mjg5YTQ4MzdjY2RlZmQyOWQ5MmQ5OGJmNzhhYjdiIn0=','2020-11-27 09:25:56.213805'),('8o5huhyxltsgeki3d8w4q0hb21c62quy','NzJkNDU3OTM1MjE2MDZiYjcxZTBjMDk2YjQ1MGM4OTA2ODdjMDgxMDp7Il9hdXRoX3VzZXJfaWQiOiIzIiwiX2F1dGhfdXNlcl9iYWNrZW5kIjoiZGphbmdvLmNvbnRyaWIuYXV0aC5iYWNrZW5kcy5Nb2RlbEJhY2tlbmQiLCJfYXV0aF91c2VyX2hhc2giOiJmOTQ5NWUzMTM5Mjg5YTQ4MzdjY2RlZmQyOWQ5MmQ5OGJmNzhhYjdiIn0=','2021-05-01 08:14:29.540870'),('8og34gpx00w304kyctchhblq38fuqemv','MTI5MTU3YmM5MzlhNWM5ZmY0NzkyYmUzZmFmMDQ1NzRhZmIxYTc0MDp7Il9hdXRoX3VzZXJfaWQiOiI0IiwiX2F1dGhfdXNlcl9iYWNrZW5kIjoiZGphbmdvLmNvbnRyaWIuYXV0aC5iYWNrZW5kcy5Nb2RlbEJhY2tlbmQiLCJfYXV0aF91c2VyX2hhc2giOiI0ODA5OGM3OTAyY2Y4N2IzYzU3ZmIzZGEzODJiMjlhNjQ1ZTZhNTUzIn0=','2020-07-07 07:43:23.801006'),('8tvklgsvzw8oh3cvq0f93awavxqdxnmc','MTI5MTU3YmM5MzlhNWM5ZmY0NzkyYmUzZmFmMDQ1NzRhZmIxYTc0MDp7Il9hdXRoX3VzZXJfaWQiOiI0IiwiX2F1dGhfdXNlcl9iYWNrZW5kIjoiZGphbmdvLmNvbnRyaWIuYXV0aC5iYWNrZW5kcy5Nb2RlbEJhY2tlbmQiLCJfYXV0aF91c2VyX2hhc2giOiI0ODA5OGM3OTAyY2Y4N2IzYzU3ZmIzZGEzODJiMjlhNjQ1ZTZhNTUzIn0=','2020-07-25 11:48:09.663589'),('9hbqyk825a630s6igdm4unegspubssmd','NzJkNDU3OTM1MjE2MDZiYjcxZTBjMDk2YjQ1MGM4OTA2ODdjMDgxMDp7Il9hdXRoX3VzZXJfaWQiOiIzIiwiX2F1dGhfdXNlcl9iYWNrZW5kIjoiZGphbmdvLmNvbnRyaWIuYXV0aC5iYWNrZW5kcy5Nb2RlbEJhY2tlbmQiLCJfYXV0aF91c2VyX2hhc2giOiJmOTQ5NWUzMTM5Mjg5YTQ4MzdjY2RlZmQyOWQ5MmQ5OGJmNzhhYjdiIn0=','2020-08-02 19:46:50.426531'),('9tl7pyvavfdv75spkt3mo6xq1z61l0p5','NzJkNDU3OTM1MjE2MDZiYjcxZTBjMDk2YjQ1MGM4OTA2ODdjMDgxMDp7Il9hdXRoX3VzZXJfaWQiOiIzIiwiX2F1dGhfdXNlcl9iYWNrZW5kIjoiZGphbmdvLmNvbnRyaWIuYXV0aC5iYWNrZW5kcy5Nb2RlbEJhY2tlbmQiLCJfYXV0aF91c2VyX2hhc2giOiJmOTQ5NWUzMTM5Mjg5YTQ4MzdjY2RlZmQyOWQ5MmQ5OGJmNzhhYjdiIn0=','2020-07-23 05:51:37.400278'),('acpuqqfwq7i15mxi5o6u8qzia492hcng','NzJkNDU3OTM1MjE2MDZiYjcxZTBjMDk2YjQ1MGM4OTA2ODdjMDgxMDp7Il9hdXRoX3VzZXJfaWQiOiIzIiwiX2F1dGhfdXNlcl9iYWNrZW5kIjoiZGphbmdvLmNvbnRyaWIuYXV0aC5iYWNrZW5kcy5Nb2RlbEJhY2tlbmQiLCJfYXV0aF91c2VyX2hhc2giOiJmOTQ5NWUzMTM5Mjg5YTQ4MzdjY2RlZmQyOWQ5MmQ5OGJmNzhhYjdiIn0=','2020-11-06 10:28:39.504741'),('aokeww75wi3vvzs5w8xjzkf9g955jhjd','NzJkNDU3OTM1MjE2MDZiYjcxZTBjMDk2YjQ1MGM4OTA2ODdjMDgxMDp7Il9hdXRoX3VzZXJfaWQiOiIzIiwiX2F1dGhfdXNlcl9iYWNrZW5kIjoiZGphbmdvLmNvbnRyaWIuYXV0aC5iYWNrZW5kcy5Nb2RlbEJhY2tlbmQiLCJfYXV0aF91c2VyX2hhc2giOiJmOTQ5NWUzMTM5Mjg5YTQ4MzdjY2RlZmQyOWQ5MmQ5OGJmNzhhYjdiIn0=','2020-06-07 07:46:32.556964'),('atrrji650vi7qqi9hl2z898byqf116ny','NzJkNDU3OTM1MjE2MDZiYjcxZTBjMDk2YjQ1MGM4OTA2ODdjMDgxMDp7Il9hdXRoX3VzZXJfaWQiOiIzIiwiX2F1dGhfdXNlcl9iYWNrZW5kIjoiZGphbmdvLmNvbnRyaWIuYXV0aC5iYWNrZW5kcy5Nb2RlbEJhY2tlbmQiLCJfYXV0aF91c2VyX2hhc2giOiJmOTQ5NWUzMTM5Mjg5YTQ4MzdjY2RlZmQyOWQ5MmQ5OGJmNzhhYjdiIn0=','2020-11-28 13:38:56.177030'),('au68weseohuict9dmubyvot23w0rn0i5','NzJkNDU3OTM1MjE2MDZiYjcxZTBjMDk2YjQ1MGM4OTA2ODdjMDgxMDp7Il9hdXRoX3VzZXJfaWQiOiIzIiwiX2F1dGhfdXNlcl9iYWNrZW5kIjoiZGphbmdvLmNvbnRyaWIuYXV0aC5iYWNrZW5kcy5Nb2RlbEJhY2tlbmQiLCJfYXV0aF91c2VyX2hhc2giOiJmOTQ5NWUzMTM5Mjg5YTQ4MzdjY2RlZmQyOWQ5MmQ5OGJmNzhhYjdiIn0=','2020-07-07 13:14:24.427930'),('auwo3hsxw8vd62rptus32fo0l5oo51w2','MTI5MTU3YmM5MzlhNWM5ZmY0NzkyYmUzZmFmMDQ1NzRhZmIxYTc0MDp7Il9hdXRoX3VzZXJfaWQiOiI0IiwiX2F1dGhfdXNlcl9iYWNrZW5kIjoiZGphbmdvLmNvbnRyaWIuYXV0aC5iYWNrZW5kcy5Nb2RlbEJhY2tlbmQiLCJfYXV0aF91c2VyX2hhc2giOiI0ODA5OGM3OTAyY2Y4N2IzYzU3ZmIzZGEzODJiMjlhNjQ1ZTZhNTUzIn0=','2020-10-06 17:18:52.916235'),('b78i3kvfnil0f48wgeslapbklb4eo4n3','NzJkNDU3OTM1MjE2MDZiYjcxZTBjMDk2YjQ1MGM4OTA2ODdjMDgxMDp7Il9hdXRoX3VzZXJfaWQiOiIzIiwiX2F1dGhfdXNlcl9iYWNrZW5kIjoiZGphbmdvLmNvbnRyaWIuYXV0aC5iYWNrZW5kcy5Nb2RlbEJhY2tlbmQiLCJfYXV0aF91c2VyX2hhc2giOiJmOTQ5NWUzMTM5Mjg5YTQ4MzdjY2RlZmQyOWQ5MmQ5OGJmNzhhYjdiIn0=','2020-06-10 14:32:09.882146'),('bbh5n8h3fv7jz7gv6y8nmy7vvu13jm6t','NzJkNDU3OTM1MjE2MDZiYjcxZTBjMDk2YjQ1MGM4OTA2ODdjMDgxMDp7Il9hdXRoX3VzZXJfaWQiOiIzIiwiX2F1dGhfdXNlcl9iYWNrZW5kIjoiZGphbmdvLmNvbnRyaWIuYXV0aC5iYWNrZW5kcy5Nb2RlbEJhY2tlbmQiLCJfYXV0aF91c2VyX2hhc2giOiJmOTQ5NWUzMTM5Mjg5YTQ4MzdjY2RlZmQyOWQ5MmQ5OGJmNzhhYjdiIn0=','2021-12-08 14:21:37.776582'),('bk6hijtnuy5hm5nc51ql74hokyns37i0','MTI5MTU3YmM5MzlhNWM5ZmY0NzkyYmUzZmFmMDQ1NzRhZmIxYTc0MDp7Il9hdXRoX3VzZXJfaWQiOiI0IiwiX2F1dGhfdXNlcl9iYWNrZW5kIjoiZGphbmdvLmNvbnRyaWIuYXV0aC5iYWNrZW5kcy5Nb2RlbEJhY2tlbmQiLCJfYXV0aF91c2VyX2hhc2giOiI0ODA5OGM3OTAyY2Y4N2IzYzU3ZmIzZGEzODJiMjlhNjQ1ZTZhNTUzIn0=','2020-06-25 06:17:54.930065'),('btphuzh1156w0agw2u82wseuzv5t0afa','NzJkNDU3OTM1MjE2MDZiYjcxZTBjMDk2YjQ1MGM4OTA2ODdjMDgxMDp7Il9hdXRoX3VzZXJfaWQiOiIzIiwiX2F1dGhfdXNlcl9iYWNrZW5kIjoiZGphbmdvLmNvbnRyaWIuYXV0aC5iYWNrZW5kcy5Nb2RlbEJhY2tlbmQiLCJfYXV0aF91c2VyX2hhc2giOiJmOTQ5NWUzMTM5Mjg5YTQ4MzdjY2RlZmQyOWQ5MmQ5OGJmNzhhYjdiIn0=','2021-02-18 16:15:38.399110'),('bubvmofduykq1i4hsdw5bprqmokop2f5','NzJkNDU3OTM1MjE2MDZiYjcxZTBjMDk2YjQ1MGM4OTA2ODdjMDgxMDp7Il9hdXRoX3VzZXJfaWQiOiIzIiwiX2F1dGhfdXNlcl9iYWNrZW5kIjoiZGphbmdvLmNvbnRyaWIuYXV0aC5iYWNrZW5kcy5Nb2RlbEJhY2tlbmQiLCJfYXV0aF91c2VyX2hhc2giOiJmOTQ5NWUzMTM5Mjg5YTQ4MzdjY2RlZmQyOWQ5MmQ5OGJmNzhhYjdiIn0=','2021-04-11 18:59:22.046491'),('buw9atmxikm0lk8gj8uoq7c9e1keljiy','NzJkNDU3OTM1MjE2MDZiYjcxZTBjMDk2YjQ1MGM4OTA2ODdjMDgxMDp7Il9hdXRoX3VzZXJfaWQiOiIzIiwiX2F1dGhfdXNlcl9iYWNrZW5kIjoiZGphbmdvLmNvbnRyaWIuYXV0aC5iYWNrZW5kcy5Nb2RlbEJhY2tlbmQiLCJfYXV0aF91c2VyX2hhc2giOiJmOTQ5NWUzMTM5Mjg5YTQ4MzdjY2RlZmQyOWQ5MmQ5OGJmNzhhYjdiIn0=','2020-07-21 14:22:38.350454'),('bxeipj3f7zpzgivho7owyfhh08fy88ac','.eJxVjMsOwiAQRf-FtSEMjAO4dN9vaAaY2qqBpI-V8d-1SRe6veec-1I9b-vYb4vM_VTURTl1-t0S54fUHZQ711vTudV1npLeFX3QRXetyPN6uH8HIy_jtwYfJSDbQJA4WPEMGFA8mcFmF40NmVwZKGGEQmdH4A0NYDIjRrSi3h--kTa6:1mtISg:6trP-NYLJu8hvBB-wFrYrVo4-zAavUsHELMIrDoCUf8','2021-12-17 23:59:30.422668'),('cd3m5u43max0jm45o44t96bf2bht3rqo','NzJkNDU3OTM1MjE2MDZiYjcxZTBjMDk2YjQ1MGM4OTA2ODdjMDgxMDp7Il9hdXRoX3VzZXJfaWQiOiIzIiwiX2F1dGhfdXNlcl9iYWNrZW5kIjoiZGphbmdvLmNvbnRyaWIuYXV0aC5iYWNrZW5kcy5Nb2RlbEJhY2tlbmQiLCJfYXV0aF91c2VyX2hhc2giOiJmOTQ5NWUzMTM5Mjg5YTQ4MzdjY2RlZmQyOWQ5MmQ5OGJmNzhhYjdiIn0=','2021-03-22 10:28:14.171454'),('dpebuexs5wj9gnjmrw2n9ip28zht46pt','NWI1NjVlN2RlMTQ2MjE1OTQyZGMwNWM4OTNkYzZjMGUzMDQwNzUyNjp7Il9hdXRoX3VzZXJfaWQiOiIxOTIiLCJfYXV0aF91c2VyX2JhY2tlbmQiOiJkamFuZ28uY29udHJpYi5hdXRoLmJhY2tlbmRzLk1vZGVsQmFja2VuZCIsIl9hdXRoX3VzZXJfaGFzaCI6IjljNWJhZDhiYzc0MjU5ZmE1M2I5MDI4YWNiN2UxNDU4NGY0YTdiMWUifQ==','2021-12-06 09:13:24.657776'),('dposnct47ttqenudklq088rtonyt34yy','NzJkNDU3OTM1MjE2MDZiYjcxZTBjMDk2YjQ1MGM4OTA2ODdjMDgxMDp7Il9hdXRoX3VzZXJfaWQiOiIzIiwiX2F1dGhfdXNlcl9iYWNrZW5kIjoiZGphbmdvLmNvbnRyaWIuYXV0aC5iYWNrZW5kcy5Nb2RlbEJhY2tlbmQiLCJfYXV0aF91c2VyX2hhc2giOiJmOTQ5NWUzMTM5Mjg5YTQ4MzdjY2RlZmQyOWQ5MmQ5OGJmNzhhYjdiIn0=','2020-10-26 14:17:12.941282'),('dv0fv6nzie4opnfdk7gy2qb2qf14s094','MTI5MTU3YmM5MzlhNWM5ZmY0NzkyYmUzZmFmMDQ1NzRhZmIxYTc0MDp7Il9hdXRoX3VzZXJfaWQiOiI0IiwiX2F1dGhfdXNlcl9iYWNrZW5kIjoiZGphbmdvLmNvbnRyaWIuYXV0aC5iYWNrZW5kcy5Nb2RlbEJhY2tlbmQiLCJfYXV0aF91c2VyX2hhc2giOiI0ODA5OGM3OTAyY2Y4N2IzYzU3ZmIzZGEzODJiMjlhNjQ1ZTZhNTUzIn0=','2020-07-23 11:35:48.819509'),('e41o2gz6d6cbucz36zhojc7y8ds66dek','YzcyZTIwZTVlYTgxZGRjN2MzZjUxYjVjZWRhMDc3YWU1NGU5NzFkMDp7Il9hdXRoX3VzZXJfaWQiOiI0IiwiX2F1dGhfdXNlcl9iYWNrZW5kIjoiZGphbmdvLmNvbnRyaWIuYXV0aC5iYWNrZW5kcy5Nb2RlbEJhY2tlbmQiLCJfYXV0aF91c2VyX2hhc2giOiI3N2UyYTM3MTQ0NWZmOGNmZTAwZmY0MjdiOTZkODI0ZjUyMzlmYmY1In0=','2021-05-24 15:51:09.805646'),('e7a7dl7js1w737xw4u5ws3ndk51k2q65','NzJkNDU3OTM1MjE2MDZiYjcxZTBjMDk2YjQ1MGM4OTA2ODdjMDgxMDp7Il9hdXRoX3VzZXJfaWQiOiIzIiwiX2F1dGhfdXNlcl9iYWNrZW5kIjoiZGphbmdvLmNvbnRyaWIuYXV0aC5iYWNrZW5kcy5Nb2RlbEJhY2tlbmQiLCJfYXV0aF91c2VyX2hhc2giOiJmOTQ5NWUzMTM5Mjg5YTQ4MzdjY2RlZmQyOWQ5MmQ5OGJmNzhhYjdiIn0=','2021-03-09 14:54:46.711194'),('e8gdwijwrahap5y9k702g027wvpmxlrw','NWI1NjVlN2RlMTQ2MjE1OTQyZGMwNWM4OTNkYzZjMGUzMDQwNzUyNjp7Il9hdXRoX3VzZXJfaWQiOiIxOTIiLCJfYXV0aF91c2VyX2JhY2tlbmQiOiJkamFuZ28uY29udHJpYi5hdXRoLmJhY2tlbmRzLk1vZGVsQmFja2VuZCIsIl9hdXRoX3VzZXJfaGFzaCI6IjljNWJhZDhiYzc0MjU5ZmE1M2I5MDI4YWNiN2UxNDU4NGY0YTdiMWUifQ==','2021-06-20 04:26:13.707241'),('egdsf7ef7g28vdr9iv8clpr3c419lv60','NWI1NjVlN2RlMTQ2MjE1OTQyZGMwNWM4OTNkYzZjMGUzMDQwNzUyNjp7Il9hdXRoX3VzZXJfaWQiOiIxOTIiLCJfYXV0aF91c2VyX2JhY2tlbmQiOiJkamFuZ28uY29udHJpYi5hdXRoLmJhY2tlbmRzLk1vZGVsQmFja2VuZCIsIl9hdXRoX3VzZXJfaGFzaCI6IjljNWJhZDhiYzc0MjU5ZmE1M2I5MDI4YWNiN2UxNDU4NGY0YTdiMWUifQ==','2021-02-02 07:13:29.347965'),('eimq2rzdghuu69x1suuckxmsoyxash4h','YzcyZTIwZTVlYTgxZGRjN2MzZjUxYjVjZWRhMDc3YWU1NGU5NzFkMDp7Il9hdXRoX3VzZXJfaWQiOiI0IiwiX2F1dGhfdXNlcl9iYWNrZW5kIjoiZGphbmdvLmNvbnRyaWIuYXV0aC5iYWNrZW5kcy5Nb2RlbEJhY2tlbmQiLCJfYXV0aF91c2VyX2hhc2giOiI3N2UyYTM3MTQ0NWZmOGNmZTAwZmY0MjdiOTZkODI0ZjUyMzlmYmY1In0=','2021-05-28 08:38:31.606849'),('ezwt9l5ib4qge8qv87ozpgnsu2p8lwcl','NzJkNDU3OTM1MjE2MDZiYjcxZTBjMDk2YjQ1MGM4OTA2ODdjMDgxMDp7Il9hdXRoX3VzZXJfaWQiOiIzIiwiX2F1dGhfdXNlcl9iYWNrZW5kIjoiZGphbmdvLmNvbnRyaWIuYXV0aC5iYWNrZW5kcy5Nb2RlbEJhY2tlbmQiLCJfYXV0aF91c2VyX2hhc2giOiJmOTQ5NWUzMTM5Mjg5YTQ4MzdjY2RlZmQyOWQ5MmQ5OGJmNzhhYjdiIn0=','2020-06-21 11:55:32.733918'),('f4w9vxxyrgrbk3b7o1rmkyqrfan0pphc','NzJkNDU3OTM1MjE2MDZiYjcxZTBjMDk2YjQ1MGM4OTA2ODdjMDgxMDp7Il9hdXRoX3VzZXJfaWQiOiIzIiwiX2F1dGhfdXNlcl9iYWNrZW5kIjoiZGphbmdvLmNvbnRyaWIuYXV0aC5iYWNrZW5kcy5Nb2RlbEJhY2tlbmQiLCJfYXV0aF91c2VyX2hhc2giOiJmOTQ5NWUzMTM5Mjg5YTQ4MzdjY2RlZmQyOWQ5MmQ5OGJmNzhhYjdiIn0=','2021-08-30 11:35:42.273223'),('fvgdmyh9egsx6vjc8s7rmw82crxgzyvs','MTI5MTU3YmM5MzlhNWM5ZmY0NzkyYmUzZmFmMDQ1NzRhZmIxYTc0MDp7Il9hdXRoX3VzZXJfaWQiOiI0IiwiX2F1dGhfdXNlcl9iYWNrZW5kIjoiZGphbmdvLmNvbnRyaWIuYXV0aC5iYWNrZW5kcy5Nb2RlbEJhY2tlbmQiLCJfYXV0aF91c2VyX2hhc2giOiI0ODA5OGM3OTAyY2Y4N2IzYzU3ZmIzZGEzODJiMjlhNjQ1ZTZhNTUzIn0=','2020-07-12 06:54:44.615755'),('gbcqy7t3jt8wk6u8dnhn8iy08lhfep1z','NzJkNDU3OTM1MjE2MDZiYjcxZTBjMDk2YjQ1MGM4OTA2ODdjMDgxMDp7Il9hdXRoX3VzZXJfaWQiOiIzIiwiX2F1dGhfdXNlcl9iYWNrZW5kIjoiZGphbmdvLmNvbnRyaWIuYXV0aC5iYWNrZW5kcy5Nb2RlbEJhY2tlbmQiLCJfYXV0aF91c2VyX2hhc2giOiJmOTQ5NWUzMTM5Mjg5YTQ4MzdjY2RlZmQyOWQ5MmQ5OGJmNzhhYjdiIn0=','2020-10-06 09:41:59.577504'),('gbkujgja7aotjn5z4iof9kr6hv3ahyke','NzJkNDU3OTM1MjE2MDZiYjcxZTBjMDk2YjQ1MGM4OTA2ODdjMDgxMDp7Il9hdXRoX3VzZXJfaWQiOiIzIiwiX2F1dGhfdXNlcl9iYWNrZW5kIjoiZGphbmdvLmNvbnRyaWIuYXV0aC5iYWNrZW5kcy5Nb2RlbEJhY2tlbmQiLCJfYXV0aF91c2VyX2hhc2giOiJmOTQ5NWUzMTM5Mjg5YTQ4MzdjY2RlZmQyOWQ5MmQ5OGJmNzhhYjdiIn0=','2020-09-01 18:50:46.674416'),('gi6f32904srcah8cg1r63uvx9m8j1kxs','NzJkNDU3OTM1MjE2MDZiYjcxZTBjMDk2YjQ1MGM4OTA2ODdjMDgxMDp7Il9hdXRoX3VzZXJfaWQiOiIzIiwiX2F1dGhfdXNlcl9iYWNrZW5kIjoiZGphbmdvLmNvbnRyaWIuYXV0aC5iYWNrZW5kcy5Nb2RlbEJhY2tlbmQiLCJfYXV0aF91c2VyX2hhc2giOiJmOTQ5NWUzMTM5Mjg5YTQ4MzdjY2RlZmQyOWQ5MmQ5OGJmNzhhYjdiIn0=','2021-01-24 10:23:11.866072'),('gp2v63br1nxgbzmyhlfqk7m9bjhjmhce','NzJkNDU3OTM1MjE2MDZiYjcxZTBjMDk2YjQ1MGM4OTA2ODdjMDgxMDp7Il9hdXRoX3VzZXJfaWQiOiIzIiwiX2F1dGhfdXNlcl9iYWNrZW5kIjoiZGphbmdvLmNvbnRyaWIuYXV0aC5iYWNrZW5kcy5Nb2RlbEJhY2tlbmQiLCJfYXV0aF91c2VyX2hhc2giOiJmOTQ5NWUzMTM5Mjg5YTQ4MzdjY2RlZmQyOWQ5MmQ5OGJmNzhhYjdiIn0=','2021-10-28 10:11:18.621872'),('h0lhau83bowiuammy8fimdaat7y477xo','NzJkNDU3OTM1MjE2MDZiYjcxZTBjMDk2YjQ1MGM4OTA2ODdjMDgxMDp7Il9hdXRoX3VzZXJfaWQiOiIzIiwiX2F1dGhfdXNlcl9iYWNrZW5kIjoiZGphbmdvLmNvbnRyaWIuYXV0aC5iYWNrZW5kcy5Nb2RlbEJhY2tlbmQiLCJfYXV0aF91c2VyX2hhc2giOiJmOTQ5NWUzMTM5Mjg5YTQ4MzdjY2RlZmQyOWQ5MmQ5OGJmNzhhYjdiIn0=','2021-05-27 06:03:37.718859'),('hj0pffhg6jnsazovvs4xbh6l5im6a9sb','NzJkNDU3OTM1MjE2MDZiYjcxZTBjMDk2YjQ1MGM4OTA2ODdjMDgxMDp7Il9hdXRoX3VzZXJfaWQiOiIzIiwiX2F1dGhfdXNlcl9iYWNrZW5kIjoiZGphbmdvLmNvbnRyaWIuYXV0aC5iYWNrZW5kcy5Nb2RlbEJhY2tlbmQiLCJfYXV0aF91c2VyX2hhc2giOiJmOTQ5NWUzMTM5Mjg5YTQ4MzdjY2RlZmQyOWQ5MmQ5OGJmNzhhYjdiIn0=','2021-06-03 17:30:33.714510'),('hnflwgfanan0gs53a1zhtsz4p4trrwmv','NzJkNDU3OTM1MjE2MDZiYjcxZTBjMDk2YjQ1MGM4OTA2ODdjMDgxMDp7Il9hdXRoX3VzZXJfaWQiOiIzIiwiX2F1dGhfdXNlcl9iYWNrZW5kIjoiZGphbmdvLmNvbnRyaWIuYXV0aC5iYWNrZW5kcy5Nb2RlbEJhY2tlbmQiLCJfYXV0aF91c2VyX2hhc2giOiJmOTQ5NWUzMTM5Mjg5YTQ4MzdjY2RlZmQyOWQ5MmQ5OGJmNzhhYjdiIn0=','2020-06-24 16:19:30.724459'),('ht0b4eacb0k5j7w05t7s02u3ew4ypzxm','NzJkNDU3OTM1MjE2MDZiYjcxZTBjMDk2YjQ1MGM4OTA2ODdjMDgxMDp7Il9hdXRoX3VzZXJfaWQiOiIzIiwiX2F1dGhfdXNlcl9iYWNrZW5kIjoiZGphbmdvLmNvbnRyaWIuYXV0aC5iYWNrZW5kcy5Nb2RlbEJhY2tlbmQiLCJfYXV0aF91c2VyX2hhc2giOiJmOTQ5NWUzMTM5Mjg5YTQ4MzdjY2RlZmQyOWQ5MmQ5OGJmNzhhYjdiIn0=','2021-05-25 05:24:01.594982'),('htw4c3nruvf596d84npjbee5a8xrphuw','NzJkNDU3OTM1MjE2MDZiYjcxZTBjMDk2YjQ1MGM4OTA2ODdjMDgxMDp7Il9hdXRoX3VzZXJfaWQiOiIzIiwiX2F1dGhfdXNlcl9iYWNrZW5kIjoiZGphbmdvLmNvbnRyaWIuYXV0aC5iYWNrZW5kcy5Nb2RlbEJhY2tlbmQiLCJfYXV0aF91c2VyX2hhc2giOiJmOTQ5NWUzMTM5Mjg5YTQ4MzdjY2RlZmQyOWQ5MmQ5OGJmNzhhYjdiIn0=','2021-06-25 08:54:31.439527'),('i6zx2rey2zbhgf5mqpqy90vq3lg33818','NzJkNDU3OTM1MjE2MDZiYjcxZTBjMDk2YjQ1MGM4OTA2ODdjMDgxMDp7Il9hdXRoX3VzZXJfaWQiOiIzIiwiX2F1dGhfdXNlcl9iYWNrZW5kIjoiZGphbmdvLmNvbnRyaWIuYXV0aC5iYWNrZW5kcy5Nb2RlbEJhY2tlbmQiLCJfYXV0aF91c2VyX2hhc2giOiJmOTQ5NWUzMTM5Mjg5YTQ4MzdjY2RlZmQyOWQ5MmQ5OGJmNzhhYjdiIn0=','2021-06-03 04:31:02.758844'),('ib2ss0rsnj9z173h28nwrt8kzkcf55gy','NzJkNDU3OTM1MjE2MDZiYjcxZTBjMDk2YjQ1MGM4OTA2ODdjMDgxMDp7Il9hdXRoX3VzZXJfaWQiOiIzIiwiX2F1dGhfdXNlcl9iYWNrZW5kIjoiZGphbmdvLmNvbnRyaWIuYXV0aC5iYWNrZW5kcy5Nb2RlbEJhY2tlbmQiLCJfYXV0aF91c2VyX2hhc2giOiJmOTQ5NWUzMTM5Mjg5YTQ4MzdjY2RlZmQyOWQ5MmQ5OGJmNzhhYjdiIn0=','2020-11-30 14:25:22.420503'),('jbfguowkuvs6ug5y3vd3riagowuz8xut','NzJkNDU3OTM1MjE2MDZiYjcxZTBjMDk2YjQ1MGM4OTA2ODdjMDgxMDp7Il9hdXRoX3VzZXJfaWQiOiIzIiwiX2F1dGhfdXNlcl9iYWNrZW5kIjoiZGphbmdvLmNvbnRyaWIuYXV0aC5iYWNrZW5kcy5Nb2RlbEJhY2tlbmQiLCJfYXV0aF91c2VyX2hhc2giOiJmOTQ5NWUzMTM5Mjg5YTQ4MzdjY2RlZmQyOWQ5MmQ5OGJmNzhhYjdiIn0=','2021-05-29 10:31:15.016486'),('jcqvb73x3uw6cbkitx8o9ehht5e8m4eu','NzJkNDU3OTM1MjE2MDZiYjcxZTBjMDk2YjQ1MGM4OTA2ODdjMDgxMDp7Il9hdXRoX3VzZXJfaWQiOiIzIiwiX2F1dGhfdXNlcl9iYWNrZW5kIjoiZGphbmdvLmNvbnRyaWIuYXV0aC5iYWNrZW5kcy5Nb2RlbEJhY2tlbmQiLCJfYXV0aF91c2VyX2hhc2giOiJmOTQ5NWUzMTM5Mjg5YTQ4MzdjY2RlZmQyOWQ5MmQ5OGJmNzhhYjdiIn0=','2020-07-07 13:27:22.846608'),('jlxjfcyeryip52l22k8bvt7svn311esd','NzJkNDU3OTM1MjE2MDZiYjcxZTBjMDk2YjQ1MGM4OTA2ODdjMDgxMDp7Il9hdXRoX3VzZXJfaWQiOiIzIiwiX2F1dGhfdXNlcl9iYWNrZW5kIjoiZGphbmdvLmNvbnRyaWIuYXV0aC5iYWNrZW5kcy5Nb2RlbEJhY2tlbmQiLCJfYXV0aF91c2VyX2hhc2giOiJmOTQ5NWUzMTM5Mjg5YTQ4MzdjY2RlZmQyOWQ5MmQ5OGJmNzhhYjdiIn0=','2020-11-23 13:26:15.865220'),('jn41s2g7ckfcgfwrwsujxbmbzh02r2nd','NzJkNDU3OTM1MjE2MDZiYjcxZTBjMDk2YjQ1MGM4OTA2ODdjMDgxMDp7Il9hdXRoX3VzZXJfaWQiOiIzIiwiX2F1dGhfdXNlcl9iYWNrZW5kIjoiZGphbmdvLmNvbnRyaWIuYXV0aC5iYWNrZW5kcy5Nb2RlbEJhY2tlbmQiLCJfYXV0aF91c2VyX2hhc2giOiJmOTQ5NWUzMTM5Mjg5YTQ4MzdjY2RlZmQyOWQ5MmQ5OGJmNzhhYjdiIn0=','2021-05-27 05:37:10.320090'),('jnha9lmv6zrztobv6ouof788q251hx4f','NzJkNDU3OTM1MjE2MDZiYjcxZTBjMDk2YjQ1MGM4OTA2ODdjMDgxMDp7Il9hdXRoX3VzZXJfaWQiOiIzIiwiX2F1dGhfdXNlcl9iYWNrZW5kIjoiZGphbmdvLmNvbnRyaWIuYXV0aC5iYWNrZW5kcy5Nb2RlbEJhY2tlbmQiLCJfYXV0aF91c2VyX2hhc2giOiJmOTQ5NWUzMTM5Mjg5YTQ4MzdjY2RlZmQyOWQ5MmQ5OGJmNzhhYjdiIn0=','2021-04-28 06:58:48.623116'),('jx63tgpjiegii99ui5abds75uwmq7wet','.eJxVjMsOwiAQRf-FtSEMjAO4dN9vaAaY2qqBpI-V8d-1SRe6veec-1I9b-vYb4vM_VTURTl1-t0S54fUHZQ711vTudV1npLeFX3QRXetyPN6uH8HIy_jtwYfJSDbQJA4WPEMGFA8mcFmF40NmVwZKGGEQmdH4A0NYDIjRrSi3h--kTa6:1muuSj:DSNrY2HwyNRUACBMdIj-ppYyibFKSOO1hjWBpmtCbqw','2021-12-22 10:46:13.266538'),('k1nx1irmjhh7e7l3zyer5s1emxljora3','.eJxVjMsOwiAQRf-FtSEMjAO4dN9vaAaY2qqBpI-V8d-1SRe6veec-1I9b-vYb4vM_VTURTl1-t0S54fUHZQ711vTudV1npLeFX3QRXetyPN6uH8HIy_jtwYfJSDbQJA4WPEMGFA8mcFmF40NmVwZKGGEQmdH4A0NYDIjRrSi3h--kTa6:1mqTut:r-Ap48MrwlC8M0hA9_wSqL12v5Mka8cEXuKDaGKo3Z4','2021-12-10 05:36:59.155971'),('kqw38y4uj2w1qc74w4n14vzed0gyqdy4','NzJkNDU3OTM1MjE2MDZiYjcxZTBjMDk2YjQ1MGM4OTA2ODdjMDgxMDp7Il9hdXRoX3VzZXJfaWQiOiIzIiwiX2F1dGhfdXNlcl9iYWNrZW5kIjoiZGphbmdvLmNvbnRyaWIuYXV0aC5iYWNrZW5kcy5Nb2RlbEJhY2tlbmQiLCJfYXV0aF91c2VyX2hhc2giOiJmOTQ5NWUzMTM5Mjg5YTQ4MzdjY2RlZmQyOWQ5MmQ5OGJmNzhhYjdiIn0=','2021-03-21 09:45:26.034084'),('lc1dbmb16eavy5t8jatoz5d4ljqfseh7','NzJkNDU3OTM1MjE2MDZiYjcxZTBjMDk2YjQ1MGM4OTA2ODdjMDgxMDp7Il9hdXRoX3VzZXJfaWQiOiIzIiwiX2F1dGhfdXNlcl9iYWNrZW5kIjoiZGphbmdvLmNvbnRyaWIuYXV0aC5iYWNrZW5kcy5Nb2RlbEJhY2tlbmQiLCJfYXV0aF91c2VyX2hhc2giOiJmOTQ5NWUzMTM5Mjg5YTQ4MzdjY2RlZmQyOWQ5MmQ5OGJmNzhhYjdiIn0=','2020-06-23 12:50:00.248865'),('lds1bn99ng144g8ypp93y3a28hhi8tkg','MTI5MTU3YmM5MzlhNWM5ZmY0NzkyYmUzZmFmMDQ1NzRhZmIxYTc0MDp7Il9hdXRoX3VzZXJfaWQiOiI0IiwiX2F1dGhfdXNlcl9iYWNrZW5kIjoiZGphbmdvLmNvbnRyaWIuYXV0aC5iYWNrZW5kcy5Nb2RlbEJhY2tlbmQiLCJfYXV0aF91c2VyX2hhc2giOiI0ODA5OGM3OTAyY2Y4N2IzYzU3ZmIzZGEzODJiMjlhNjQ1ZTZhNTUzIn0=','2020-07-13 12:16:38.670547'),('lehk96hnkhvgmqgurbd46fyrjibcdfm0','MTI5MTU3YmM5MzlhNWM5ZmY0NzkyYmUzZmFmMDQ1NzRhZmIxYTc0MDp7Il9hdXRoX3VzZXJfaWQiOiI0IiwiX2F1dGhfdXNlcl9iYWNrZW5kIjoiZGphbmdvLmNvbnRyaWIuYXV0aC5iYWNrZW5kcy5Nb2RlbEJhY2tlbmQiLCJfYXV0aF91c2VyX2hhc2giOiI0ODA5OGM3OTAyY2Y4N2IzYzU3ZmIzZGEzODJiMjlhNjQ1ZTZhNTUzIn0=','2020-06-06 08:39:01.747443'),('lerbir7rowp0txj770ada1kqm6sm505z','NzJkNDU3OTM1MjE2MDZiYjcxZTBjMDk2YjQ1MGM4OTA2ODdjMDgxMDp7Il9hdXRoX3VzZXJfaWQiOiIzIiwiX2F1dGhfdXNlcl9iYWNrZW5kIjoiZGphbmdvLmNvbnRyaWIuYXV0aC5iYWNrZW5kcy5Nb2RlbEJhY2tlbmQiLCJfYXV0aF91c2VyX2hhc2giOiJmOTQ5NWUzMTM5Mjg5YTQ4MzdjY2RlZmQyOWQ5MmQ5OGJmNzhhYjdiIn0=','2021-02-08 16:30:20.612129'),('lknqxrh4mc8oe3gmtuy4lc47fic7wz7a','NzJkNDU3OTM1MjE2MDZiYjcxZTBjMDk2YjQ1MGM4OTA2ODdjMDgxMDp7Il9hdXRoX3VzZXJfaWQiOiIzIiwiX2F1dGhfdXNlcl9iYWNrZW5kIjoiZGphbmdvLmNvbnRyaWIuYXV0aC5iYWNrZW5kcy5Nb2RlbEJhY2tlbmQiLCJfYXV0aF91c2VyX2hhc2giOiJmOTQ5NWUzMTM5Mjg5YTQ4MzdjY2RlZmQyOWQ5MmQ5OGJmNzhhYjdiIn0=','2020-07-13 18:23:35.449911'),('lmd0zqlonnb996n6lnt8dli7kekuhbse','NzJkNDU3OTM1MjE2MDZiYjcxZTBjMDk2YjQ1MGM4OTA2ODdjMDgxMDp7Il9hdXRoX3VzZXJfaWQiOiIzIiwiX2F1dGhfdXNlcl9iYWNrZW5kIjoiZGphbmdvLmNvbnRyaWIuYXV0aC5iYWNrZW5kcy5Nb2RlbEJhY2tlbmQiLCJfYXV0aF91c2VyX2hhc2giOiJmOTQ5NWUzMTM5Mjg5YTQ4MzdjY2RlZmQyOWQ5MmQ5OGJmNzhhYjdiIn0=','2020-07-05 16:04:22.075371'),('ls7h54qsacra948tx6iyjctkg7hjh6f0','NzJkNDU3OTM1MjE2MDZiYjcxZTBjMDk2YjQ1MGM4OTA2ODdjMDgxMDp7Il9hdXRoX3VzZXJfaWQiOiIzIiwiX2F1dGhfdXNlcl9iYWNrZW5kIjoiZGphbmdvLmNvbnRyaWIuYXV0aC5iYWNrZW5kcy5Nb2RlbEJhY2tlbmQiLCJfYXV0aF91c2VyX2hhc2giOiJmOTQ5NWUzMTM5Mjg5YTQ4MzdjY2RlZmQyOWQ5MmQ5OGJmNzhhYjdiIn0=','2020-06-21 19:28:55.054565'),('lwox53alswp4jujo8zgliso9gt8cxi5f','NzJkNDU3OTM1MjE2MDZiYjcxZTBjMDk2YjQ1MGM4OTA2ODdjMDgxMDp7Il9hdXRoX3VzZXJfaWQiOiIzIiwiX2F1dGhfdXNlcl9iYWNrZW5kIjoiZGphbmdvLmNvbnRyaWIuYXV0aC5iYWNrZW5kcy5Nb2RlbEJhY2tlbmQiLCJfYXV0aF91c2VyX2hhc2giOiJmOTQ5NWUzMTM5Mjg5YTQ4MzdjY2RlZmQyOWQ5MmQ5OGJmNzhhYjdiIn0=','2020-06-16 11:28:47.463256'),('m1hnr14mjzx84a22btirnng64rxv5nc8','NzJkNDU3OTM1MjE2MDZiYjcxZTBjMDk2YjQ1MGM4OTA2ODdjMDgxMDp7Il9hdXRoX3VzZXJfaWQiOiIzIiwiX2F1dGhfdXNlcl9iYWNrZW5kIjoiZGphbmdvLmNvbnRyaWIuYXV0aC5iYWNrZW5kcy5Nb2RlbEJhY2tlbmQiLCJfYXV0aF91c2VyX2hhc2giOiJmOTQ5NWUzMTM5Mjg5YTQ4MzdjY2RlZmQyOWQ5MmQ5OGJmNzhhYjdiIn0=','2021-04-30 15:54:55.113729'),('msnevt1i85o8utpk7m73bfnoksyy8tzj','NzJkNDU3OTM1MjE2MDZiYjcxZTBjMDk2YjQ1MGM4OTA2ODdjMDgxMDp7Il9hdXRoX3VzZXJfaWQiOiIzIiwiX2F1dGhfdXNlcl9iYWNrZW5kIjoiZGphbmdvLmNvbnRyaWIuYXV0aC5iYWNrZW5kcy5Nb2RlbEJhY2tlbmQiLCJfYXV0aF91c2VyX2hhc2giOiJmOTQ5NWUzMTM5Mjg5YTQ4MzdjY2RlZmQyOWQ5MmQ5OGJmNzhhYjdiIn0=','2021-06-25 17:38:31.043569'),('nkpchlakkzh6f282rpwrudb8xtcqsyww','MTI5MTU3YmM5MzlhNWM5ZmY0NzkyYmUzZmFmMDQ1NzRhZmIxYTc0MDp7Il9hdXRoX3VzZXJfaWQiOiI0IiwiX2F1dGhfdXNlcl9iYWNrZW5kIjoiZGphbmdvLmNvbnRyaWIuYXV0aC5iYWNrZW5kcy5Nb2RlbEJhY2tlbmQiLCJfYXV0aF91c2VyX2hhc2giOiI0ODA5OGM3OTAyY2Y4N2IzYzU3ZmIzZGEzODJiMjlhNjQ1ZTZhNTUzIn0=','2020-06-28 12:56:40.192746'),('okj77f3hgp5328xqurffpd3tslzo5zlb','NzJkNDU3OTM1MjE2MDZiYjcxZTBjMDk2YjQ1MGM4OTA2ODdjMDgxMDp7Il9hdXRoX3VzZXJfaWQiOiIzIiwiX2F1dGhfdXNlcl9iYWNrZW5kIjoiZGphbmdvLmNvbnRyaWIuYXV0aC5iYWNrZW5kcy5Nb2RlbEJhY2tlbmQiLCJfYXV0aF91c2VyX2hhc2giOiJmOTQ5NWUzMTM5Mjg5YTQ4MzdjY2RlZmQyOWQ5MmQ5OGJmNzhhYjdiIn0=','2020-12-13 09:21:36.440678'),('p0fb715mbcjeuxh7u542mxq6ji3izhxl','NzJkNDU3OTM1MjE2MDZiYjcxZTBjMDk2YjQ1MGM4OTA2ODdjMDgxMDp7Il9hdXRoX3VzZXJfaWQiOiIzIiwiX2F1dGhfdXNlcl9iYWNrZW5kIjoiZGphbmdvLmNvbnRyaWIuYXV0aC5iYWNrZW5kcy5Nb2RlbEJhY2tlbmQiLCJfYXV0aF91c2VyX2hhc2giOiJmOTQ5NWUzMTM5Mjg5YTQ4MzdjY2RlZmQyOWQ5MmQ5OGJmNzhhYjdiIn0=','2021-07-30 12:39:18.905467'),('pbsrvkxauoq4ibnfpkjinwi7ajl57ekp','NzJkNDU3OTM1MjE2MDZiYjcxZTBjMDk2YjQ1MGM4OTA2ODdjMDgxMDp7Il9hdXRoX3VzZXJfaWQiOiIzIiwiX2F1dGhfdXNlcl9iYWNrZW5kIjoiZGphbmdvLmNvbnRyaWIuYXV0aC5iYWNrZW5kcy5Nb2RlbEJhY2tlbmQiLCJfYXV0aF91c2VyX2hhc2giOiJmOTQ5NWUzMTM5Mjg5YTQ4MzdjY2RlZmQyOWQ5MmQ5OGJmNzhhYjdiIn0=','2020-08-02 19:45:35.571343'),('pfuqo0dk21ctzob2sx2s780l6ov6fpb2','NzJkNDU3OTM1MjE2MDZiYjcxZTBjMDk2YjQ1MGM4OTA2ODdjMDgxMDp7Il9hdXRoX3VzZXJfaWQiOiIzIiwiX2F1dGhfdXNlcl9iYWNrZW5kIjoiZGphbmdvLmNvbnRyaWIuYXV0aC5iYWNrZW5kcy5Nb2RlbEJhY2tlbmQiLCJfYXV0aF91c2VyX2hhc2giOiJmOTQ5NWUzMTM5Mjg5YTQ4MzdjY2RlZmQyOWQ5MmQ5OGJmNzhhYjdiIn0=','2021-02-23 15:18:45.319629'),('phwxe1rc2ok84wikpemizoyvedacwx88','NzJkNDU3OTM1MjE2MDZiYjcxZTBjMDk2YjQ1MGM4OTA2ODdjMDgxMDp7Il9hdXRoX3VzZXJfaWQiOiIzIiwiX2F1dGhfdXNlcl9iYWNrZW5kIjoiZGphbmdvLmNvbnRyaWIuYXV0aC5iYWNrZW5kcy5Nb2RlbEJhY2tlbmQiLCJfYXV0aF91c2VyX2hhc2giOiJmOTQ5NWUzMTM5Mjg5YTQ4MzdjY2RlZmQyOWQ5MmQ5OGJmNzhhYjdiIn0=','2020-08-05 10:49:05.022159'),('pv3m7lc7ffl4xu5wnilgj0oqcicvr4dg','NzJkNDU3OTM1MjE2MDZiYjcxZTBjMDk2YjQ1MGM4OTA2ODdjMDgxMDp7Il9hdXRoX3VzZXJfaWQiOiIzIiwiX2F1dGhfdXNlcl9iYWNrZW5kIjoiZGphbmdvLmNvbnRyaWIuYXV0aC5iYWNrZW5kcy5Nb2RlbEJhY2tlbmQiLCJfYXV0aF91c2VyX2hhc2giOiJmOTQ5NWUzMTM5Mjg5YTQ4MzdjY2RlZmQyOWQ5MmQ5OGJmNzhhYjdiIn0=','2021-06-19 08:24:55.986339'),('qe529tway805c0s55sge12jd08rufd4q','NTY0MGY5YmE0MTNiNTA4NDAxNDI4M2UyNTRhODQ1OGI0ZGVmYjAwMjp7Il9hdXRoX3VzZXJfaWQiOiIxIiwiX2F1dGhfdXNlcl9iYWNrZW5kIjoiZGphbmdvLmNvbnRyaWIuYXV0aC5iYWNrZW5kcy5Nb2RlbEJhY2tlbmQiLCJfYXV0aF91c2VyX2hhc2giOiI4YzhjM2QxNzczNzk4NzI5MTgwZTdlMTNjMGY3ZGFjNmJhNDYxY2EzIn0=','2020-06-05 07:50:45.868959'),('ql74oalvi7ehhlnbkubokghgigl5ahmz','NzJkNDU3OTM1MjE2MDZiYjcxZTBjMDk2YjQ1MGM4OTA2ODdjMDgxMDp7Il9hdXRoX3VzZXJfaWQiOiIzIiwiX2F1dGhfdXNlcl9iYWNrZW5kIjoiZGphbmdvLmNvbnRyaWIuYXV0aC5iYWNrZW5kcy5Nb2RlbEJhY2tlbmQiLCJfYXV0aF91c2VyX2hhc2giOiJmOTQ5NWUzMTM5Mjg5YTQ4MzdjY2RlZmQyOWQ5MmQ5OGJmNzhhYjdiIn0=','2021-12-08 14:09:38.589137'),('qnb394qa53gq8hytoyvd4j9gzkpj6n8a','MTI5MTU3YmM5MzlhNWM5ZmY0NzkyYmUzZmFmMDQ1NzRhZmIxYTc0MDp7Il9hdXRoX3VzZXJfaWQiOiI0IiwiX2F1dGhfdXNlcl9iYWNrZW5kIjoiZGphbmdvLmNvbnRyaWIuYXV0aC5iYWNrZW5kcy5Nb2RlbEJhY2tlbmQiLCJfYXV0aF91c2VyX2hhc2giOiI0ODA5OGM3OTAyY2Y4N2IzYzU3ZmIzZGEzODJiMjlhNjQ1ZTZhNTUzIn0=','2020-07-13 12:07:45.191327'),('qnn2ug8e62g61jj9ijqjn1tok9b8g57r','NzJkNDU3OTM1MjE2MDZiYjcxZTBjMDk2YjQ1MGM4OTA2ODdjMDgxMDp7Il9hdXRoX3VzZXJfaWQiOiIzIiwiX2F1dGhfdXNlcl9iYWNrZW5kIjoiZGphbmdvLmNvbnRyaWIuYXV0aC5iYWNrZW5kcy5Nb2RlbEJhY2tlbmQiLCJfYXV0aF91c2VyX2hhc2giOiJmOTQ5NWUzMTM5Mjg5YTQ4MzdjY2RlZmQyOWQ5MmQ5OGJmNzhhYjdiIn0=','2021-05-24 12:44:37.422948'),('qxh2xrnd000r1u21mw2xanjsbbos3n8y','NzJkNDU3OTM1MjE2MDZiYjcxZTBjMDk2YjQ1MGM4OTA2ODdjMDgxMDp7Il9hdXRoX3VzZXJfaWQiOiIzIiwiX2F1dGhfdXNlcl9iYWNrZW5kIjoiZGphbmdvLmNvbnRyaWIuYXV0aC5iYWNrZW5kcy5Nb2RlbEJhY2tlbmQiLCJfYXV0aF91c2VyX2hhc2giOiJmOTQ5NWUzMTM5Mjg5YTQ4MzdjY2RlZmQyOWQ5MmQ5OGJmNzhhYjdiIn0=','2020-10-10 16:00:21.804343'),('r5a77vh6shzxpkh54ioqls8yzfl8wnrz','YzcyZTIwZTVlYTgxZGRjN2MzZjUxYjVjZWRhMDc3YWU1NGU5NzFkMDp7Il9hdXRoX3VzZXJfaWQiOiI0IiwiX2F1dGhfdXNlcl9iYWNrZW5kIjoiZGphbmdvLmNvbnRyaWIuYXV0aC5iYWNrZW5kcy5Nb2RlbEJhY2tlbmQiLCJfYXV0aF91c2VyX2hhc2giOiI3N2UyYTM3MTQ0NWZmOGNmZTAwZmY0MjdiOTZkODI0ZjUyMzlmYmY1In0=','2020-12-09 08:03:32.033295'),('rjvzvajuscrfbmn4msyanvojf085i5k3','NzJkNDU3OTM1MjE2MDZiYjcxZTBjMDk2YjQ1MGM4OTA2ODdjMDgxMDp7Il9hdXRoX3VzZXJfaWQiOiIzIiwiX2F1dGhfdXNlcl9iYWNrZW5kIjoiZGphbmdvLmNvbnRyaWIuYXV0aC5iYWNrZW5kcy5Nb2RlbEJhY2tlbmQiLCJfYXV0aF91c2VyX2hhc2giOiJmOTQ5NWUzMTM5Mjg5YTQ4MzdjY2RlZmQyOWQ5MmQ5OGJmNzhhYjdiIn0=','2021-12-09 07:28:40.596155'),('rz7ao0ixed1mthybimv5j9kf6kwpe7yi','NzJkNDU3OTM1MjE2MDZiYjcxZTBjMDk2YjQ1MGM4OTA2ODdjMDgxMDp7Il9hdXRoX3VzZXJfaWQiOiIzIiwiX2F1dGhfdXNlcl9iYWNrZW5kIjoiZGphbmdvLmNvbnRyaWIuYXV0aC5iYWNrZW5kcy5Nb2RlbEJhY2tlbmQiLCJfYXV0aF91c2VyX2hhc2giOiJmOTQ5NWUzMTM5Mjg5YTQ4MzdjY2RlZmQyOWQ5MmQ5OGJmNzhhYjdiIn0=','2021-12-07 11:03:06.774365'),('s8251gg69gs5a5pij8j0vqivy30q5nwa','MTI5MTU3YmM5MzlhNWM5ZmY0NzkyYmUzZmFmMDQ1NzRhZmIxYTc0MDp7Il9hdXRoX3VzZXJfaWQiOiI0IiwiX2F1dGhfdXNlcl9iYWNrZW5kIjoiZGphbmdvLmNvbnRyaWIuYXV0aC5iYWNrZW5kcy5Nb2RlbEJhY2tlbmQiLCJfYXV0aF91c2VyX2hhc2giOiI0ODA5OGM3OTAyY2Y4N2IzYzU3ZmIzZGEzODJiMjlhNjQ1ZTZhNTUzIn0=','2020-11-03 14:12:31.704024'),('thbk1y6sd7y6lry3p35pzvsu65tsuwnw','NzJkNDU3OTM1MjE2MDZiYjcxZTBjMDk2YjQ1MGM4OTA2ODdjMDgxMDp7Il9hdXRoX3VzZXJfaWQiOiIzIiwiX2F1dGhfdXNlcl9iYWNrZW5kIjoiZGphbmdvLmNvbnRyaWIuYXV0aC5iYWNrZW5kcy5Nb2RlbEJhY2tlbmQiLCJfYXV0aF91c2VyX2hhc2giOiJmOTQ5NWUzMTM5Mjg5YTQ4MzdjY2RlZmQyOWQ5MmQ5OGJmNzhhYjdiIn0=','2021-10-27 08:03:55.923727'),('tk5mobojt4bl7ysfasdi4bdfqpeoy6ct','MTI5MTU3YmM5MzlhNWM5ZmY0NzkyYmUzZmFmMDQ1NzRhZmIxYTc0MDp7Il9hdXRoX3VzZXJfaWQiOiI0IiwiX2F1dGhfdXNlcl9iYWNrZW5kIjoiZGphbmdvLmNvbnRyaWIuYXV0aC5iYWNrZW5kcy5Nb2RlbEJhY2tlbmQiLCJfYXV0aF91c2VyX2hhc2giOiI0ODA5OGM3OTAyY2Y4N2IzYzU3ZmIzZGEzODJiMjlhNjQ1ZTZhNTUzIn0=','2020-08-31 09:11:18.119963'),('tlxp5nqo5zbnzoa12yvch2snl7yvk7qh','NzJkNDU3OTM1MjE2MDZiYjcxZTBjMDk2YjQ1MGM4OTA2ODdjMDgxMDp7Il9hdXRoX3VzZXJfaWQiOiIzIiwiX2F1dGhfdXNlcl9iYWNrZW5kIjoiZGphbmdvLmNvbnRyaWIuYXV0aC5iYWNrZW5kcy5Nb2RlbEJhY2tlbmQiLCJfYXV0aF91c2VyX2hhc2giOiJmOTQ5NWUzMTM5Mjg5YTQ4MzdjY2RlZmQyOWQ5MmQ5OGJmNzhhYjdiIn0=','2021-02-17 13:17:17.795808'),('tmbwtoabav6b2ig090sasyzwb3ie7nm5','NzJkNDU3OTM1MjE2MDZiYjcxZTBjMDk2YjQ1MGM4OTA2ODdjMDgxMDp7Il9hdXRoX3VzZXJfaWQiOiIzIiwiX2F1dGhfdXNlcl9iYWNrZW5kIjoiZGphbmdvLmNvbnRyaWIuYXV0aC5iYWNrZW5kcy5Nb2RlbEJhY2tlbmQiLCJfYXV0aF91c2VyX2hhc2giOiJmOTQ5NWUzMTM5Mjg5YTQ4MzdjY2RlZmQyOWQ5MmQ5OGJmNzhhYjdiIn0=','2020-08-27 11:39:05.332534'),('tvu8lwne89kss96dle4u4ioh0umgj3ku','.eJxVjMsOwiAQRf-FtSEMjAO4dN9vaAaY2qqBpI-V8d-1SRe6veec-1I9b-vYb4vM_VTURTl1-t0S54fUHZQ711vTudV1npLeFX3QRXetyPN6uH8HIy_jtwYfJSDbQJA4WPEMGFA8mcFmF40NmVwZKGGEQmdH4A0NYDIjRrSi3h--kTa6:1mqOtG:3zVytTkLE4kPFEkjudDFF-Pyd9u5A893DmovIpcO0ZA','2021-12-10 00:14:58.021792'),('twwu3vdfjlm5pdojewwkia97gqptb00f','NzJkNDU3OTM1MjE2MDZiYjcxZTBjMDk2YjQ1MGM4OTA2ODdjMDgxMDp7Il9hdXRoX3VzZXJfaWQiOiIzIiwiX2F1dGhfdXNlcl9iYWNrZW5kIjoiZGphbmdvLmNvbnRyaWIuYXV0aC5iYWNrZW5kcy5Nb2RlbEJhY2tlbmQiLCJfYXV0aF91c2VyX2hhc2giOiJmOTQ5NWUzMTM5Mjg5YTQ4MzdjY2RlZmQyOWQ5MmQ5OGJmNzhhYjdiIn0=','2020-07-12 11:08:50.935890'),('u07cs2425lxp9txkjfcj06f25ixe0mb0','NzJkNDU3OTM1MjE2MDZiYjcxZTBjMDk2YjQ1MGM4OTA2ODdjMDgxMDp7Il9hdXRoX3VzZXJfaWQiOiIzIiwiX2F1dGhfdXNlcl9iYWNrZW5kIjoiZGphbmdvLmNvbnRyaWIuYXV0aC5iYWNrZW5kcy5Nb2RlbEJhY2tlbmQiLCJfYXV0aF91c2VyX2hhc2giOiJmOTQ5NWUzMTM5Mjg5YTQ4MzdjY2RlZmQyOWQ5MmQ5OGJmNzhhYjdiIn0=','2021-07-09 15:11:55.049136'),('uks8thuz4dcgcyanh4ismv8hr67tl9bl','NzJkNDU3OTM1MjE2MDZiYjcxZTBjMDk2YjQ1MGM4OTA2ODdjMDgxMDp7Il9hdXRoX3VzZXJfaWQiOiIzIiwiX2F1dGhfdXNlcl9iYWNrZW5kIjoiZGphbmdvLmNvbnRyaWIuYXV0aC5iYWNrZW5kcy5Nb2RlbEJhY2tlbmQiLCJfYXV0aF91c2VyX2hhc2giOiJmOTQ5NWUzMTM5Mjg5YTQ4MzdjY2RlZmQyOWQ5MmQ5OGJmNzhhYjdiIn0=','2021-04-28 07:46:50.893541'),('uown0nmfatq5j6wday1jv0al483kqa4h','NzJkNDU3OTM1MjE2MDZiYjcxZTBjMDk2YjQ1MGM4OTA2ODdjMDgxMDp7Il9hdXRoX3VzZXJfaWQiOiIzIiwiX2F1dGhfdXNlcl9iYWNrZW5kIjoiZGphbmdvLmNvbnRyaWIuYXV0aC5iYWNrZW5kcy5Nb2RlbEJhY2tlbmQiLCJfYXV0aF91c2VyX2hhc2giOiJmOTQ5NWUzMTM5Mjg5YTQ4MzdjY2RlZmQyOWQ5MmQ5OGJmNzhhYjdiIn0=','2021-07-21 15:58:09.391965'),('uoy8y17k2ei1shoi5remi1fv4vwhyw5r','NWI1NjVlN2RlMTQ2MjE1OTQyZGMwNWM4OTNkYzZjMGUzMDQwNzUyNjp7Il9hdXRoX3VzZXJfaWQiOiIxOTIiLCJfYXV0aF91c2VyX2JhY2tlbmQiOiJkamFuZ28uY29udHJpYi5hdXRoLmJhY2tlbmRzLk1vZGVsQmFja2VuZCIsIl9hdXRoX3VzZXJfaGFzaCI6IjljNWJhZDhiYzc0MjU5ZmE1M2I5MDI4YWNiN2UxNDU4NGY0YTdiMWUifQ==','2021-06-14 05:59:53.849654'),('uqcyk0jtj997f74gaiq4u6wgxjygbh3g','MTI5MTU3YmM5MzlhNWM5ZmY0NzkyYmUzZmFmMDQ1NzRhZmIxYTc0MDp7Il9hdXRoX3VzZXJfaWQiOiI0IiwiX2F1dGhfdXNlcl9iYWNrZW5kIjoiZGphbmdvLmNvbnRyaWIuYXV0aC5iYWNrZW5kcy5Nb2RlbEJhY2tlbmQiLCJfYXV0aF91c2VyX2hhc2giOiI0ODA5OGM3OTAyY2Y4N2IzYzU3ZmIzZGEzODJiMjlhNjQ1ZTZhNTUzIn0=','2020-08-25 07:20:57.327198'),('uqmbc41envtk7tw87nwfrivubob29hpm','MTI5MTU3YmM5MzlhNWM5ZmY0NzkyYmUzZmFmMDQ1NzRhZmIxYTc0MDp7Il9hdXRoX3VzZXJfaWQiOiI0IiwiX2F1dGhfdXNlcl9iYWNrZW5kIjoiZGphbmdvLmNvbnRyaWIuYXV0aC5iYWNrZW5kcy5Nb2RlbEJhY2tlbmQiLCJfYXV0aF91c2VyX2hhc2giOiI0ODA5OGM3OTAyY2Y4N2IzYzU3ZmIzZGEzODJiMjlhNjQ1ZTZhNTUzIn0=','2020-07-09 08:27:39.618593'),('uvl5b1xfwdce3nowsi3gl1qowyq0rglj','NzJkNDU3OTM1MjE2MDZiYjcxZTBjMDk2YjQ1MGM4OTA2ODdjMDgxMDp7Il9hdXRoX3VzZXJfaWQiOiIzIiwiX2F1dGhfdXNlcl9iYWNrZW5kIjoiZGphbmdvLmNvbnRyaWIuYXV0aC5iYWNrZW5kcy5Nb2RlbEJhY2tlbmQiLCJfYXV0aF91c2VyX2hhc2giOiJmOTQ5NWUzMTM5Mjg5YTQ4MzdjY2RlZmQyOWQ5MmQ5OGJmNzhhYjdiIn0=','2021-02-25 08:36:57.274865'),('w2ppaaqr1qrbwia8hnbs2xfgad9yutb7','.eJxVjMsOwiAQRf-FtSEMjAO4dN9vaAaY2qqBpI-V8d-1SRe6veec-1I9b-vYb4vM_VTURTl1-t0S54fUHZQ711vTudV1npLeFX3QRXetyPN6uH8HIy_jtwYfJSDbQJA4WPEMGFA8mcFmF40NmVwZKGGEQmdH4A0NYDIjRrSi3h--kTa6:1mqW78:mh8_iWnx0VCbUv3HBescC-3vz5PVs4i4kkats6LhROU','2021-12-10 07:57:46.058793'),('w8ysbpxxrie8u736ti5jgzm0e3jcebee','NzJkNDU3OTM1MjE2MDZiYjcxZTBjMDk2YjQ1MGM4OTA2ODdjMDgxMDp7Il9hdXRoX3VzZXJfaWQiOiIzIiwiX2F1dGhfdXNlcl9iYWNrZW5kIjoiZGphbmdvLmNvbnRyaWIuYXV0aC5iYWNrZW5kcy5Nb2RlbEJhY2tlbmQiLCJfYXV0aF91c2VyX2hhc2giOiJmOTQ5NWUzMTM5Mjg5YTQ4MzdjY2RlZmQyOWQ5MmQ5OGJmNzhhYjdiIn0=','2020-10-12 15:15:47.092758'),('webv8r76wn7bjdwzq51m7p6k6s6i7kws','NzJkNDU3OTM1MjE2MDZiYjcxZTBjMDk2YjQ1MGM4OTA2ODdjMDgxMDp7Il9hdXRoX3VzZXJfaWQiOiIzIiwiX2F1dGhfdXNlcl9iYWNrZW5kIjoiZGphbmdvLmNvbnRyaWIuYXV0aC5iYWNrZW5kcy5Nb2RlbEJhY2tlbmQiLCJfYXV0aF91c2VyX2hhc2giOiJmOTQ5NWUzMTM5Mjg5YTQ4MzdjY2RlZmQyOWQ5MmQ5OGJmNzhhYjdiIn0=','2021-09-02 14:49:11.258874'),('wsr9zyfqfytifef48phv579ufqopvjat','NzJkNDU3OTM1MjE2MDZiYjcxZTBjMDk2YjQ1MGM4OTA2ODdjMDgxMDp7Il9hdXRoX3VzZXJfaWQiOiIzIiwiX2F1dGhfdXNlcl9iYWNrZW5kIjoiZGphbmdvLmNvbnRyaWIuYXV0aC5iYWNrZW5kcy5Nb2RlbEJhY2tlbmQiLCJfYXV0aF91c2VyX2hhc2giOiJmOTQ5NWUzMTM5Mjg5YTQ4MzdjY2RlZmQyOWQ5MmQ5OGJmNzhhYjdiIn0=','2021-12-08 13:41:53.326449'),('wva5djt13qzer9asl4kntxfrtpdwpwq2','NzJkNDU3OTM1MjE2MDZiYjcxZTBjMDk2YjQ1MGM4OTA2ODdjMDgxMDp7Il9hdXRoX3VzZXJfaWQiOiIzIiwiX2F1dGhfdXNlcl9iYWNrZW5kIjoiZGphbmdvLmNvbnRyaWIuYXV0aC5iYWNrZW5kcy5Nb2RlbEJhY2tlbmQiLCJfYXV0aF91c2VyX2hhc2giOiJmOTQ5NWUzMTM5Mjg5YTQ4MzdjY2RlZmQyOWQ5MmQ5OGJmNzhhYjdiIn0=','2020-08-12 18:55:03.882507'),('wx14bz35lobxult4z09xpwqw92k5ze4c','NzJkNDU3OTM1MjE2MDZiYjcxZTBjMDk2YjQ1MGM4OTA2ODdjMDgxMDp7Il9hdXRoX3VzZXJfaWQiOiIzIiwiX2F1dGhfdXNlcl9iYWNrZW5kIjoiZGphbmdvLmNvbnRyaWIuYXV0aC5iYWNrZW5kcy5Nb2RlbEJhY2tlbmQiLCJfYXV0aF91c2VyX2hhc2giOiJmOTQ5NWUzMTM5Mjg5YTQ4MzdjY2RlZmQyOWQ5MmQ5OGJmNzhhYjdiIn0=','2020-12-02 15:09:50.191066'),('xkiufsu4jda2l2pc97jkuto9ca5b9ztg','NzJkNDU3OTM1MjE2MDZiYjcxZTBjMDk2YjQ1MGM4OTA2ODdjMDgxMDp7Il9hdXRoX3VzZXJfaWQiOiIzIiwiX2F1dGhfdXNlcl9iYWNrZW5kIjoiZGphbmdvLmNvbnRyaWIuYXV0aC5iYWNrZW5kcy5Nb2RlbEJhY2tlbmQiLCJfYXV0aF91c2VyX2hhc2giOiJmOTQ5NWUzMTM5Mjg5YTQ4MzdjY2RlZmQyOWQ5MmQ5OGJmNzhhYjdiIn0=','2020-08-28 16:02:59.623183'),('ymfhk5qiuvi9p6096t3czqz4dm22ub0j','NzJkNDU3OTM1MjE2MDZiYjcxZTBjMDk2YjQ1MGM4OTA2ODdjMDgxMDp7Il9hdXRoX3VzZXJfaWQiOiIzIiwiX2F1dGhfdXNlcl9iYWNrZW5kIjoiZGphbmdvLmNvbnRyaWIuYXV0aC5iYWNrZW5kcy5Nb2RlbEJhY2tlbmQiLCJfYXV0aF91c2VyX2hhc2giOiJmOTQ5NWUzMTM5Mjg5YTQ4MzdjY2RlZmQyOWQ5MmQ5OGJmNzhhYjdiIn0=','2020-11-11 13:21:50.178333'),('ypb7dbf10zqlwoc00gpsc4r3f5ysvy3d','NzJkNDU3OTM1MjE2MDZiYjcxZTBjMDk2YjQ1MGM4OTA2ODdjMDgxMDp7Il9hdXRoX3VzZXJfaWQiOiIzIiwiX2F1dGhfdXNlcl9iYWNrZW5kIjoiZGphbmdvLmNvbnRyaWIuYXV0aC5iYWNrZW5kcy5Nb2RlbEJhY2tlbmQiLCJfYXV0aF91c2VyX2hhc2giOiJmOTQ5NWUzMTM5Mjg5YTQ4MzdjY2RlZmQyOWQ5MmQ5OGJmNzhhYjdiIn0=','2020-10-07 16:52:02.063985'),('yua00otgh96mkyybnqufq9dym9x1fvlm','.eJxVjMsOwiAQRf-FtSEMjAO4dN9vaAaY2qqBpI-V8d-1SRe6veec-1I9b-vYb4vM_VTURTl1-t0S54fUHZQ711vTudV1npLeFX3QRXetyPN6uH8HIy_jtwYfJSDbQJA4WPEMGFA8mcFmF40NmVwZKGGEQmdH4A0NYDIjRrSi3h--kTa6:1mqU7T:rGtwlskjvMYbBXMysZFvTpTs3ZuWggnRhe_DIDvAPqg','2021-12-10 05:49:59.079698'),('zdhrqqdgmr85j8nyhu1clrnu1udsxi4z','NzJkNDU3OTM1MjE2MDZiYjcxZTBjMDk2YjQ1MGM4OTA2ODdjMDgxMDp7Il9hdXRoX3VzZXJfaWQiOiIzIiwiX2F1dGhfdXNlcl9iYWNrZW5kIjoiZGphbmdvLmNvbnRyaWIuYXV0aC5iYWNrZW5kcy5Nb2RlbEJhY2tlbmQiLCJfYXV0aF91c2VyX2hhc2giOiJmOTQ5NWUzMTM5Mjg5YTQ4MzdjY2RlZmQyOWQ5MmQ5OGJmNzhhYjdiIn0=','2020-12-09 08:03:01.552240'),('zhpad2jvfcrhovg8e6t0o2tzl9is75r7','NzJkNDU3OTM1MjE2MDZiYjcxZTBjMDk2YjQ1MGM4OTA2ODdjMDgxMDp7Il9hdXRoX3VzZXJfaWQiOiIzIiwiX2F1dGhfdXNlcl9iYWNrZW5kIjoiZGphbmdvLmNvbnRyaWIuYXV0aC5iYWNrZW5kcy5Nb2RlbEJhY2tlbmQiLCJfYXV0aF91c2VyX2hhc2giOiJmOTQ5NWUzMTM5Mjg5YTQ4MzdjY2RlZmQyOWQ5MmQ5OGJmNzhhYjdiIn0=','2020-07-21 14:22:45.241016'),('ztkmde8qpyil141sbe7rjembuxb41mq5','NzJkNDU3OTM1MjE2MDZiYjcxZTBjMDk2YjQ1MGM4OTA2ODdjMDgxMDp7Il9hdXRoX3VzZXJfaWQiOiIzIiwiX2F1dGhfdXNlcl9iYWNrZW5kIjoiZGphbmdvLmNvbnRyaWIuYXV0aC5iYWNrZW5kcy5Nb2RlbEJhY2tlbmQiLCJfYXV0aF91c2VyX2hhc2giOiJmOTQ5NWUzMTM5Mjg5YTQ4MzdjY2RlZmQyOWQ5MmQ5OGJmNzhhYjdiIn0=','2021-06-23 12:01:36.851864'),('zw6w9r27wqu9c4r69gxlkgw2b6w5zn2e','MTI5MTU3YmM5MzlhNWM5ZmY0NzkyYmUzZmFmMDQ1NzRhZmIxYTc0MDp7Il9hdXRoX3VzZXJfaWQiOiI0IiwiX2F1dGhfdXNlcl9iYWNrZW5kIjoiZGphbmdvLmNvbnRyaWIuYXV0aC5iYWNrZW5kcy5Nb2RlbEJhY2tlbmQiLCJfYXV0aF91c2VyX2hhc2giOiI0ODA5OGM3OTAyY2Y4N2IzYzU3ZmIzZGEzODJiMjlhNjQ1ZTZhNTUzIn0=','2020-07-08 09:50:43.609254');
/*!40000 ALTER TABLE `django_session` ENABLE KEYS */;
UNLOCK TABLES;

--
-- Table structure for table `payment_invoice`
--

DROP TABLE IF EXISTS `payment_invoice`;
/*!40101 SET @saved_cs_client     = @@character_set_client */;
/*!50503 SET character_set_client = utf8mb4 */;
CREATE TABLE `payment_invoice` (
  `id` int NOT NULL AUTO_INCREMENT,
  `booking_id` int unsigned DEFAULT NULL,
  `case_id` varchar(30) DEFAULT NULL,
  `name` varchar(255) DEFAULT NULL,
  `email` varchar(254) DEFAULT NULL,
  `mobile` varchar(20) DEFAULT NULL,
  `charges` decimal(7,2) DEFAULT NULL,
  `tax` decimal(7,2) DEFAULT NULL,
  `amount` decimal(7,2) DEFAULT NULL,
  `round_off` decimal(4,2) DEFAULT NULL,
  `payable` decimal(7,2) DEFAULT NULL,
  PRIMARY KEY (`id`)
) ENGINE=InnoDB DEFAULT CHARSET=latin1;
/*!40101 SET character_set_client = @saved_cs_client */;

--
-- Dumping data for table `payment_invoice`
--

LOCK TABLES `payment_invoice` WRITE;
/*!40000 ALTER TABLE `payment_invoice` DISABLE KEYS */;
/*!40000 ALTER TABLE `payment_invoice` ENABLE KEYS */;
UNLOCK TABLES;

--
-- Table structure for table `user_addressdata`
--

DROP TABLE IF EXISTS `user_addressdata`;
/*!40101 SET @saved_cs_client     = @@character_set_client */;
/*!50503 SET character_set_client = utf8mb4 */;
CREATE TABLE `user_addressdata` (
  `id` int NOT NULL AUTO_INCREMENT,
  `block` varchar(100) DEFAULT NULL,
  `title` varchar(100) DEFAULT NULL,
  `latitude` varchar(100) DEFAULT NULL,
  `longitude` varchar(100) DEFAULT NULL,
  `address` longtext,
  `created` datetime(6) NOT NULL,
  `modified` datetime(6) NOT NULL,
  `user_id` int NOT NULL,
  `landmark` varchar(100) DEFAULT NULL,
  PRIMARY KEY (`id`),
  KEY `user_addressdata_user_id_d9ae4aa3_fk_user_user_id` (`user_id`),
  CONSTRAINT `user_addressdata_user_id_d9ae4aa3_fk_user_user_id` FOREIGN KEY (`user_id`) REFERENCES `user_user` (`id`) ON DELETE RESTRICT ON UPDATE RESTRICT
) ENGINE=InnoDB AUTO_INCREMENT=162 DEFAULT CHARSET=latin1;
/*!40101 SET character_set_client = @saved_cs_client */;

--
-- Dumping data for table `user_addressdata`
--

LOCK TABLES `user_addressdata` WRITE;
/*!40000 ALTER TABLE `user_addressdata` DISABLE KEYS */;
INSERT INTO `user_addressdata` VALUES (111,'6','HOME','52.65540775887303','-1.1360697448253632','Abbey, Abbey Lane, Leicester, United Kingdom, LE4 5QU','2021-05-31 18:46:31.923015','2021-05-31 18:46:31.923064',243,''),(112,'test iytemm','test','20.2844005','85.7703246','5, Sum Hospital Rd, Bharatpur, Bhubaneswar, Odisha 751003, India','2021-06-02 13:59:17.155275','2021-06-02 13:59:17.155324',255,'uuuu'),(113,'85','HOME','52.60385062120432','-1.0776612907648087','Oadby, Stoughton Road, Leicester, United Kingdom, LE2 4FQ','2021-06-05 13:54:15.813404','2021-06-05 13:54:15.813455',263,''),(114,'109, Keshari Eden Apartment','HOME','20.288830050391514','85.77710464596748','Lane Number 2, Durga Madhab Nagar, Bharatpur, Bhubaneswar, Odisha 751003, India','2021-06-05 18:11:37.512217','2021-06-05 18:11:37.512267',253,'Lane 2'),(115,'1','HOME','52.648925730821986','-1.132376678287983','Abbey, Corbridge Close, Leicester, United Kingdom, LE4 5EF','2021-06-07 15:34:21.265275','2021-06-07 15:34:21.265324',243,''),(116,'3','HOME','52.64871214863901','-1.1321500316262245','Abbey, Wolsey Island Way, Leicester, United Kingdom, LE4 5EY','2021-06-10 15:59:34.484642','2021-06-10 15:59:34.484693',243,''),(117,'56','HOME','20.29453293942796','85.80720808356999','N2/165, N2, Block N2, IRC Village, Nayapalli, Bhubaneswar, Odisha 751015, India','2021-06-11 17:26:53.718205','2021-06-11 17:26:53.718285',270,'roaf'),(118,'2','HOME','52.6257737','-1.1090706','144A Evington Rd, Leicester LE2 1HL, UK','2021-06-15 20:42:20.220369','2021-06-15 20:42:20.220412',272,'Evington Road'),(119,'303','HOME','20.28473805496051','85.77108945697546','8, Sum Hospital Rd, Shampur, Bhubaneswar, Odisha 751003, India','2021-06-17 15:15:44.782731','2021-06-17 15:15:44.782765',274,'Pune'),(120,'2','HOME','52.6370849914778','-1.1258069425821304','Saint Georges, Humberstone Road, Leicester, United Kingdom, LE5 0AR','2021-06-24 19:57:28.711109','2021-06-24 19:57:28.711142',243,'Rt'),(124,'12','HOME','52.662414484645126','-1.1323746666312218','Abbey, Thurcaston Road, Leicester, United Kingdom, LE4 2QB','2021-07-02 17:38:53.893027','2021-07-02 17:38:53.893057',243,'Er'),(125,'1','HOME','52.64880368398801','-1.13188985735178','Abbey, Wolsey Island Way, Leicester, United Kingdom, LE4 5EY','2021-07-10 13:50:51.242914','2021-07-10 13:50:51.242954',243,'Test'),(126,'A1','Home','20.2772054','85.7629267','223, Sum Hospital Rd, Shampur, Bhubaneswar, Odisha 751030, India','2021-07-12 08:16:42.865261','2021-07-12 08:16:42.865308',284,'Test'),(127,'G','HOME','52.62573234398814','-1.1090149730443954','Horston Hill, Linton St, Leicester, United Kingdom, LE5 5JA','2021-07-13 21:22:11.794596','2021-07-13 21:22:11.794628',243,'Y'),(128,'T','WORK','52.630584781463384','-1.1005619913339615','Horston Hill, Gwendolen Road, Leicester, United Kingdom, LE5 5FL','2021-07-14 15:20:18.884854','2021-07-14 15:20:18.884887',243,'Of'),(129,'136 Glenfield Frith Drive ','HOME','52.64948958277273','-1.1964385583996773','136 Glenfield Frith Dr, Glenfield, Leicester LE3 8PT, UK','2021-08-03 16:11:41.383661','2021-08-03 16:11:41.383693',297,'home'),(130,'2','HOME','52.64874266044329','-1.1320065334439278','Abbey, Corbridge Close, Leicester, United Kingdom, LE4 5EF','2021-09-08 08:03:07.532230','2021-09-08 08:03:07.532271',243,'Prk'),(131,'12','HOME','52.65039067306883','-1.084795631468296','Humberstone, Leicester, United Kingdom, LE5','2021-09-12 10:03:11.843703','2021-09-12 10:03:11.843736',243,'D'),(132,'75','HOME','52.60168465406955','-1.0857635736465454','Oadby, Leicester Road, Leicester, United Kingdom, LE2 4DF','2021-09-26 08:49:48.957552','2021-09-26 08:49:48.957585',306,''),(133,'12','WORK','52.629058938763485','-1.1246924847364428','New Walk, New Walk, Leicester, United Kingdom, LE1 7EA','2021-10-21 17:46:55.335041','2021-10-21 17:46:55.335074',243,'Rt'),(134,'E','WORK','52.6257018161308','-1.109112873673439','Horston Hill, Evington Road, Leicester, United Kingdom, LE2 1HL','2021-10-28 12:16:32.639435','2021-10-28 12:16:32.639467',243,''),(135,'4','WORK','52.6320495241209','-1.0993875190615656','Horston Hill, Linden St, Leicester, United Kingdom, LE5 5EE','2021-11-04 18:16:01.471837','2021-11-04 18:16:01.471889',243,''),(136,'2','HOME','52.6306458303444','-1.1006173118948936','Horston Hill, Gwendolen Road, Leicester, United Kingdom, LE5 5FL','2021-11-18 16:44:23.484899','2021-11-18 16:44:23.484932',243,'Gh'),(137,'70 Haddenham Road','HOME','52.620025706880035','-1.1549880355596542','Rowley Fields, Haddenham Road, Leicester, United Kingdom, LE3 2BF','2021-11-20 21:43:18.721924','2021-11-20 21:43:18.721956',315,'Na'),(138,'sum hospital ','HOME','20.283834228924142','85.76887998729944','21, Sum Hospital Rd, Bharatpur, Bhubaneswar, Odisha 751003, India','2021-11-26 07:11:46.236275','2021-11-26 07:11:46.236313',316,'sum'),(139,'Er','HOME','52.64880368398801','-1.1321433261036873','Abbey, Corbridge Close, Leicester, United Kingdom, LE4 5EF','2021-11-26 07:24:46.011597','2021-11-26 07:24:46.011625',243,'Dg'),(140,'120','WORK','20.283834228924142','85.76887998729944','21, Sum Hospital Rd, Bharatpur, Bhubaneswar, Odisha 751003, India','2021-11-26 09:50:31.102964','2021-11-26 09:50:31.102994',317,'sum hospital '),(141,'FR','HOME','52.60278322839255','-1.0884471237659452','Oadby, Oadby Hill Dr, Leicester, United Kingdom, LE2 5GF','2021-11-26 10:50:25.570574','2021-11-26 10:50:25.570602',318,'Dd'),(142,'test','WORK','20.547113593286515','74.5351043343544','105,Budhwar ward, Bhikku Chowk, Gulshanabad, Malegaon, Maharashtra 423203, India','2021-11-26 13:21:44.987190','2021-11-26 13:21:44.987243',316,'test'),(143,'add','HOME','52.6397513345222','-1.1323099583387375','Abbey St, Leicester LE1, UK','2021-11-26 14:46:14.764716','2021-11-26 14:46:14.764742',313,'some'),(144,'34','HOME','52.638326321037184','-1.1350873857736588','70 Church Gate, Leicester LE1 3AN, UK','2021-11-26 15:01:47.942204','2021-11-26 15:01:47.942239',262,'fg'),(145,'45','HOME','52.63801502550573','-1.1078998446464539','72 Mere Rd, Leicester LE5 3HR, UK','2021-11-26 15:32:47.493248','2021-11-26 15:32:47.493300',262,'sr'),(146,'13','HOME','52.64292082612585','-1.0880561918020248','13 Gardenia Rd, Leicester LE5 0PZ, UK','2021-11-26 20:05:21.059010','2021-11-26 20:05:21.059045',268,'none'),(147,'34','HOME','52.628531250985766','-1.1124562472105026','34 Biddulph St, Leicester LE2 1BF, UK','2021-11-28 18:53:00.390873','2021-11-28 18:53:00.390901',320,'park '),(148,'34','HOME','52.64878761446283','-1.132027991116047','6 Corbridge Cl, Leicester LE4 5EY, UK','2021-11-29 12:33:20.520846','2021-11-29 12:33:20.520875',262,'tt'),(149,'test test','HOME','20.54934511346597','74.53339878469706','Md. Ali Road, Bhikku Chowk, Gulshanabad, Malegaon, Maharashtra 423203, India','2021-11-30 06:23:10.494614','2021-11-30 06:23:10.494654',325,'test'),(150,'Rt','HOME','52.64874266044329','-1.1321845650672913','Abbey, Corbridge Close, Leicester, United Kingdom, LE4 5EF','2021-12-01 10:51:29.147185','2021-12-01 10:51:29.147214',243,'Sr'),(151,'We','HOME','52.64886470744757','-1.1320380493998528','Abbey, Corbridge Close, Leicester, United Kingdom, LE4 5EF','2021-12-01 10:52:23.784794','2021-12-01 10:52:23.784823',243,'Br'),(152,'Abbey','HOME','52.64877317222631','-1.1321962997317314','Abbey, Corbridge Close, Leicester, United Kingdom, LE4 5EF','2021-12-01 16:57:59.732513','2021-12-01 16:57:59.732539',243,'Apark'),(153,'12','HOME','52.63833608713567','-1.1352553591132164','Church Gate, Butt Close Lane, Leicester, United Kingdom, LE1','2021-12-03 13:49:40.888091','2021-12-03 13:49:40.888126',243,'Dg'),(154,'test','HOME','20.551181666550427','74.53723669052124','HG2Q+G26, Sardar Nagar, Nayapura, Malegaon, Maharashtra 423203, India','2021-12-04 10:34:10.974735','2021-12-04 10:34:10.974783',341,'test'),(155,'70 ','HOME','52.62006560178261','-1.1548173800110817','70 Haddenham Rd, Leicester LE3 2BF, UK','2021-12-05 15:46:26.777262','2021-12-05 15:46:26.777291',344,'Haddenham Road '),(156,'6','HOME','52.646233298537595','-1.1360127478837967','Unnamed Road, Leicester LE1, UK','2021-12-05 16:25:13.082435','2021-12-05 16:25:13.082464',343,'Abbey park'),(157,'6','WORK','52.64904228523043','-1.1323371157050133','5 Corbridge Cl, Leicester LE4 5AN, UK','2021-12-06 11:21:03.908625','2021-12-06 11:21:03.908656',243,'close'),(158,'6','WORK','52.64880368398801','-1.1321225389838219','Abbey, Corbridge Close, Leicester, United Kingdom, LE4 5EF','2021-12-07 08:24:29.829257','2021-12-07 08:24:29.829285',243,'Abbey'),(159,'22','HOME','52.625958860024234','-1.10730841755867','Horston Hill, Sawley St, Leicester, United Kingdom, LE5 5JQ','2021-12-07 10:05:12.752284','2021-12-07 10:05:12.752314',348,''),(160,'6','WORK','52.64874266044329','-1.132025308907032','Abbey, Corbridge Close, Leicester, United Kingdom, LE4 5EF','2021-12-07 17:22:57.367221','2021-12-07 17:22:57.367250',243,'Dr'),(161,'3','WORK','52.64886470744757','-1.132059171795845','Abbey, Corbridge Close, Leicester, United Kingdom, LE4 5EF','2021-12-07 17:24:04.385829','2021-12-07 17:24:04.385857',243,'Dr');
/*!40000 ALTER TABLE `user_addressdata` ENABLE KEYS */;
UNLOCK TABLES;

--
-- Table structure for table `user_adminuserdata`
--

DROP TABLE IF EXISTS `user_adminuserdata`;
/*!40101 SET @saved_cs_client     = @@character_set_client */;
/*!50503 SET character_set_client = utf8mb4 */;
CREATE TABLE `user_adminuserdata` (
  `id` int NOT NULL AUTO_INCREMENT,
  `is_category_access` tinyint(1) NOT NULL,
  `is_sub_category_access` tinyint(1) NOT NULL,
  `is_user_access` tinyint(1) NOT NULL,
  `is_vendor_access` tinyint(1) NOT NULL,
  `is_executive_access` tinyint(1) NOT NULL,
  `is_option_access` tinyint(1) NOT NULL,
  `is_order_access` tinyint(1) NOT NULL,
  `is_admin_user_access` tinyint(1) NOT NULL,
  `created` datetime(6) DEFAULT NULL,
  `modified` datetime(6) DEFAULT NULL,
  `user_id` int NOT NULL,
  PRIMARY KEY (`id`),
  KEY `user_adminuserdata_user_id_ffb9b914_fk_user_user_id` (`user_id`),
  CONSTRAINT `user_adminuserdata_user_id_ffb9b914_fk_user_user_id` FOREIGN KEY (`user_id`) REFERENCES `user_user` (`id`) ON DELETE RESTRICT ON UPDATE RESTRICT
) ENGINE=InnoDB AUTO_INCREMENT=2 DEFAULT CHARSET=latin1;
/*!40101 SET character_set_client = @saved_cs_client */;

--
-- Dumping data for table `user_adminuserdata`
--

LOCK TABLES `user_adminuserdata` WRITE;
/*!40000 ALTER TABLE `user_adminuserdata` DISABLE KEYS */;
INSERT INTO `user_adminuserdata` VALUES (1,1,1,1,1,1,1,1,1,'2020-09-20 10:45:13.013209','2020-09-20 10:45:13.013272',3);
/*!40000 ALTER TABLE `user_adminuserdata` ENABLE KEYS */;
UNLOCK TABLES;

--
-- Table structure for table `user_bannerdata`
--

DROP TABLE IF EXISTS `user_bannerdata`;
/*!40101 SET @saved_cs_client     = @@character_set_client */;
/*!50503 SET character_set_client = utf8mb4 */;
CREATE TABLE `user_bannerdata` (
  `id` int NOT NULL AUTO_INCREMENT,
  `title` longtext,
  `image` varchar(100) DEFAULT NULL,
  `created` datetime(6) NOT NULL,
  `modified` datetime(6) NOT NULL,
  PRIMARY KEY (`id`)
) ENGINE=InnoDB AUTO_INCREMENT=10 DEFAULT CHARSET=latin1;
/*!40101 SET character_set_client = @saved_cs_client */;

--
-- Dumping data for table `user_bannerdata`
--

LOCK TABLES `user_bannerdata` WRITE;
/*!40000 ALTER TABLE `user_bannerdata` DISABLE KEYS */;
INSERT INTO `user_bannerdata` VALUES (6,'Banner 1','slide_4_final_1.png','2021-01-21 18:35:38.207944','2021-11-23 14:48:05.005080'),(7,'Banner 2','WhatsApp_Image_2021-05-30_at_4.40.12_PM_1.jpeg','2021-01-21 18:42:33.948444','2021-05-31 06:15:19.323038'),(8,'Banner 3','slide_2_final.png','2021-01-21 18:42:50.954494','2021-06-03 10:25:41.830557'),(9,'Banner 4','WhatsApp_Image_2021-05-30_at_4.40.12_PM.jpeg','2021-01-21 18:43:03.250318','2021-05-31 06:14:54.410553');
/*!40000 ALTER TABLE `user_bannerdata` ENABLE KEYS */;
UNLOCK TABLES;

--
-- Table structure for table `user_chargesettingdata`
--

DROP TABLE IF EXISTS `user_chargesettingdata`;
/*!40101 SET @saved_cs_client     = @@character_set_client */;
/*!50503 SET character_set_client = utf8mb4 */;
CREATE TABLE `user_chargesettingdata` (
  `id` int NOT NULL AUTO_INCREMENT,
  `from_10to30_mile` varchar(50) NOT NULL,
  `packing_charge_per` varchar(50) NOT NULL,
  `distance` varchar(50) NOT NULL,
  `tip_charge` varchar(50) NOT NULL,
  `cancel_charge` varchar(50) NOT NULL,
  `created` datetime(6) NOT NULL,
  `modified` datetime(6) NOT NULL,
  `from_3to5_mile` varchar(50) NOT NULL,
  `from_5to10_mile` varchar(50) NOT NULL,
  `upto_3_mile` varchar(50) NOT NULL,
  `driver_charge_upto_3_mile` varchar(50) NOT NULL,
  `driver_charge_from_3to5_mile` varchar(50) NOT NULL,
  `driver_charge_from_5to10_mile` varchar(50) NOT NULL,
  `driver_charge_from_10to30_mile` varchar(50) NOT NULL,
  PRIMARY KEY (`id`)
) ENGINE=InnoDB AUTO_INCREMENT=2 DEFAULT CHARSET=latin1;
/*!40101 SET character_set_client = @saved_cs_client */;

--
-- Dumping data for table `user_chargesettingdata`
--

LOCK TABLES `user_chargesettingdata` WRITE;
/*!40000 ALTER TABLE `user_chargesettingdata` DISABLE KEYS */;
INSERT INTO `user_chargesettingdata` VALUES (1,'14.99','1.99','15','10','0','2020-10-17 11:16:26.748714','2021-11-26 05:53:48.215126','3.99','7.99','2.99','1.00','1.25','2.00','5.00');
/*!40000 ALTER TABLE `user_chargesettingdata` ENABLE KEYS */;
UNLOCK TABLES;

--
-- Table structure for table `user_executivedata`
--

DROP TABLE IF EXISTS `user_executivedata`;
/*!40101 SET @saved_cs_client     = @@character_set_client */;
/*!50503 SET character_set_client = utf8mb4 */;
CREATE TABLE `user_executivedata` (
  `id` int NOT NULL AUTO_INCREMENT,
  `mobile` varchar(50) NOT NULL,
  `mobile2` varchar(50) NOT NULL,
  `latitude` varchar(100) DEFAULT NULL,
  `longitude` varchar(100) DEFAULT NULL,
  `city` varchar(250) DEFAULT NULL,
  `pincode` varchar(50) DEFAULT NULL,
  `address` longtext,
  `is_verified` tinyint(1) NOT NULL,
  `created` datetime(6) NOT NULL,
  `modified` datetime(6) NOT NULL,
  `user_id` int DEFAULT NULL,
  `dl_date` date DEFAULT NULL,
  `dl_no` varchar(100) DEFAULT NULL,
  `v_name` varchar(100) DEFAULT NULL,
  `rating` int unsigned NOT NULL,
  `email` varchar(250) NOT NULL,
  `rc` varchar(100) DEFAULT NULL,
  `is_available` tinyint(1) NOT NULL,
  `de_charge_per` varchar(10) DEFAULT NULL,
  `dl_upload` varchar(100) DEFAULT NULL,
  `insurance` varchar(100) DEFAULT NULL,
  `insurance_upload` varchar(100) DEFAULT NULL,
  `mode` int unsigned NOT NULL,
  `account_no` varchar(200) DEFAULT NULL,
  `bank_name` varchar(200) DEFAULT NULL,
  `holder_name` varchar(200) DEFAULT NULL,
  `sort_code` varchar(200) DEFAULT NULL,
  `payment` int unsigned NOT NULL,
  `balance` varchar(200) DEFAULT NULL,
  `stripe_id` varchar(45) DEFAULT NULL,
  PRIMARY KEY (`id`),
  KEY `user_executivedata_user_id_9cbe9b48_fk_user_user_id` (`user_id`),
  CONSTRAINT `user_executivedata_user_id_9cbe9b48_fk_user_user_id` FOREIGN KEY (`user_id`) REFERENCES `user_user` (`id`) ON DELETE RESTRICT ON UPDATE RESTRICT
) ENGINE=InnoDB AUTO_INCREMENT=16 DEFAULT CHARSET=latin1;
/*!40101 SET character_set_client = @saved_cs_client */;

--
-- Dumping data for table `user_executivedata`
--

LOCK TABLES `user_executivedata` WRITE;
/*!40000 ALTER TABLE `user_executivedata` DISABLE KEYS */;
INSERT INTO `user_executivedata` VALUES (13,'','+919999999999','20.5471137','74.5351045',NULL,NULL,'Malegaon, Nashik, Maharashtra, 423200, India',1,'2021-06-03 04:47:50.893528','2021-11-26 13:20:39.212361',256,'2025-10-03','8236478234','OD04HT8888',5,'testdriver@gmail.com','Meat-image.png',1,'10','iTunesArtwork2x.png','2024-10-03','iTunesArtwork1x.png',1,'2786487263478','ICICI Bank','Test Account','28734682',2,'0.0','acct_1Jpt3TPfkMdnQ7VR'),(14,'','+447735907661','52.6554077','-1.1360697',NULL,NULL,'Chale Road, Stocking Farm, Leicester, City of Leicester, East Midlands, England, LE4 5QU, United Kingdom',0,'2021-06-05 13:07:54.220463','2021-06-05 13:07:54.314998',262,'2022-06-05','654389£','34567890',5,'isaq@gmail.com','6087826E-8FFF-45A8-A284-26009D5679D0.jpeg',0,'20','A6662C53-4218-4D51-BB94-ABED202406BD.jpeg','2022-06-05','B5DB83BB-0AFC-47EB-9EF9-BE3AFEB43A48.jpeg',2,'23447886','I Ahmed','IAhmed','546723',2,'0.0','acct_1Jpt3TPfkMdnQ7VR'),(15,'','+447466014455','52.6203268','-1.1558299',NULL,NULL,'Haddenham Road, Westcotes, Leicester, City of Leicester, East Midlands, England, LE3 2AR, United Kingdom',1,'2021-06-06 10:20:09.590472','2021-12-06 20:11:55.586293',265,'2022-06-06','Syed970258199us','Ve65ezn',5,'syedisaq@yahoo.com','1B92C547-0266-44D4-A1EA-3A557E60CAE0.jpeg',1,'20','94244DA5-697D-4335-9439-C185B5CA39A2.jpeg','2022-06-06','261815BC-3367-48D6-BD33-65ECBFFC7808.jpeg',2,'00999316','Halifax','Syedisaq','110385',2,'0.0','acct_1Jpt3TPfkMdnQ7VR');
/*!40000 ALTER TABLE `user_executivedata` ENABLE KEYS */;
UNLOCK TABLES;

--
-- Table structure for table `user_optiondata`
--

DROP TABLE IF EXISTS `user_optiondata`;
/*!40101 SET @saved_cs_client     = @@character_set_client */;
/*!50503 SET character_set_client = utf8mb4 */;
CREATE TABLE `user_optiondata` (
  `id` int NOT NULL AUTO_INCREMENT,
  `name` varchar(200) NOT NULL,
  `upto_3_mile` varchar(50) NOT NULL,
  `from_3to5_mile` varchar(50) NOT NULL,
  `from_5to10_mile` varchar(50) NOT NULL,
  `from_10to30_mile` varchar(50) NOT NULL,
  `packing_charge` varchar(50) NOT NULL,
  `supplier_fee` varchar(50) NOT NULL,
  `vat` varchar(50) NOT NULL,
  `cancel_charge` varchar(50) NOT NULL,
  `created` datetime(6) NOT NULL,
  `modified` datetime(6) NOT NULL,
  PRIMARY KEY (`id`)
) ENGINE=InnoDB AUTO_INCREMENT=3 DEFAULT CHARSET=latin1;
/*!40101 SET character_set_client = @saved_cs_client */;

--
-- Dumping data for table `user_optiondata`
--

LOCK TABLES `user_optiondata` WRITE;
/*!40000 ALTER TABLE `user_optiondata` DISABLE KEYS */;
INSERT INTO `user_optiondata` VALUES (1,'Option1','6','11','16','25','0.5','20','0','0','2020-06-23 07:47:39.676689','2020-08-26 06:52:02.802673'),(2,'Option2','5.0','10.0','15.0','20.0','0.5','10','0','0','2020-06-24 20:50:16.458518','2020-08-12 06:35:16.983055');
/*!40000 ALTER TABLE `user_optiondata` ENABLE KEYS */;
UNLOCK TABLES;

--
-- Table structure for table `user_otpdata`
--

DROP TABLE IF EXISTS `user_otpdata`;
/*!40101 SET @saved_cs_client     = @@character_set_client */;
/*!50503 SET character_set_client = utf8mb4 */;
CREATE TABLE `user_otpdata` (
  `id` int NOT NULL AUTO_INCREMENT,
  `code` int unsigned NOT NULL,
  `isVerified` tinyint(1) NOT NULL,
  `user_id` int NOT NULL,
  PRIMARY KEY (`id`),
  UNIQUE KEY `user_id` (`user_id`),
  CONSTRAINT `user_otpdata_user_id_5253e508_fk_user_user_id` FOREIGN KEY (`user_id`) REFERENCES `user_user` (`id`) ON DELETE RESTRICT ON UPDATE RESTRICT
) ENGINE=InnoDB AUTO_INCREMENT=329 DEFAULT CHARSET=latin1;
/*!40101 SET character_set_client = @saved_cs_client */;

--
-- Dumping data for table `user_otpdata`
--

LOCK TABLES `user_otpdata` WRITE;
/*!40000 ALTER TABLE `user_otpdata` DISABLE KEYS */;
INSERT INTO `user_otpdata` VALUES (226,295474,0,243),(231,456960,0,250),(232,771077,0,251),(234,781618,0,249),(235,916707,0,253),(237,589711,0,255),(239,347914,0,258),(240,743826,0,259),(241,294608,0,261),(242,731350,0,262),(243,594048,0,263),(245,678626,0,265),(246,434446,0,266),(247,940165,0,267),(248,324503,0,268),(249,678037,0,269),(250,703930,0,270),(251,736590,0,256),(252,442936,0,271),(253,571244,0,272),(254,260220,0,273),(255,168195,0,274),(256,621248,0,275),(257,150561,0,276),(258,478218,0,277),(259,791898,0,278),(260,705397,0,279),(261,346395,0,280),(262,836538,0,281),(263,259546,0,282),(264,337864,0,283),(265,239598,0,284),(266,354102,0,285),(267,134104,0,286),(268,709285,0,287),(269,635781,0,288),(270,132042,0,289),(271,995951,0,290),(272,332568,0,291),(273,338411,0,292),(274,719937,0,293),(275,530463,0,294),(276,234701,0,295),(277,269700,0,296),(278,621024,0,297),(279,139470,0,298),(280,881043,0,299),(281,418199,0,300),(282,676236,0,301),(283,614324,0,302),(284,546292,0,303),(285,424742,0,304),(286,434955,0,305),(287,964143,0,306),(288,925162,0,307),(289,707962,0,308),(290,593181,0,309),(291,551566,0,310),(292,137824,0,311),(293,323235,0,312),(294,278850,0,313),(295,747077,0,314),(296,702733,0,315),(297,177823,0,316),(298,627538,0,317),(299,224300,0,318),(300,214066,0,319),(301,774901,0,320),(302,451481,0,321),(303,367464,0,322),(304,496534,0,323),(305,627482,0,324),(306,176681,0,325),(307,779806,0,326),(308,497504,0,327),(309,432232,0,328),(310,257976,0,329),(311,319294,0,330),(312,430924,0,331),(313,267338,0,333),(314,584379,0,334),(315,607040,0,335),(316,183279,0,336),(317,151894,0,337),(318,387297,0,338),(319,985080,0,339),(320,929918,0,340),(321,606759,0,341),(322,167682,0,342),(323,339839,0,343),(324,834571,0,344),(325,555935,0,345),(326,928660,0,346),(327,750563,0,347),(328,655849,0,348);
/*!40000 ALTER TABLE `user_otpdata` ENABLE KEYS */;
UNLOCK TABLES;

--
-- Table structure for table `user_user`
--

DROP TABLE IF EXISTS `user_user`;
/*!40101 SET @saved_cs_client     = @@character_set_client */;
/*!50503 SET character_set_client = utf8mb4 */;
CREATE TABLE `user_user` (
  `id` int NOT NULL AUTO_INCREMENT,
  `password` varchar(128) NOT NULL,
  `last_login` datetime(6) DEFAULT NULL,
  `is_superuser` tinyint(1) NOT NULL,
  `username` varchar(150) NOT NULL,
  `first_name` varchar(30) NOT NULL,
  `last_name` varchar(150) NOT NULL,
  `email` varchar(254) NOT NULL,
  `is_staff` tinyint(1) NOT NULL,
  `is_active` tinyint(1) NOT NULL,
  `is_email` tinyint(1) DEFAULT NULL,
  `date_joined` datetime(6) NOT NULL,
  `isMobileVerified` tinyint(1) NOT NULL,
  `avatar` varchar(100) DEFAULT NULL,
  `source` varchar(10) DEFAULT NULL,
  `latitude` varchar(100) DEFAULT NULL,
  `longitude` varchar(100) DEFAULT NULL,
  `device_type` varchar(32) DEFAULT NULL,
  `created` datetime(6) NOT NULL,
  `modified` datetime(6) NOT NULL,
  `gcm_token` longtext,
  `is_executive` tinyint(1) NOT NULL,
  `is_user` tinyint(1) NOT NULL,
  `is_vendor` tinyint(1) NOT NULL,
  `gender` varchar(20) DEFAULT NULL,
  `is_profile_completed` tinyint(1) NOT NULL,
  `stripe_customer_id` longtext,
  PRIMARY KEY (`id`),
  UNIQUE KEY `username` (`username`)
) ENGINE=InnoDB AUTO_INCREMENT=349 DEFAULT CHARSET=latin1;
/*!40101 SET character_set_client = @saved_cs_client */;

--
-- Dumping data for table `user_user`
--

LOCK TABLES `user_user` WRITE;
/*!40000 ALTER TABLE `user_user` DISABLE KEYS */;
INSERT INTO `user_user` VALUES (3,'pbkdf2_sha256$260000$Ak9IcJqSbRTE22RPWhGX5K$YeahFiMA5gESfAoWIkp1IdZeK9Z1YRDmFZht/x2xcQ8=','2021-12-08 10:46:13.262941',0,'admin','','','',1,1,1,'2020-05-23 05:12:50.000000',1,'.','.','12.99704830000000','77.61440760000000',NULL,'2020-05-23 05:12:50.300343','2020-09-23 05:18:08.784371','.',0,0,0,NULL,0,NULL),(4,'pbkdf2_sha256$100000$fHOYLeJxqWIn$pquzJNNDYz+i2BeUmsBgFjKpX2sMMTeb4dJWd0GMxmg=','2021-05-14 08:38:31.603833',1,'shivam','','','',1,1,1,'2020-05-23 05:15:07.000000',1,'','.','.','.','.','2020-05-23 05:15:07.732862','2020-11-07 06:53:52.219518','.',0,0,0,'.',0,NULL),(192,'pbkdf2_sha256$100000$xJmD0aJMrUl3$JwDP9g16zeWNGrIBR+Caqm9C0nmle43E13wuffwtO8w=','2021-11-24 05:55:13.638831',1,'superadmin','','','',1,1,1,'2021-01-19 07:08:51.305738',0,'',NULL,NULL,NULL,NULL,'2021-01-19 07:08:51.393647','2021-01-19 07:13:29.337988',NULL,0,0,0,NULL,0,NULL),(243,'',NULL,0,'+447411295655','Iqbal','Shariff','iqbalshariffm4a@gmail.com',0,1,1,'2021-05-31 06:59:24.871749',0,'',NULL,NULL,NULL,'Android','2021-05-31 06:59:24.872307','2021-12-08 13:49:32.686137','dTxycYUKRP--Aq4v-1D5mX:APA91bGLx5LEtDXT3r6zLweoeVUkl3Ww5snwewBK2FF3yvhorpj4Q2DXe-zmYdLznmf8lY_GQtvJy3AJrE0IfIoSJ9egY7i6NYROINJm-WyIW-Ezh6q7fMOi07cIjhIfVTPxX1xNR8c-',0,1,0,'Male',1,NULL),(249,'pbkdf2_sha256$260000$ISpoKCJxCe3mVD0H23Yg8R$CwX209825sJc1CeO2n3uGAq6mKJzTvdpVXkL9ZqKsxQ=',NULL,0,'+919090909090','Test Vendor','','',0,1,1,'2021-05-31 11:13:54.320899',1,'',NULL,NULL,NULL,NULL,'2021-05-31 11:13:54.324542','2021-12-08 10:11:59.340798','dH-Cw_atz0mfpD9TT5-hXJ:APA91bFDxzCvwxPdoPwstUiJaQ9owiNWxIq79z99a6nqd38GlONi0C_BH5rH_TpQoT-ZaJXWMff3tWWi9XXz-b--rmY4OYKzaYXrPJ2sWAbe-bMaz3yYYqwEitHQWFcZswvxyJmvUOUH',0,0,1,NULL,0,NULL),(250,'pbkdf2_sha256$260000$CkEwcTynxn8uxQBD6CcwAJ$5npTcot4w27IyWrodOu8lXSp+Y8t8wEq7U6OJdWtqhg=',NULL,0,'+447835790779','Mohammad','Khan','mohammadkhan7835@yahoo.com',0,1,1,'2021-05-31 18:39:15.405641',1,'',NULL,NULL,NULL,'iOS','2021-05-31 18:39:15.408630','2021-12-08 20:09:12.280005','e_Qoe4S9FE0cocpXw03V19:APA91bE6AcDx-C1y146KTgzt3h83mnvG_T4HlTTXrqv0tuuJRpoFoNrugeU8AxJEuKdFgU0_vCQk4NqlTf-0ZcWNS-KFPoTVAPQxTJeJrzbXGS64Mgeaog57MMnEp0rm0FJq2dHtlToq',0,1,1,'Male',1,NULL),(251,'',NULL,0,'+16693334444','Tets','Yest','test@test.com',0,1,1,'2021-06-01 17:27:36.921737',0,'',NULL,NULL,NULL,NULL,'2021-06-01 17:27:36.922250','2021-12-07 01:09:35.018558',NULL,0,1,0,'Male',1,NULL),(253,'',NULL,0,'+918088131350','Test','User','isoumyaranjan@yahoo.com',0,0,1,'2021-06-02 03:10:37.538469',0,'',NULL,NULL,NULL,'iOS','2021-06-02 03:10:37.541196','2021-12-06 10:49:11.726940','eVgVUFtRlkN4p2TCiJu9UY:APA91bFw_Nj-KH0pa43P5ohl9q_h1JmfG1obHgkvZ6BQQdfM7ZqsSMrP46q8otEpn_vbftXT-b33Mo1xb1vrUtFbs6LADz-ccu4oJn-s-SzKVDFRnhZlyENORObwSY5hpoGyOzfyNRix',0,1,0,'Male',1,NULL),(255,'',NULL,0,'+917892517113','Shubham','Mittal','mittal.shubham093@gmail.com',0,0,1,'2021-06-02 13:54:10.388461',0,'Screenshot_2021-05-30_at_7.53.18_AM.png',NULL,NULL,NULL,NULL,'2021-06-02 13:54:10.389256','2021-11-26 09:27:42.508207',NULL,0,1,0,'',1,NULL),(256,'pbkdf2_sha256$260000$hKt19McoJKwR1A8CWjLzdv$fkbNbuXLkmeyJrSIF4U+1FuenGYdPgGFSLChIwZl4zg=',NULL,0,'+919999999999','Test',' Driver','',0,1,1,'2021-06-03 04:47:50.782198',1,'',NULL,NULL,NULL,NULL,'2021-06-03 04:47:50.785689','2021-12-07 05:17:39.670098','f4wG8ImRTueWGOcBXf1hyd:APA91bGmyvhgPiv_XZRlinYZXU8NIf64R7bDHNhQE56o5f6KR71ZXDRkOhzbn42GUyeNLgoAU3QzmF1OSYog6sAChXwFcpKbRo5ZliLHG-cK99NaTe0gPjoXAOWuIJtCmRR4I_RQZFu7',1,1,0,NULL,0,NULL),(258,'',NULL,0,'+447829887668','','','',0,0,1,'2021-06-04 12:00:55.525518',0,'',NULL,NULL,NULL,NULL,'2021-06-04 12:00:55.526057','2021-11-26 09:27:41.650051',NULL,0,0,0,NULL,0,NULL),(259,'',NULL,0,'+447703786786','Javid','Gaffar','javidgaffar@hotmail.co.uk',0,1,1,'2021-06-04 17:00:00.102806',0,'',NULL,NULL,NULL,'iOS','2021-06-04 17:00:00.104037','2021-06-04 17:01:01.241223','eXhdvjuiB077ic-qh2S5PJ:APA91bH6_xPw5pUP47LY5h5x5FOPDDL8_aDhkBKjTfcZOOOg-8Wmz5eQDh5N0lgYILTwOAwEvagMtCVUZelQ0FEgj3ychjygulSFKxFuG2NMeHsE2kZt-hNAi4blqoySuTRw97BQvgIa',0,1,0,'Male',1,NULL),(261,'',NULL,0,'+447864658730','Umme','Khan','ummekhan730@icloud.com',0,1,1,'2021-06-05 01:41:21.326761',0,'',NULL,NULL,NULL,'iOS','2021-06-05 01:41:21.327306','2021-07-08 00:14:26.885870','cA65xs7lok5ss08LhQnWrU:APA91bF0r4xrX4E8uJfCAxp0uyB-aE8lkR51ga1yKmDSWnhlMbfjWj7Pj-_ZjAeSGCYu7JTMmr2hjTMQjNlEuUola4xrUCGQmtRBL55-9oRKfJzqsLnEOgLeGb_RntMH2A8kQOHWCytO',0,1,0,'Male',1,NULL),(262,'pbkdf2_sha256$260000$MbgOXpMQYsYqmIiRR0MsNA$GqZ7jFPNMOfN7p4shyXlm3sodfs+yR4cmSqS4iUF0+s=',NULL,0,'deleted-262','deleted-262','deleted-262','deleted-262',0,0,1,'2021-06-05 13:07:54.109966',1,'9B93C694-C92B-48EF-8624-96ECA11BD3D1.jpeg',NULL,NULL,NULL,'Android','2021-06-05 13:07:54.113225','2021-12-03 11:43:55.585835','cVyW8xJoSzCBQ0c-EBf9d5:APA91bGzXq3gIz_PzL2r7_bIIKVeZZ8Iw_CKWReB-zODlTHVbBWVC1RAiGEbYJCfDWoIdPslgFBU1krmx0KrRAMWZlNQw9K0EHMo61NiPypkg29DCU5PPJew6-2MkPrzfKlRwHEcirRK',1,1,0,'Male',1,NULL),(263,'',NULL,0,'+447894669054','Mohamed','Vhora','mohamed.vhoram4a.gmail.com',0,1,1,'2021-06-05 13:50:37.171654',0,'',NULL,NULL,NULL,'iOS','2021-06-05 13:50:37.172151','2021-12-04 21:41:05.903421','cEM7qKksXkxkmCITaxMKux:APA91bHT5wje9AKpJECroziT6oJt9-SpbqOXzgSQPpC4ywWHazygY0p65YwlTn0EfJ_sv_Tzh4zKYdocJEGLgrKl1RKudRxFrFEh8fyPfekORtWU02xegsdgOmqcpo-uIi94oOHqoxKo',0,1,0,'Male',1,NULL),(265,'pbkdf2_sha256$260000$GghAlUXao0Ul5itxZBx2Vu$xfXTabU/CroEYLyo3GIHKPB2BRcoMMKAP23ejtVmIx0=',NULL,0,'+447466014455','Syed Isaq','','syedisaq@yahoo.com',0,1,0,'2021-06-06 10:20:09.479270',1,'70523ACE-95A7-4B31-83BA-FCC4432E6389.jpeg',NULL,NULL,NULL,'Android','2021-06-06 10:20:09.482790','2021-12-08 13:53:11.203773','dzLqSgU1UE4Zqvl9xgX6F2:APA91bHq6C-cHdhPIx2wXd7_S-iZpAR1LHZ7y7NC6yifvqrEzpZWq-WzVVvjv1eLkbo_8JyzwzErJ3RWRHmCue_BnyShX1n09W4QokOGGRJoDXKNQ8mX82H-OrDfMzkHrBymphkRitHn',1,1,0,'Male',1,NULL),(266,'',NULL,0,'+447766225807','KRANTHI KIRAN','ALLAM','kranthikiran1202@gmail.com',0,0,1,'2021-06-06 19:25:38.000962',0,'',NULL,NULL,NULL,'iOS','2021-06-06 19:25:38.001449','2021-11-26 09:27:47.003782','fccH09IYtkr_uD8Tqu_iFu:APA91bFIIz94SS6NOlUBk9DzqcfHKfeXT1LlcpQ42R_WnwBNDBFeEOUGXYdpcD1BVFPcfRUNR7D2qmXT6wWbJRRmuIdswThqrPHt0YufMO9h00bXgY5d70F6j1aSdobr9-qYoTApXi_i',0,1,0,'Male',1,NULL),(267,'',NULL,0,'+447866566730','Irfhan','Mururajani','i_mururajani@hotmail.com',0,1,1,'2021-06-06 23:41:20.496949',0,'',NULL,NULL,NULL,'iOS','2021-06-06 23:41:20.497817','2021-06-12 19:42:07.348064','fOQV8j86Rk3ot9us5hRi_q:APA91bGJZwpM-Pa9mwMcT9qFRlTvjO-45ChHZdrsLqlrpDdND7XxYbEncZFAFVvysueb8YxEO3PszsXYY_3crib0gWo7CJQOXsOQRIqlEzEO57PyAdetJ6UJlJhsrQCYIud6nVnNhQo3',0,1,0,'Male',1,NULL),(268,'',NULL,0,'+447901550020','cassim','bawazir','cbawazir@yahoo.co.uk',0,1,1,'2021-06-07 22:08:15.747796',0,'',NULL,NULL,NULL,'Android','2021-06-07 22:08:15.748305','2021-11-27 17:40:28.376608','cCXCdxMOSWaY-gCY-AhVV9:APA91bFkKBSS6zJoiC8SO3LghwgqJgNT-kAhiaV79fQ1_0L68a9IA0Umg3L4AxpWLYMyDe6N8xLfRyA9X00-d_3gB8uazwWev-T1CAtyQotiv2q-ZU-bgXNAk42Bg9txQ10MYmTQnTNq',0,1,0,'Male',1,NULL),(269,'',NULL,0,'+447892517113','','','',0,0,1,'2021-06-11 06:36:59.316428',0,'',NULL,NULL,NULL,NULL,'2021-06-11 06:36:59.316904','2021-11-26 09:27:51.189365',NULL,0,0,0,NULL,0,NULL),(270,'',NULL,0,'+918892419060','test','test1','test@test.gmail.com',0,1,1,'2021-06-11 17:22:06.562459',0,'1623428632612.jpg',NULL,NULL,NULL,'Android','2021-06-11 17:22:06.563049','2021-06-12 08:07:34.547544','etipZNCPQiyqClPXhURnWn:APA91bGo__NFSN999AETWbD--LT8GGhEBQu8MvPEAPmccoBdRmtQuch3wuAyf5bRvS1di9H2f-wH3Xn6W7vuuMNIi0VxK5tasCsHhUKnGnsCitPwxchs_lkhflxl2suVciGj_OLKyzRO',0,1,0,'Male',1,NULL),(271,'',NULL,0,'+66Airline','','','',0,0,1,'2021-06-15 16:52:52.097815',0,'',NULL,NULL,NULL,NULL,'2021-06-15 16:52:52.098469','2021-11-26 09:27:54.602656',NULL,0,0,0,NULL,0,NULL),(272,'',NULL,0,'+447731717599','nass','bazyar','nass.bazyar@gmail.com',0,1,1,'2021-06-15 20:39:07.694370',0,'',NULL,NULL,NULL,'Android','2021-06-15 20:39:07.695306','2021-11-26 09:27:59.550005','fCHxU4ycStiH0StsX250GR:APA91bHuWD5yUZ_y9mTH6PDv3MTbA4omp2ComnfIjoVgnIWXAi0EQnQGbOcqD1Z2VgdJQZlsBrhAbxdz25Tw2xojSfNHT7ikNnyKjLQh-bBfU-oFIkj_g-Mdn5D2aCO9d0VAIeWnEiDD',0,1,0,'Male',1,NULL),(273,'',NULL,0,'deleted-273','deleted-273','deleted-273','deleted-273',0,0,1,'2021-06-16 12:53:23.848428',0,'profile_picture_CvVQyUE.jpg',NULL,NULL,NULL,'Android','2021-06-16 12:53:23.848944','2021-11-29 07:17:02.776971','em5t6TdoSweTiUeyA-aAZV:APA91bEHhcRUMEvK5nNtfXP1Wl_XREJU1fa4iKgv52aWdOxSdOZcy3vv2LdkWkRcrNnic-Piq6LSiCiJ9mPnlNDN95oywjB92lYLsco9EG2PTJfwFpUkZPsXuIxvXdLthJ7P7Alxk5OC',0,1,0,'Male',1,NULL),(274,'',NULL,0,'deleted-274','deleted-274','deleted-274','deleted-274',0,0,1,'2021-06-16 14:46:39.155354',0,'',NULL,NULL,NULL,'Android','2021-06-16 14:46:39.155920','2021-12-06 10:49:17.901179','eWYC2ZEKTfKqksP7OpWHox:APA91bH803M0qynQu3wCg8g_JsnmhRvotlWGn4mhZ6QcFXz-2VzAbzl_TZvjPZVSUJ1b5JIsqAr43Q3pU8qLDQqQVOs8L-ZbsHeKVEdHTst82QpvoLIYNc_kveE0l61ulb2yIzKKlQ6U',0,1,0,'Male',1,NULL),(275,'',NULL,0,'+918793121830','Shahid','Ahmed','shahid.noorisys@gmail.com',0,1,1,'2021-06-16 14:48:12.107940',0,'',NULL,NULL,NULL,NULL,'2021-06-16 14:48:12.108390','2021-06-16 14:48:50.624127',NULL,0,1,0,'',1,NULL),(276,'',NULL,0,'+44987654321','','','',0,0,1,'2021-06-17 13:43:30.246362',0,'',NULL,NULL,NULL,NULL,'2021-06-17 13:43:30.246922','2021-11-26 09:28:06.885257',NULL,0,0,0,NULL,0,NULL),(277,'',NULL,0,'+449876543654','','','',0,0,1,'2021-06-17 13:43:47.159815',0,'',NULL,NULL,NULL,NULL,'2021-06-17 13:43:47.160274','2021-11-26 09:28:07.602006',NULL,0,0,0,NULL,0,NULL),(278,'',NULL,0,'+447837371756','Safeer','Mughal','sk_muggz@hotmail.com',0,1,1,'2021-06-17 22:16:03.622871',0,'',NULL,NULL,NULL,'Android','2021-06-17 22:16:03.623472','2021-06-17 22:17:36.725764','fP8SNrR1RnmxoMSkYaDvFV:APA91bFd2RCAxya3tnpnnwQlWNDtIrCAYyvPJSwVf-XobH58IiA-4RQA5Ik9fCsbjrVwTK2uwcX-QeVk6tX1XuWTgGThEXHhW4TCutAGb9GREPWQfa91Hx4cAiTIyllnNvkS3c2vR5Bv',0,1,0,'Male',1,NULL),(279,'',NULL,0,'+5998451864815','','','',0,0,1,'2021-06-24 06:45:01.786272',0,'',NULL,NULL,NULL,NULL,'2021-06-24 06:45:01.786766','2021-11-26 09:26:56.469832',NULL,0,0,0,NULL,0,NULL),(280,'',NULL,0,'+918999768452','Ammar','Ahmed','ammar1234@gmail.com',0,1,1,'2021-06-28 13:07:32.024660',0,'levis.jpeg',NULL,NULL,NULL,'Android','2021-06-28 13:07:32.025103','2021-12-01 14:41:28.528313','fAWHGKLJQiqZi8Ee-pyBys:APA91bHBURz4ku1T0Vk-GZZpAcOlaEYNBUpVfS98PGOxE_TlLEEJhw4TXAa7aYdH786eWG-gERhoXL-n0mZSVYU2M1rzjdLtN_4ZQp0w0_KQS9C_2IXflAwuJ4qD7hzMMskTAjoEqTIT',0,1,0,'',1,NULL),(281,'',NULL,0,'+919787400752','jibin','joy','csejibin@gmail.com',0,0,1,'2021-06-29 05:45:40.316122',0,'',NULL,NULL,NULL,'Android','2021-06-29 05:45:40.316713','2021-11-26 09:27:02.441466','dDmKOwj9ToaSG229aWYtUG:APA91bG9T74ThawqsXk0b7BfsQylmtLWr5bHwMmj1kzG98s7UmIjhmkhew9j8KB6fw-HuOb5SjLeU0FrXA-gFDV_5XmECeNs8WcwQdOQPyrMz9t2O8BLhuXlnpxKCh0dScr9eOMz3SDz',0,1,0,'Male',1,NULL),(282,'',NULL,0,'+914444444444','','','',0,0,1,'2021-06-29 09:00:10.616472',0,'',NULL,NULL,NULL,NULL,'2021-06-29 09:00:10.616926','2021-11-26 09:27:05.608887',NULL,0,0,0,NULL,0,NULL),(283,'',NULL,0,'+447599813230','Mateen','Khan','mateenyaar3@gmail.com',0,1,1,'2021-07-06 17:21:39.266101',0,'',NULL,NULL,NULL,'iOS','2021-07-06 17:21:39.266675','2021-07-13 21:28:54.701482','chI3X13RWk_FvuYQjh8E8T:APA91bHliCZLGPUbBDVGYF2iKLbyTxaugNKyIktjU-9MUCGgp0BHStKXloyR0rKh9dOLIp62nx7NwNQPfrRc5ySVYK0vkxHMu5ratjaVcNX6BPk0fl_2GKkaBrol_hKQYzn09rOTzaSQ',0,1,0,'Male',1,NULL),(284,'',NULL,0,'+919028163488','Emad','Jaweeds','emad@yopmail.com',0,0,1,'2021-07-12 08:06:59.405895',0,'bg-3_7dl8Rl4.jpg',NULL,NULL,NULL,'Android','2021-07-12 08:06:59.406443','2021-11-26 09:27:10.050799','dhfxHpIcSrC_trScrEIlVI:APA91bHljT_2EphhZpcujrrQ8Pne8D2vO2NUPhlwIrz-6_kBF0HdVFuty75-Y6K7_OVZl3HPk3Y6JxCztJyuqRGmCyqGgZxT3acJH4pgtrYNK5A5JYVpRzYTH6GjhxWd3iUQ2ZFKbSTn',0,1,0,'',1,NULL),(285,'',NULL,0,'+91899976845','','','',0,0,1,'2021-07-13 12:13:06.008837',0,'',NULL,NULL,NULL,NULL,'2021-07-13 12:13:06.009373','2021-11-26 09:27:11.216335',NULL,0,0,0,NULL,0,NULL),(286,'',NULL,0,'+917588095513','Md','Saim','saim@noorisys.com',0,1,1,'2021-07-13 12:18:33.835340',0,'',NULL,NULL,NULL,'Android','2021-07-13 12:18:33.835907','2021-07-13 12:20:31.302414','erfuUiqmSE2ZHrJa6NIuWO:APA91bH2NlVw4cErSGeW7BeBZ-hR7_dqcpWCqldUvbDUXtD1a2QK8UBzfMwf3b42ERZQmn12OnyCQHKSp8I7mnLNPsuI-XHO_SZu24hey2E8AFYwQCaasp935ur1hN76IRtOjT1TWdOx',0,1,0,'Male',1,NULL),(287,'',NULL,0,'+449028163488','','','',0,0,1,'2021-07-16 06:53:01.063716',0,'',NULL,NULL,NULL,NULL,'2021-07-16 06:53:01.064168','2021-11-26 09:27:14.197940',NULL,0,0,0,NULL,0,NULL),(288,'',NULL,0,'+447466411347','Thrinadh','Maganti','Magantithrinadh@gmail.com',0,0,1,'2021-07-18 09:39:46.335357',0,'',NULL,NULL,NULL,'Android','2021-07-18 09:39:46.335844','2021-11-28 07:02:23.862908','drMEWFBjRSCxU7holoEHFH:APA91bFzgILSQHHTq8Q2HPhUrrQwFbtZW574C8SAIAmKxjhRpJbWcmqNOwWM9AZWWWxtdROAb0JwTuu7ezxfwUukX5Nrwrb7sJYye1TXrspCU7or3r8kNxUjE8CR5LDUDK9-zMKfODTM',0,1,0,'Male',1,NULL),(289,'',NULL,0,'+447454960625','Salman','Patel','salmangs4786@gmail.com',0,1,1,'2021-07-20 18:14:09.827239',0,'',NULL,NULL,NULL,'iOS','2021-07-20 18:14:09.827725','2021-07-22 18:27:28.445112','coRlQkn_dUjTjlmPr1ccMu:APA91bED2lhE9Np1DFiiDuKzP1sdJDe5nxl5nq1xYv39RU74K738FtNNnDpULJrvzVxH0BFioUyUFhF33m_G4IdMj7eDPeZgCNMP0ExHAD7Uej0bpX6IPgiQ65DkT_BFHu_-FwVKPhF7',0,1,0,'Male',1,NULL),(290,'',NULL,0,'+447469309210','Rini','Vatsalya','vatsalyarini@gmail.com',0,0,1,'2021-07-25 15:52:47.019267',0,'',NULL,NULL,NULL,'iOS','2021-07-25 15:52:47.019756','2021-11-26 09:27:23.290103','etXCmfSrBkf2npZV0uwDHZ:APA91bH71HX8joVYAqUb0w5QFhgTFVabCR3miYlIjW4pxa9mCnWpSDaiopxqaomoDSBjIRZ9I0Y5vrfsu5Xj8u6u704ba9efOiDGxgwusduGfnkhNBjo1NlDsrYW70ayYiE6JdqNElkW',0,1,0,'Male',1,NULL),(291,'',NULL,0,'+447933172618','','','',0,0,1,'2021-07-25 16:50:46.493080',0,'',NULL,NULL,NULL,NULL,'2021-07-25 16:50:46.493509','2021-11-26 09:27:24.070878',NULL,0,0,0,NULL,0,NULL),(292,'',NULL,0,'+916351702537','','','',0,0,1,'2021-07-27 22:13:25.185252',0,'',NULL,NULL,NULL,NULL,'2021-07-27 22:13:25.185704','2021-11-26 09:27:24.876643',NULL,0,0,0,NULL,0,NULL),(293,'',NULL,0,'+447494330403','','','',0,0,1,'2021-07-27 22:14:27.258768',0,'',NULL,NULL,NULL,NULL,'2021-07-27 22:14:27.259214','2021-11-26 09:27:26.074607',NULL,0,0,0,NULL,0,NULL),(294,'',NULL,0,'+447743516819','ali','khan','liahos@icloud.com',0,1,1,'2021-07-27 22:47:02.973005',0,'',NULL,NULL,NULL,'iOS','2021-07-27 22:47:02.973464','2021-11-29 21:48:32.207226','cXsFSc_pIUXFtd4tZJxVEJ:APA91bGCHNjfDBsz3KJzuOrzES4jy3HOi-vWc9So13Uhinrqdga_oS8PLWOZ5OqyvYFEebSxyLgrSzZ4PUkbhpnV-v_uiLrkRvX1pUc0o3kx8ZbbDR1VYclozPmVPDMPOGZnNicJlJZr',0,1,0,'Male',1,NULL),(295,'',NULL,0,'+447590227347','Amir','Iqbal','amiriqbal111@ymail.com',0,1,1,'2021-07-31 19:17:14.817700',0,'',NULL,NULL,NULL,'iOS','2021-07-31 19:17:14.818162','2021-08-27 12:35:03.380547','drmn4xGBPU1Vnp0QhDosFQ:APA91bHmWl0Fp4hIOIpxU6ECVm6cIrvgdwr3RWHIwX7vJvCMcK1G4MkEp5YNodxwrUpni6NGHTowj7QmVKjZjfCReWfHCZdvUClViqOCsthnwmKvx14d0kDr7lhhfIhcjWeI4_GIZp0Y',0,1,0,'Male',1,NULL),(296,'',NULL,0,'+447424555627','faizal ','shaikh ','faizalmustakshaikh2@gmail.com',0,1,1,'2021-08-02 16:51:09.308762',0,'',NULL,NULL,NULL,'Android','2021-08-02 16:51:09.309250','2021-08-02 16:52:31.328772','cioPZtnPSsu092KvM3ku0a:APA91bGHElSUS7C0pUqug-m4r7vQEHBycq2XsFa2LLCS5eNZ3Mg8Tyetof1iEYWYXbLvaxxaYlK8rxjWPGpvItITJdj9sq8ju3vwuD78G0xZIs-n2pSfMEAe-PbUo57VNaUMyHi7EjG7',0,1,0,'Male',1,NULL),(297,'',NULL,0,'+447736730574','Aadam ','Osman','mraosman@outlook.com',0,1,1,'2021-08-03 16:08:58.356418',0,'',NULL,NULL,NULL,'Android','2021-08-03 16:08:58.356905','2021-11-26 14:49:25.041018','e9e1OZ7zTsOxhI-WzWhFr9:APA91bHvukZLLJfAmIdBFF1J81SkRGD6MatOwI4JQzBkw-p8zMeSwmwE5SUtDH6ciHAcDeAYalbGCQkoI6qEaD0Dv5o68Id1U1HOtAv8xhQU-ehdMPd2AFOsJenZeZwvA5LFKx3gtZGr',0,1,0,'Male',1,NULL),(298,'',NULL,0,'+61450281094','Sanjeev','Rao','sanjeevrao05@gmail.com',0,0,1,'2021-08-13 11:37:56.486375',0,'',NULL,NULL,NULL,'iOS','2021-08-13 11:37:56.486829','2021-11-26 09:26:48.888978','fJE-8JKg3ks7r8nffdmCGq:APA91bGJBwBRShKYd85AN0G5H1R-gYnooqEi8jtGLf3ziVff-L8OkDr5n4JHZQCKBCi2fwKXV40kD2S5m846MnMkmr8h_GIW4rflGqqX9c87FnQ7ahrLYkS0nPmLoANegBphHmXR2ilI',0,1,0,'Male',1,NULL),(299,'',NULL,0,'+447442537890','akhil','saggurthi','akhil.saggurthi2@gmail.com',0,1,1,'2021-08-29 14:38:04.505593',0,'',NULL,NULL,NULL,'Android','2021-08-29 14:38:04.506596','2021-08-29 15:07:12.922675','fZ4d-s3aSfORvg-xsSz6Do:APA91bGb-KY0iIYmBd1jzk-kOwIRCf-zRqk7j4Tz1i6gSfNRPc-kpmnQCYzm8dbP9mhNyaBM1TJYdCyq0dcN5HTJtUgllh6vUY4tbWCohLX3JC2KMj2HblBlScuUkauk5i73q1pI4z5p',0,1,0,'Male',1,NULL),(300,'',NULL,0,'+919980336600','','','',0,0,1,'2021-08-29 19:42:27.406363',0,'',NULL,NULL,NULL,NULL,'2021-08-29 19:42:27.406831','2021-11-28 07:02:49.405526',NULL,0,1,0,NULL,0,NULL),(301,'',NULL,0,'+447763279668','Reena','Marwaha','reena.marwaha17@gmail.com',0,1,1,'2021-08-30 20:04:30.615503',0,'',NULL,NULL,NULL,'iOS','2021-08-30 20:04:30.615973','2021-12-07 20:46:28.577167','d-XgjN5RtEConIc7uOybYZ:APA91bH5n9zgH_kAWkP7cQiM5Wxq8hgfM5qNDecgdADpVlQzwWED0zvZka8HL0w9hpw9JT5a6pT6U16a80qQayGoFVY6VfyXtgKQq33NDBdvmgMaYj-lYYKpe3ZBzD8gRRX4-HCnrk44',0,1,0,'Male',1,NULL),(302,'',NULL,0,'+447869139301','Yusuf','Sidat','ysiddat@hotmail.com',0,1,1,'2021-09-03 10:03:41.970598',0,'',NULL,NULL,NULL,'iOS','2021-09-03 10:03:41.971097','2021-09-05 18:46:51.534972','d8nNlGjrJkARk_mu79Q8VO:APA91bE005mQRme7bOrxPks1sCkkqkpo3mmSsdnUHY4qTjIXWLq74CuDBA4yDroLWbBIusST66cc4Sqe6epHs_pJT9P2IGaw5Rlqf2c6WLxxqrrFw2ggRlbvs9El8soISkdKXzNKzx0R',0,1,0,'Male',1,NULL),(303,'',NULL,0,'+447379175035','Dharmin','Santilal','lollellol9@gmail.com',0,0,1,'2021-09-07 10:39:27.368324',0,'',NULL,NULL,NULL,'Android','2021-09-07 10:39:27.368821','2021-11-26 09:26:41.398178','d2nyGfeZRb-bqWhTZuno4g:APA91bHKSOtERwyPuYRYlo4XUdfgTWxgASYQZ_ZQlRjFuuPu8fV0FLehJdtXaFY8Pmadxb_8D8xemH8CRmuxYiJHey5uQAFbzixHlXIaWrTVcd3jc9icREbB8NTnlZc_mOw8faTyyZOx',0,1,0,'Male',1,NULL),(304,'',NULL,0,'+447411265655','','','',0,0,1,'2021-09-12 10:01:17.544545',0,'',NULL,NULL,NULL,NULL,'2021-09-12 10:01:17.544990','2021-11-26 09:26:33.099459',NULL,0,0,0,NULL,0,NULL),(305,'',NULL,0,'+447464193699','umeir','ebrahim ','ebrahimumeir@gmail.com',0,1,1,'2021-09-20 20:43:44.978723',0,'',NULL,NULL,NULL,'Android','2021-09-20 20:43:44.979164','2021-11-27 17:45:12.624566','fykK5poeT_-7MmhFNj58zy:APA91bH-Bokre226YkOwgusvO-Vbvn8aSfoiToOzUhXgAdGr_iMuWpmONe34KJyndFp5yhZroZz7N9CNK8tBXQsijnrrhvHtLgM8VNm1vAs_wUSLEH1T8KCXctHQyUgpqadANum3Druw',0,1,0,'Male',1,NULL),(306,'',NULL,0,'+447542436607','Ali','Hussain','al1_hussain@hotmail.co.uk',0,1,1,'2021-09-25 14:00:29.835250',0,'',NULL,NULL,NULL,'iOS','2021-09-25 14:00:29.835742','2021-10-01 14:45:54.719623','fdQE31-XwEGvpZ97FRF8Tz:APA91bGg6FK5xR6v2EM8nn9jS3T7GAnMPPH1DcPfQMfr9r0ovYUySfRMlGtggCEcFsWPLthCU0pKdL7vn6M8KkixAlRoAHEZDbLH_GDThF4u1KzU7yPyPq7x8XX0VXbxJamftJDjrYZW',0,1,0,'Male',1,NULL),(307,'',NULL,0,'+447747177935','Alisha','Fernandes','alisha.fernandes@hotmail.co.uk',0,1,1,'2021-10-15 09:19:15.688258',0,'',NULL,NULL,NULL,'iOS','2021-10-15 09:19:15.688735','2021-10-24 15:37:55.448649','cmt3Po65DEx9k8SaiPTzQ3:APA91bEi51Hh430mNwml2_PAA6dj-14RzilWFki8o9Sah53ST_BnS_wGnHaJs9azJf4AF_J_2brH2uCI62LpR0H2xP69x9pp-yrytTfalDn8Ros4e93k6-SW8JyRk6hJ1S8PFOKagciv',0,1,0,'Male',1,NULL),(308,'',NULL,0,'+447568190961','asiya ','b','asiyabhana@hotmail.com',0,1,1,'2021-10-15 17:00:38.021621',0,'',NULL,NULL,NULL,'Android','2021-10-15 17:00:38.022042','2021-11-12 21:22:43.637166','cUIxwmSlTj6Wj86bUobaSm:APA91bG1EGkxBY8Wkw26HZHQsjGWEkbfVINkV4mZF3wMf0rUlxSOFqmN_X5-aHg6IuOTK6syXZw8TTkieFxwq0WPFekVdnyLTvl3KM2XefaM4hnn2Vid78I1IN9ybpZVLHmlKS_8nq6u',0,1,0,'Male',1,NULL),(309,'',NULL,0,'+447874389824','Nusrat','Bax','nusrat.bax@gmail.com',0,1,1,'2021-10-20 21:31:42.863627',0,'',NULL,NULL,NULL,'Android','2021-10-20 21:31:42.864107','2021-10-30 12:20:33.636485','cISfh6BpSKeM_1dF6kP3A5:APA91bHd2sBBD8ShH8tWfDwYlFLaSwrYxp2lrg6y4oD6jiUGUNASfYpqp1Qze7qfWr73Nf8wMWUueK-JLlv4I4rCW95FZRGOfUn6dka_zqtnolbE7sY70tFNMv1FtlPr5L_L6YKqB5WW',0,1,0,'Male',1,NULL),(310,'',NULL,0,'+447711789997','jake','allen','chefjallens@gmail.com',0,1,1,'2021-10-27 00:21:11.774236',0,'',NULL,NULL,NULL,'Android','2021-10-27 00:21:11.774791','2021-10-27 00:22:45.568151','d1gh09fYTxiuMOA3So1s-K:APA91bFYhEJYmbz78fFgjtGqoaKMCSSvEqwFe5Iff32iFPhY8ebhJ6o5Mf5JXrdL8LpO_0pJl4AARPg2xouXCCx0OBOQbHTgjJOTqhmpQAvshdwb3hjM4RyDIcxOZJyiPWMEpdXwqOrw',0,1,0,'Male',1,NULL),(311,'',NULL,0,'+447585225807','Zahraa','Motala','zahraa_m22@icloud.com',0,1,1,'2021-11-14 21:28:49.329113',0,'',NULL,NULL,NULL,'iOS','2021-11-14 21:28:49.329614','2021-11-14 21:29:40.723268','doFdHWGWiU1KnZtnofXJCY:APA91bFZgwYplNMth1MRDpD1xSFoiTEfHYSG8JeGfFLl1G-JPv0JmmrdBdSSGTBvtoCcG3xzkvo_HvSopYhhpgMGFzt5s0IWT2zs6-MNYDF9qlBjhQJMG-j3Ymf9DJ1TSelz8q_YpLN1',0,1,0,'Male',1,NULL),(312,'',NULL,0,'+447793279668','','','',0,0,1,'2021-11-17 09:22:12.812675',0,'',NULL,NULL,NULL,NULL,'2021-11-17 09:22:12.813188','2021-11-26 09:26:24.493725',NULL,0,0,0,NULL,0,NULL),(313,'',NULL,0,'+919052402273','Mubeen','khan','mubeenk710@gmail.com',0,1,1,'2021-11-17 13:22:54.732818',0,'',NULL,NULL,NULL,'Android','2021-11-17 13:22:54.733278','2021-11-30 12:36:56.378663','ds2Udx1xQN6A3niK7jX5Km:APA91bGpYRdCZJWtuD_sIh_dkBx2KLx_TmqgBaxWwtBMr7PJLpTSY46HeWm6ktxfqYxPbaa93eMq2lB54ixkgwuVnVZljQijHYx22GQOkyvvjpZMZJgJd6dHpFPh3f4LUSWme6mt2-JA',0,1,0,'Male',1,NULL),(314,'',NULL,0,'+447983383962','Aneesa','Ahmed','aneesamemon@hotmail.co.uk',0,1,1,'2021-11-18 13:57:01.891261',0,'',NULL,NULL,NULL,'iOS','2021-11-18 13:57:01.891706','2021-12-08 11:58:59.975642','ciXfK5PiSEOBtOBBY0aGDc:APA91bH-ZTvKNWLrleQJMbGxRPCsbDBZ4yZtbfP8J1EpMoYw4uqzydzbbkKes6CXrEtXGJ8kozSwZWJ2tmSYdLRbaaxAau98_osPxya7zNjyaj_rs57J6bHjSeEUhrusUsMwZ7yAf19K',0,1,0,'Male',1,NULL),(315,'',NULL,0,'+447585464858','Musfera','Fati','musferaisaq@gmail.com',0,1,1,'2021-11-20 21:37:30.097535',0,'',NULL,NULL,NULL,'iOS','2021-11-20 21:37:30.098093','2021-11-21 00:17:04.113631','c8Ze0FKdLUJ6mHgMF_T-Uj:APA91bHBSjKHibnBdGWvyw66uN8eOCzBfGCYrmFTpZWEfIWdz3oueXxmp6suWYpVocUizJAnionloiPRzhjDqQs011kTlLBIGAPZiLj3GC4tjbUsB7R18jH0nBVw-Y5pDevBI_roy8tY',0,1,0,'Male',1,NULL),(316,'',NULL,0,'deleted-316','deleted-316','deleted-316','deleted-316',0,0,1,'2021-11-26 07:05:22.620254',0,'toShare.png',NULL,NULL,NULL,'Android','2021-11-26 07:05:22.620803','2021-11-29 06:56:10.664344','dBTJjrqBRsOUsth1Tiislp:APA91bFsDGueF127RWqzCfeDUnruaEsJZTBZnmSkBx4ClS0akiKBQirjGYv1le0fCOmNQTsNRn6T1TxAD1UFVsCuxk78OSX0imsoWGEsZIECaC5f-OjVdAxkEEeEigRpy4y7779rnmvb',0,1,0,'Male',1,NULL),(317,'',NULL,0,'+918208130613','Md','Saim','saim@noorisys.com',0,1,1,'2021-11-26 09:48:42.838100',0,'',NULL,NULL,NULL,'iOS','2021-11-26 09:48:42.838678','2021-12-01 07:35:36.714569','fIEtd4V1pki4oEjUflN30A:APA91bHNUHZBqXmxyv68LhTK0sKS_AGhHibWtOA8Z-1XsYzRsExElrWgytWUAq-O--t6tcPNuk_9fxmewAqi7GhSbspDCmcynHC8bKk6D75Wh7Ggm0kCIKPjfbHm0tuKut3YipSarfd-',0,1,0,'Male',1,NULL),(318,'',NULL,0,'+447710359919','Yusuf','Patas','yusufpatas@hotmail.com',0,0,1,'2021-11-26 10:48:45.736704',0,'',NULL,NULL,NULL,'iOS','2021-11-26 10:48:45.737128','2021-11-28 07:04:04.162141','czesJ9TFZk11ofHW3snnDV:APA91bFF98KKUx7t96Smdx1v3ZwSBuLW91mMXL0JvBmbohwohLHgrbIV3hgFG8rkAKo-QAe1yOOyh9NCl4i7LSc8vSn6HHK1Kue-i-QvKAH5XGlVeTahcyZnqIC6yGAfWX27NhygJ94Q',0,1,0,'Male',1,NULL),(319,'',NULL,0,'+447485117891','asjad','sheikh','asjadsheikh@rocketmail.com',0,1,1,'2021-11-28 16:04:02.020786',0,'',NULL,NULL,NULL,'Android','2021-11-28 16:04:02.021479','2021-11-28 16:06:05.299709','dpiiXf_SSsq4aImEngX5Y9:APA91bGVTNYo8vcYwu7J8XcJ5yhL6hTaIFlq0_kqGg3Nz71vImosEAXiqDFB0beJCcOLmJZzfYp4ThGIWB6shorhAKelfS-VFGWYgYnx3rPqB0dweiEjsLfXL8ag7hLBE7hAbQpMe2Ka',0,1,0,'Male',1,NULL),(320,'',NULL,0,'+447459228094','Noor ','bhai','nur.noby68@gmail.com',0,1,1,'2021-11-28 18:44:24.174037',0,'',NULL,NULL,NULL,'Android','2021-11-28 18:44:24.174442','2021-11-28 19:31:49.008495','ekr58s_qQZGicghqBG4sFn:APA91bHsW3ommE2cROz8fK_ua5RAPMYVmxiT9WlvN51gWBVHRiWbektTWS4it-uK-XaX2XxVECUQeXAJt7LojtiKAtHabwJ9Qg74YX_ABhorV8KBu_pmL49n3EHRNYZiC_toTec6hgb4',0,1,0,'Male',1,NULL),(321,'',NULL,0,'+44643512','','','',0,0,1,'2021-11-29 06:20:15.911373',0,'',NULL,NULL,NULL,NULL,'2021-11-29 06:20:15.911989','2021-11-29 13:14:38.135776',NULL,0,0,0,NULL,0,NULL),(322,'',NULL,0,'+919270558282','','','',0,0,1,'2021-11-29 06:21:11.254679',0,'',NULL,NULL,NULL,NULL,'2021-11-29 06:21:11.255135','2021-11-29 13:14:41.262275',NULL,0,0,0,NULL,0,NULL),(323,'',NULL,0,'+919372590555','','','',0,0,1,'2021-11-29 06:24:02.167998',0,'',NULL,NULL,NULL,NULL,'2021-11-29 06:24:02.168402','2021-11-29 13:14:42.288046',NULL,0,0,0,NULL,0,NULL),(324,'',NULL,0,'+919270241775','alt','test','alt@gmail.com',0,1,1,'2021-11-29 06:25:21.615453',0,'',NULL,NULL,NULL,NULL,'2021-11-29 06:25:21.615844','2021-11-29 06:26:13.734189',NULL,0,1,0,'Male',1,NULL),(325,'',NULL,0,'deleted-325','deleted-325','deleted-325','deleted-325',0,0,1,'2021-11-29 06:56:29.686819',0,'',NULL,NULL,NULL,'Android','2021-11-29 06:56:29.687252','2021-12-03 11:46:48.292202','frD93NVBQcOk7NE2Qq_jbb:APA91bFhSAz8yWDiU5ymuR-lIRO2zFpYZD7HPMFG3FAUIRHS8qjEoiYmPbjPJjQb4lJnCnC81ROY4xTLQK3rvZQEHTmpW-tR_Z616vOUx5-TZO8Pm_2C3-H_FaZ_vCx2vZGvpSbtSmTS',0,1,0,'Male',1,NULL),(326,'',NULL,0,'+919975737199','moeen','khan','moeen@gmail.com',0,1,1,'2021-11-29 07:17:11.683119',0,'',NULL,NULL,NULL,'Android','2021-11-29 07:17:11.683589','2021-11-29 07:33:11.857887','eQ5BUKd-TAKCwM5gP4DZcE:APA91bEt1sAwPav8wUqBGgmNTQoI6LXEwXvKcAS9BNFu2tzwdASQIYR7NJh9gsj0WVi1hVjpXoirQ13CIoKXuczh4wFblYA9LzgH03xH-tqjMoGUfj8lfZdmm3tS17lUDx_w9jDik7Kq',0,1,0,'Male',1,NULL),(327,'',NULL,0,'+447411295656','','','',0,1,1,'2021-11-29 13:11:33.550015',0,'',NULL,NULL,NULL,NULL,'2021-11-29 13:11:33.550439','2021-11-29 13:11:33.563948',NULL,0,0,0,NULL,0,NULL),(328,'',NULL,0,'+44788129189','','','',0,1,1,'2021-11-29 15:41:49.756904',0,'',NULL,NULL,NULL,NULL,'2021-11-29 15:41:49.757351','2021-11-29 15:41:49.770103',NULL,0,0,0,NULL,0,NULL),(329,'',NULL,0,'+447881291890','Dilwar','Amin','dilwaramin@hotmail.co.uk',0,1,1,'2021-11-29 15:42:07.202892',0,'',NULL,NULL,NULL,'iOS','2021-11-29 15:42:07.203302','2021-11-29 20:48:12.976538','cOHF41vzgEg2pVLeZRbTE9:APA91bE37YeiXCklpZUJ2MdoD6J7Q7yJTb238PplIDQNb-9z4QHHdASZP_mxuha45KpWEF1eaVs_vuX3bkRsW0NiOs5opPWJAme2RYoAq63jhNDH3NmSx6h_XAxqOqg-COLhpgFe82EI',0,1,0,'Male',1,NULL),(330,'',NULL,0,'+447438546383','ash','dommeti ','venkataaditya1@gmail.com',0,1,1,'2021-12-02 13:57:26.549978',0,'',NULL,NULL,NULL,'Android','2021-12-02 13:57:26.550635','2021-12-02 13:58:39.367008','dR56WsFmTxSucMxvVf2hyR:APA91bGrljJEor--3parvuqueUC9aAiNdreYnhiRgGlM2mQgQGpjO4n9jr7D5w7ndcWfvDUT2sEGPOO8bcDqEryVtkE6zxT1y-e42SQRTp1FggeoE8OLPv6U2jhUe_R2s8AgWP_kRZqL',0,1,0,'Male',1,NULL),(331,'pbkdf2_sha256$260000$PtA8sVkSjLRyTzMbNpNRQo$4eIhrmuHAdQTGfsDbvZ7YaKcJNVOfGSrIxLzVJ2+OEw=',NULL,0,'+447983652404','Jake','Houghton','jakehoughton00@gmail.com',0,1,1,'2021-12-02 20:41:27.382580',1,'',NULL,NULL,NULL,'iOS','2021-12-02 20:41:27.383435','2021-12-02 20:57:15.490482','dYBtCX5RwEVvlKbSV1lsvF:APA91bE_cKKjJVVLdsZVIqBTGO0t-ntmWsPBc76kKJ3nCQ9PBnnKDDiZCJdlcuTPMTPKvufrpsv7gh8uyL64CyX-7BPNeo4CmgnvrjwjSl6axdT50KtXe43-AxK2_H-AM1v_lyrXBtNK',0,1,1,'Male',1,NULL),(332,'pbkdf2_sha256$260000$y7dWKHWi9VvxAku2LE1bMf$QXXBX+vVzfCQjFdIlIzliDRsGEb43Wz5zASi/5noe60=',NULL,0,'07983652404','Jake Houghton','','',0,1,1,'2021-12-02 20:48:51.709320',0,'',NULL,NULL,NULL,NULL,'2021-12-02 20:48:51.714195','2021-12-02 20:48:51.965825',NULL,0,0,1,NULL,0,NULL),(333,'',NULL,0,'+856Doctor','','','',0,1,1,'2021-12-03 06:54:42.852531',0,'',NULL,NULL,NULL,NULL,'2021-12-03 06:54:42.852927','2021-12-03 06:54:42.862986',NULL,0,0,0,NULL,0,NULL),(334,'',NULL,0,'deleted-334','deleted-334','deleted-334','deleted-334',0,0,1,'2021-12-03 11:46:53.378932',0,'',NULL,NULL,NULL,'Android','2021-12-03 11:46:53.379328','2021-12-03 13:32:53.914219','frD93NVBQcOk7NE2Qq_jbb:APA91bFhSAz8yWDiU5ymuR-lIRO2zFpYZD7HPMFG3FAUIRHS8qjEoiYmPbjPJjQb4lJnCnC81ROY4xTLQK3rvZQEHTmpW-tR_Z616vOUx5-TZO8Pm_2C3-H_FaZ_vCx2vZGvpSbtSmTS',0,1,0,'Male',1,NULL),(335,'',NULL,0,'deleted-335','deleted-335','deleted-335','deleted-335',0,0,1,'2021-12-03 11:47:39.684468',0,'',NULL,NULL,NULL,'Android','2021-12-03 11:47:39.684872','2021-12-03 16:40:35.994597','dmkaGgJRRGKwUQIadYEksw:APA91bHWJXATO9yC2DgVfQdaTpXO3wqVJU8jhypIsA9CYoP3CKpSMAIMFZ0qxQjzdUZsSsJgQ9pShgiCy55amLSddFeSy03Uuj3p9mMO_yH5xRih2qst9rXFZCMn7N7YKqm5TM33vNZe',0,1,0,'Male',1,NULL),(336,'',NULL,0,'deleted-336','deleted-336','deleted-336','deleted-336',0,0,1,'2021-12-03 13:33:01.466110',0,'',NULL,NULL,NULL,'Android','2021-12-03 13:33:01.466694','2021-12-03 14:08:35.415865','dRP11nslTBunhKoULwVAxP:APA91bGdCHL8vl9_oarDnb4mRNDRyXw8pSRkjVJTequ_hTTnvVUAJ9ggxamY9s5iwTRgw4RljGn7z1HYs2BUvPqoFNQ8w6V7TKsGu_DnUu_CqV3z5jJj4_g595zGn0Pa_hF_VehDdsNA',0,1,0,'Male',1,NULL),(337,'',NULL,0,'deleted-337','deleted-337','deleted-337','deleted-337',0,0,0,'2021-12-03 14:08:45.348513',0,'',NULL,NULL,NULL,'Android','2021-12-03 14:08:45.349099','2021-12-03 14:10:57.895617','dRP11nslTBunhKoULwVAxP:APA91bGdCHL8vl9_oarDnb4mRNDRyXw8pSRkjVJTequ_hTTnvVUAJ9ggxamY9s5iwTRgw4RljGn7z1HYs2BUvPqoFNQ8w6V7TKsGu_DnUu_CqV3z5jJj4_g595zGn0Pa_hF_VehDdsNA',0,1,0,'Male',1,NULL),(338,'',NULL,0,'deleted-338','deleted-338','deleted-338','deleted-338',0,0,0,'2021-12-03 14:11:33.397011',0,'',NULL,NULL,NULL,'Android','2021-12-03 14:11:33.397591','2021-12-03 14:13:57.367835','dRP11nslTBunhKoULwVAxP:APA91bGdCHL8vl9_oarDnb4mRNDRyXw8pSRkjVJTequ_hTTnvVUAJ9ggxamY9s5iwTRgw4RljGn7z1HYs2BUvPqoFNQ8w6V7TKsGu_DnUu_CqV3z5jJj4_g595zGn0Pa_hF_VehDdsNA',0,1,0,'Male',1,NULL),(339,'',NULL,0,'deleted-339','deleted-339','deleted-339','deleted-339',0,0,0,'2021-12-03 14:14:13.618095',0,'',NULL,NULL,NULL,'Android','2021-12-03 14:14:13.618777','2021-12-03 14:16:14.498076','dRP11nslTBunhKoULwVAxP:APA91bGdCHL8vl9_oarDnb4mRNDRyXw8pSRkjVJTequ_hTTnvVUAJ9ggxamY9s5iwTRgw4RljGn7z1HYs2BUvPqoFNQ8w6V7TKsGu_DnUu_CqV3z5jJj4_g595zGn0Pa_hF_VehDdsNA',0,1,0,'Male',1,NULL),(340,'',NULL,0,'deleted-340','deleted-340','deleted-340','deleted-340',0,0,0,'2021-12-03 14:16:39.883348',0,'',NULL,NULL,NULL,'Android','2021-12-03 14:16:39.883779','2021-12-03 14:19:47.279820','dRP11nslTBunhKoULwVAxP:APA91bGdCHL8vl9_oarDnb4mRNDRyXw8pSRkjVJTequ_hTTnvVUAJ9ggxamY9s5iwTRgw4RljGn7z1HYs2BUvPqoFNQ8w6V7TKsGu_DnUu_CqV3z5jJj4_g595zGn0Pa_hF_VehDdsNA',0,1,0,'Male',1,NULL),(341,'',NULL,0,'deleted-341','deleted-341','deleted-341','deleted-341',0,0,0,'2021-12-03 14:19:52.055225',0,'',NULL,NULL,NULL,'iOS','2021-12-03 14:19:52.055853','2021-12-04 20:38:40.595851','fIEtd4V1pki4oEjUflN30A:APA91bHNUHZBqXmxyv68LhTK0sKS_AGhHibWtOA8Z-1XsYzRsExElrWgytWUAq-O--t6tcPNuk_9fxmewAqi7GhSbspDCmcynHC8bKk6D75Wh7Ggm0kCIKPjfbHm0tuKut3YipSarfd-',0,1,0,'Male',1,NULL),(342,'',NULL,0,'+243Doctor','','','',0,1,1,'2021-12-03 14:35:28.858983',0,'',NULL,NULL,NULL,NULL,'2021-12-03 14:35:28.859367','2021-12-08 08:32:34.940725',NULL,0,0,0,NULL,0,NULL),(343,'',NULL,0,'+447735907661','MKA','TEST USER','iqbalshariffm4a@gmail.com',0,1,0,'2021-12-03 16:40:55.345312',0,'',NULL,NULL,NULL,'Android','2021-12-03 16:40:55.345969','2021-12-05 17:05:00.452966','fctJlgn-SzKW5XKSD6GE3h:APA91bFRT9-ZuDtXSsl-xBjJzRPN_8IXGqNN_c8RV1dwc91pcL8JxzvlZJUlCk2SHXsP548onaPjv9gZjwYi1SmzXCwdyoZwoF-PVwzFeXKFsnUOpMQWn6WA3D7FFhgM3vjTieMhwQKE',0,1,0,'Male',1,NULL),(344,'',NULL,0,'deleted-344','deleted-344','deleted-344','deleted-344',0,0,0,'2021-12-03 22:14:25.977996',0,'',NULL,NULL,NULL,'Android','2021-12-03 22:14:25.978421','2021-12-05 16:46:12.253485','dd_xsUATSVaVRPgTT0pd9f:APA91bFLacwyXcIosFG3vRBNOP03IhWRXUtZHBZhvJYq0zKHV9Hac4Xi7y9NTIho9EIKfFzQqIbgE6xGN-J3XXbpL36fX0KSR3uwQyMUZu-S6Mz9J-l4ctvbzXVV4PJRO9cgkMK0hIXw',0,1,0,'Male',1,NULL),(345,'',NULL,0,'+919270003705','Nvd','Ak','naveed2akhtar@yahoo.in',0,1,0,'2021-12-04 20:38:53.502202',0,'',NULL,NULL,NULL,'Android','2021-12-04 20:38:53.502846','2021-12-05 11:45:13.789491','dRP11nslTBunhKoULwVAxP:APA91bGdCHL8vl9_oarDnb4mRNDRyXw8pSRkjVJTequ_hTTnvVUAJ9ggxamY9s5iwTRgw4RljGn7z1HYs2BUvPqoFNQ8w6V7TKsGu_DnUu_CqV3z5jJj4_g595zGn0Pa_hF_VehDdsNA',0,1,0,'Male',1,NULL),(346,'',NULL,0,'+260Airline','','','',0,1,1,'2021-12-05 23:59:41.148683',0,'',NULL,NULL,NULL,NULL,'2021-12-05 23:59:41.149424','2021-12-05 23:59:41.162489',NULL,0,0,0,NULL,0,NULL),(347,'',NULL,0,'+243Airline','','','',0,1,1,'2021-12-06 23:04:54.491744',0,'',NULL,NULL,NULL,NULL,'2021-12-06 23:04:54.492307','2021-12-06 23:04:54.504722',NULL,0,0,0,NULL,0,NULL),(348,'',NULL,0,'+447387077136','Shahid','Makkad','shahid_icecoldfoods@yahoo.co.uk ',0,1,0,'2021-12-07 10:02:47.586730',0,'',NULL,NULL,NULL,'iOS','2021-12-07 10:02:47.587312','2021-12-08 10:13:51.407433','dTadbrgzxUCFsxwcHWsJtS:APA91bGIJbbb21-eE5BmV9UBEqyzA-942-lKLDdK07olkaHWSp-EAfZ8QS3HFD4aNJEv7kCu-qdJKKe8eS3qSzckjpmWi0dvMMkH9YyBXML1At_lbxIRux6CQAgcyEUuomoLB5PW4SX5',0,1,0,'Male',1,NULL);
/*!40000 ALTER TABLE `user_user` ENABLE KEYS */;
UNLOCK TABLES;

--
-- Table structure for table `user_user_groups`
--

DROP TABLE IF EXISTS `user_user_groups`;
/*!40101 SET @saved_cs_client     = @@character_set_client */;
/*!50503 SET character_set_client = utf8mb4 */;
CREATE TABLE `user_user_groups` (
  `id` int NOT NULL AUTO_INCREMENT,
  `user_id` int NOT NULL,
  `group_id` int NOT NULL,
  PRIMARY KEY (`id`),
  UNIQUE KEY `user_user_groups_user_id_group_id_bb60391f_uniq` (`user_id`,`group_id`),
  KEY `user_user_groups_group_id_c57f13c0_fk_auth_group_id` (`group_id`),
  CONSTRAINT `user_user_groups_group_id_c57f13c0_fk_auth_group_id` FOREIGN KEY (`group_id`) REFERENCES `auth_group` (`id`) ON DELETE RESTRICT ON UPDATE RESTRICT,
  CONSTRAINT `user_user_groups_user_id_13f9a20d_fk_user_user_id` FOREIGN KEY (`user_id`) REFERENCES `user_user` (`id`) ON DELETE RESTRICT ON UPDATE RESTRICT
) ENGINE=InnoDB DEFAULT CHARSET=latin1;
/*!40101 SET character_set_client = @saved_cs_client */;

--
-- Dumping data for table `user_user_groups`
--

LOCK TABLES `user_user_groups` WRITE;
/*!40000 ALTER TABLE `user_user_groups` DISABLE KEYS */;
/*!40000 ALTER TABLE `user_user_groups` ENABLE KEYS */;
UNLOCK TABLES;

--
-- Table structure for table `user_user_user_permissions`
--

DROP TABLE IF EXISTS `user_user_user_permissions`;
/*!40101 SET @saved_cs_client     = @@character_set_client */;
/*!50503 SET character_set_client = utf8mb4 */;
CREATE TABLE `user_user_user_permissions` (
  `id` int NOT NULL AUTO_INCREMENT,
  `user_id` int NOT NULL,
  `permission_id` int NOT NULL,
  PRIMARY KEY (`id`),
  UNIQUE KEY `user_user_user_permissions_user_id_permission_id_64f4d5b8_uniq` (`user_id`,`permission_id`),
  KEY `user_user_user_permi_permission_id_ce49d4de_fk_auth_perm` (`permission_id`),
  CONSTRAINT `user_user_user_permi_permission_id_ce49d4de_fk_auth_perm` FOREIGN KEY (`permission_id`) REFERENCES `auth_permission` (`id`) ON DELETE RESTRICT ON UPDATE RESTRICT,
  CONSTRAINT `user_user_user_permissions_user_id_31782f58_fk_user_user_id` FOREIGN KEY (`user_id`) REFERENCES `user_user` (`id`) ON DELETE RESTRICT ON UPDATE RESTRICT
) ENGINE=InnoDB DEFAULT CHARSET=latin1;
/*!40101 SET character_set_client = @saved_cs_client */;

--
-- Dumping data for table `user_user_user_permissions`
--

LOCK TABLES `user_user_user_permissions` WRITE;
/*!40000 ALTER TABLE `user_user_user_permissions` DISABLE KEYS */;
/*!40000 ALTER TABLE `user_user_user_permissions` ENABLE KEYS */;
UNLOCK TABLES;

--
-- Table structure for table `user_vendorcertificatedata`
--

DROP TABLE IF EXISTS `user_vendorcertificatedata`;
/*!40101 SET @saved_cs_client     = @@character_set_client */;
/*!50503 SET character_set_client = utf8mb4 */;
CREATE TABLE `user_vendorcertificatedata` (
  `id` int NOT NULL AUTO_INCREMENT,
  `file` varchar(100) DEFAULT NULL,
  `name` varchar(50) DEFAULT NULL,
  `start` date DEFAULT NULL,
  `end` date DEFAULT NULL,
  `created` datetime(6) NOT NULL,
  `modified` datetime(6) NOT NULL,
  `vendor_id` int DEFAULT NULL,
  PRIMARY KEY (`id`),
  KEY `user_vendorcertifica_vendor_id_ca08af28_fk_user_vend` (`vendor_id`),
  CONSTRAINT `user_vendorcertifica_vendor_id_ca08af28_fk_user_vend` FOREIGN KEY (`vendor_id`) REFERENCES `user_vendordata` (`id`) ON DELETE RESTRICT ON UPDATE RESTRICT
) ENGINE=InnoDB AUTO_INCREMENT=29 DEFAULT CHARSET=latin1;
/*!40101 SET character_set_client = @saved_cs_client */;

--
-- Dumping data for table `user_vendorcertificatedata`
--

LOCK TABLES `user_vendorcertificatedata` WRITE;
/*!40000 ALTER TABLE `user_vendorcertificatedata` DISABLE KEYS */;
INSERT INTO `user_vendorcertificatedata` VALUES (26,'production_site_certificate.jpeg','Halal','2021-04-15','2023-10-17','2021-05-31 11:13:54.493738','2021-05-31 11:13:54.496220',21),(27,'Meat_5XooFjv.jpeg','Halal Cert','2021-05-19','2022-11-01','2021-05-31 18:39:15.601996','2021-05-31 18:39:15.604537',22),(28,'Logo.png','None','2021-01-12','2022-01-12','2021-12-02 20:48:52.078455','2021-12-02 20:48:52.081338',23);
/*!40000 ALTER TABLE `user_vendorcertificatedata` ENABLE KEYS */;
UNLOCK TABLES;

--
-- Table structure for table `user_vendordata`
--

DROP TABLE IF EXISTS `user_vendordata`;
/*!40101 SET @saved_cs_client     = @@character_set_client */;
/*!50503 SET character_set_client = utf8mb4 */;
CREATE TABLE `user_vendordata` (
  `id` int NOT NULL AUTO_INCREMENT,
  `latitude` varchar(100) DEFAULT NULL,
  `longitude` varchar(100) DEFAULT NULL,
  `city` varchar(250) DEFAULT NULL,
  `pincode` varchar(50) DEFAULT NULL,
  `address` longtext,
  `is_active` tinyint(1) NOT NULL,
  `logo` varchar(100) DEFAULT NULL,
  `created` datetime(6) NOT NULL,
  `modified` datetime(6) NOT NULL,
  `user_id` int DEFAULT NULL,
  `mobile` varchar(50) NOT NULL,
  `mobile2` varchar(50) NOT NULL,
  `rating` int unsigned NOT NULL,
  `shop_name` varchar(250) NOT NULL,
  `end_time` time(6) DEFAULT NULL,
  `start_time` time(6) DEFAULT NULL,
  `email` varchar(250) NOT NULL,
  `option_id` int DEFAULT NULL,
  `account_no` varchar(200) DEFAULT NULL,
  `bank_name` varchar(200) DEFAULT NULL,
  `holder_name` varchar(200) DEFAULT NULL,
  `sort_code` varchar(200) DEFAULT NULL,
  `payment` int unsigned NOT NULL,
  `meat4all_per` varchar(100) DEFAULT NULL,
  `balance` float DEFAULT '0',
  `payout_requested` varchar(20) DEFAULT 'False',
  `stripe_id` varchar(100) DEFAULT NULL,
  PRIMARY KEY (`id`),
  KEY `user_vendordata_user_id_1388a984_fk_user_user_id` (`user_id`),
  KEY `user_vendordata_option_id_348925f9_fk_user_optiondata_id` (`option_id`),
  CONSTRAINT `user_vendordata_option_id_348925f9_fk_user_optiondata_id` FOREIGN KEY (`option_id`) REFERENCES `user_optiondata` (`id`) ON DELETE RESTRICT ON UPDATE RESTRICT,
  CONSTRAINT `user_vendordata_user_id_1388a984_fk_user_user_id` FOREIGN KEY (`user_id`) REFERENCES `user_user` (`id`) ON DELETE RESTRICT ON UPDATE RESTRICT
) ENGINE=InnoDB AUTO_INCREMENT=24 DEFAULT CHARSET=latin1;
/*!40101 SET character_set_client = @saved_cs_client */;

--
-- Dumping data for table `user_vendordata`
--

LOCK TABLES `user_vendordata` WRITE;
/*!40000 ALTER TABLE `user_vendordata` DISABLE KEYS */;
INSERT INTO `user_vendordata` VALUES (21,'20.5471137','74.5351045',NULL,NULL,'Malegaon, Nashik, Maharashtra, 423200, India',1,'brewery-meat-company-logo-premium_228886-245.jpeg','2021-05-31 11:13:54.430543','2021-11-26 14:23:35.044471',249,'','+919090909090',5,'Test Vendor','17:00:00.000000','09:00:00.000000','ammar1234963@gmail.com',NULL,'2786487263478','ICICI Bank','Test Account','28734682',1,'10',22.42,'False','acct_1Jpt3TPfkMdnQ7VR'),(22,'52.625796','-1.1090501',NULL,NULL,'The Co-operative Food, 170, Evington Road, Stoneygate, Leicester, City of Leicester, East Midlands, England, LE2 1HL, United Kingdom',1,'Shop1.jpeg','2021-05-31 18:39:15.504013','2021-12-07 08:23:32.757045',250,'','+447835790779',5,'Meat and Fish Co','18:30:00.000000','09:30:00.000000','themeatandfishco@gmail.com',NULL,'71656251','NatWest','Amir K','601548',2,'20',0,'False','acct_1Jpt3TPfkMdnQ7VR'),(23,'53.3900441','-2.5969501',NULL,NULL,'JD Sports, Unit 096, Legh Street, Bank Quay, Bewsey, Warrington, North West England, England, WA1 1QP, United Kingdom',1,'','2021-12-02 20:48:51.992301','2021-12-02 20:52:57.827241',331,'','07983652404',5,'Jake\'s Shop','22:30:00.000000','09:30:00.000000','jakehoughton00@gmail.com',NULL,'121212121212','121212122121','Jake Houghton','121212121211212',1,'10',NULL,'False',NULL);
/*!40000 ALTER TABLE `user_vendordata` ENABLE KEYS */;
UNLOCK TABLES;

--
-- Table structure for table `user_vendorimagedata`
--

DROP TABLE IF EXISTS `user_vendorimagedata`;
/*!40101 SET @saved_cs_client     = @@character_set_client */;
/*!50503 SET character_set_client = utf8mb4 */;
CREATE TABLE `user_vendorimagedata` (
  `id` int NOT NULL AUTO_INCREMENT,
  `image` varchar(100) DEFAULT NULL,
  `created` datetime(6) NOT NULL,
  `modified` datetime(6) NOT NULL,
  `vendor_id` int DEFAULT NULL,
  PRIMARY KEY (`id`),
  KEY `user_vendorimagedata_vendor_id_8a4f1ed6_fk_user_vendordata_id` (`vendor_id`),
  CONSTRAINT `user_vendorimagedata_vendor_id_8a4f1ed6_fk_user_vendordata_id` FOREIGN KEY (`vendor_id`) REFERENCES `user_vendordata` (`id`) ON DELETE RESTRICT ON UPDATE RESTRICT
) ENGINE=InnoDB AUTO_INCREMENT=44 DEFAULT CHARSET=latin1;
/*!40101 SET character_set_client = @saved_cs_client */;

--
-- Dumping data for table `user_vendorimagedata`
--

LOCK TABLES `user_vendorimagedata` WRITE;
/*!40000 ALTER TABLE `user_vendorimagedata` DISABLE KEYS */;
INSERT INTO `user_vendorimagedata` VALUES (37,'3c1a1e6cc3d5bd0921172bb9b2ebc2ba.jpeg','2021-05-31 11:13:54.481355','2021-05-31 11:13:54.481396',21),(38,'7396353275a600f6e552388db3a1f7ef.jpeg','2021-05-31 11:13:54.483632','2021-05-31 11:13:54.483671',21),(39,'meat.jpeg','2021-05-31 11:13:54.486716','2021-05-31 11:13:54.486771',21),(40,'Shop1_TZ4PD1x.jpeg','2021-05-31 18:39:15.586416','2021-05-31 18:39:15.586455',22),(41,'Shop2.jpeg','2021-05-31 18:39:15.590594','2021-05-31 18:39:15.590636',22),(42,'Marinated.jpeg','2021-05-31 18:39:15.593457','2021-05-31 18:39:15.593531',22),(43,'Meat.jpeg','2021-05-31 18:39:15.595730','2021-05-31 18:39:15.595770',22);
/*!40000 ALTER TABLE `user_vendorimagedata` ENABLE KEYS */;
UNLOCK TABLES;
/*!40103 SET TIME_ZONE=@OLD_TIME_ZONE */;

/*!40101 SET SQL_MODE=@OLD_SQL_MODE */;
/*!40014 SET FOREIGN_KEY_CHECKS=@OLD_FOREIGN_KEY_CHECKS */;
/*!40014 SET UNIQUE_CHECKS=@OLD_UNIQUE_CHECKS */;
/*!40101 SET CHARACTER_SET_CLIENT=@OLD_CHARACTER_SET_CLIENT */;
/*!40101 SET CHARACTER_SET_RESULTS=@OLD_CHARACTER_SET_RESULTS */;
/*!40101 SET COLLATION_CONNECTION=@OLD_COLLATION_CONNECTION */;
/*!40111 SET SQL_NOTES=@OLD_SQL_NOTES */;

-- Dump completed on 2021-12-09 10:19:49
